2026-07-16T13:22:52: (node:1403237) [MONGOOSE] Warning: Duplicate schema index on {"domain":1} found. This is often due to declaring an index using both "index: true" and "schema.index()". Please remove the duplicate index definition.
(Use `node --trace-warnings ...` to show where the warning was created)
2026-07-16T13:22:59: ValidationError: The 'X-Forwarded-For' header is set but the Express 'trust proxy' setting is false (default). This could indicate a misconfiguration which would prevent express-rate-limit from accurately identifying users. See https://express-rate-limit.github.io/ERR_ERL_UNEXPECTED_X_FORWARDED_FOR/ for more information.
    at Object.xForwardedForHeader (file:///root/v6/backend-node/node_modules/express-rate-limit/dist/index.mjs:352:13)
    at wrappedValidations.<computed> [as xForwardedForHeader] (file:///root/v6/backend-node/node_modules/express-rate-limit/dist/index.mjs:675:22)
    at Object.keyGenerator (file:///root/v6/backend-node/node_modules/express-rate-limit/dist/index.mjs:782:20)
    at file:///root/v6/backend-node/node_modules/express-rate-limit/dist/index.mjs:864:32
    at process.processTicksAndRejections (node:internal/process/task_queues:103:5)
    at async file:///root/v6/backend-node/node_modules/express-rate-limit/dist/index.mjs:825:5 {
  code: 'ERR_ERL_UNEXPECTED_X_FORWARDED_FOR',
  help: 'https://express-rate-limit.github.io/ERR_ERL_UNEXPECTED_X_FORWARDED_FOR/'
}
2026-07-16T13:24:45: (node:1404112) [MONGOOSE] Warning: Duplicate schema index on {"domain":1} found. This is often due to declaring an index using both "index: true" and "schema.index()". Please remove the duplicate index definition.
(Use `node --trace-warnings ...` to show where the warning was created)
2026-07-16T13:24:52: ValidationError: The 'X-Forwarded-For' header is set but the Express 'trust proxy' setting is false (default). This could indicate a misconfiguration which would prevent express-rate-limit from accurately identifying users. See https://express-rate-limit.github.io/ERR_ERL_UNEXPECTED_X_FORWARDED_FOR/ for more information.
    at Object.xForwardedForHeader (file:///root/v6/backend-node/node_modules/express-rate-limit/dist/index.mjs:352:13)
    at wrappedValidations.<computed> [as xForwardedForHeader] (file:///root/v6/backend-node/node_modules/express-rate-limit/dist/index.mjs:675:22)
    at Object.keyGenerator (file:///root/v6/backend-node/node_modules/express-rate-limit/dist/index.mjs:782:20)
    at file:///root/v6/backend-node/node_modules/express-rate-limit/dist/index.mjs:864:32
    at process.processTicksAndRejections (node:internal/process/task_queues:103:5)
    at async file:///root/v6/backend-node/node_modules/express-rate-limit/dist/index.mjs:825:5 {
  code: 'ERR_ERL_UNEXPECTED_X_FORWARDED_FOR',
  help: 'https://express-rate-limit.github.io/ERR_ERL_UNEXPECTED_X_FORWARDED_FOR/'
}
2026-07-16T13:26:19: (node:1404723) [MONGOOSE] Warning: Duplicate schema index on {"domain":1} found. This is often due to declaring an index using both "index: true" and "schema.index()". Please remove the duplicate index definition.
(Use `node --trace-warnings ...` to show where the warning was created)
2026-07-16T13:26:26: ValidationError: The 'X-Forwarded-For' header is set but the Express 'trust proxy' setting is false (default). This could indicate a misconfiguration which would prevent express-rate-limit from accurately identifying users. See https://express-rate-limit.github.io/ERR_ERL_UNEXPECTED_X_FORWARDED_FOR/ for more information.
    at Object.xForwardedForHeader (file:///root/v6/backend-node/node_modules/express-rate-limit/dist/index.mjs:352:13)
    at wrappedValidations.<computed> [as xForwardedForHeader] (file:///root/v6/backend-node/node_modules/express-rate-limit/dist/index.mjs:675:22)
    at Object.keyGenerator (file:///root/v6/backend-node/node_modules/express-rate-limit/dist/index.mjs:782:20)
    at file:///root/v6/backend-node/node_modules/express-rate-limit/dist/index.mjs:864:32
    at process.processTicksAndRejections (node:internal/process/task_queues:103:5)
    at async file:///root/v6/backend-node/node_modules/express-rate-limit/dist/index.mjs:825:5 {
  code: 'ERR_ERL_UNEXPECTED_X_FORWARDED_FOR',
  help: 'https://express-rate-limit.github.io/ERR_ERL_UNEXPECTED_X_FORWARDED_FOR/'
}
2026-07-16T13:26:58: (node:1405150) [MONGOOSE] Warning: Duplicate schema index on {"domain":1} found. This is often due to declaring an index using both "index: true" and "schema.index()". Please remove the duplicate index definition.
(Use `node --trace-warnings ...` to show where the warning was created)
2026-07-16T13:27:05: ValidationError: The 'X-Forwarded-For' header is set but the Express 'trust proxy' setting is false (default). This could indicate a misconfiguration which would prevent express-rate-limit from accurately identifying users. See https://express-rate-limit.github.io/ERR_ERL_UNEXPECTED_X_FORWARDED_FOR/ for more information.
    at Object.xForwardedForHeader (file:///root/v6/backend-node/node_modules/express-rate-limit/dist/index.mjs:352:13)
    at wrappedValidations.<computed> [as xForwardedForHeader] (file:///root/v6/backend-node/node_modules/express-rate-limit/dist/index.mjs:675:22)
    at Object.keyGenerator (file:///root/v6/backend-node/node_modules/express-rate-limit/dist/index.mjs:782:20)
    at file:///root/v6/backend-node/node_modules/express-rate-limit/dist/index.mjs:864:32
    at process.processTicksAndRejections (node:internal/process/task_queues:103:5)
    at async file:///root/v6/backend-node/node_modules/express-rate-limit/dist/index.mjs:825:5 {
  code: 'ERR_ERL_UNEXPECTED_X_FORWARDED_FOR',
  help: 'https://express-rate-limit.github.io/ERR_ERL_UNEXPECTED_X_FORWARDED_FOR/'
}
2026-07-16T13:28:59: (node:1405924) [MONGOOSE] Warning: Duplicate schema index on {"domain":1} found. This is often due to declaring an index using both "index: true" and "schema.index()". Please remove the duplicate index definition.
(Use `node --trace-warnings ...` to show where the warning was created)
2026-07-16T13:29:25: (node:1406306) [MONGOOSE] Warning: Duplicate schema index on {"domain":1} found. This is often due to declaring an index using both "index: true" and "schema.index()". Please remove the duplicate index definition.
(Use `node --trace-warnings ...` to show where the warning was created)
2026-07-16T13:29:32: ValidationError: The 'X-Forwarded-For' header is set but the Express 'trust proxy' setting is false (default). This could indicate a misconfiguration which would prevent express-rate-limit from accurately identifying users. See https://express-rate-limit.github.io/ERR_ERL_UNEXPECTED_X_FORWARDED_FOR/ for more information.
    at Object.xForwardedForHeader (file:///root/v6/backend-node/node_modules/express-rate-limit/dist/index.mjs:352:13)
    at wrappedValidations.<computed> [as xForwardedForHeader] (file:///root/v6/backend-node/node_modules/express-rate-limit/dist/index.mjs:675:22)
    at Object.keyGenerator (file:///root/v6/backend-node/node_modules/express-rate-limit/dist/index.mjs:782:20)
    at file:///root/v6/backend-node/node_modules/express-rate-limit/dist/index.mjs:864:32
    at process.processTicksAndRejections (node:internal/process/task_queues:103:5)
    at async file:///root/v6/backend-node/node_modules/express-rate-limit/dist/index.mjs:825:5 {
  code: 'ERR_ERL_UNEXPECTED_X_FORWARDED_FOR',
  help: 'https://express-rate-limit.github.io/ERR_ERL_UNEXPECTED_X_FORWARDED_FOR/'
}
2026-07-16T13:31:21: (node:1406892) [MONGOOSE] Warning: Duplicate schema index on {"domain":1} found. This is often due to declaring an index using both "index: true" and "schema.index()". Please remove the duplicate index definition.
(Use `node --trace-warnings ...` to show where the warning was created)
2026-07-16T13:32:32: (node:1407625) [MONGOOSE] Warning: Duplicate schema index on {"domain":1} found. This is often due to declaring an index using both "index: true" and "schema.index()". Please remove the duplicate index definition.
(Use `node --trace-warnings ...` to show where the warning was created)
2026-07-16T13:32:34: (node:1407805) [MONGOOSE] Warning: Duplicate schema index on {"domain":1} found. This is often due to declaring an index using both "index: true" and "schema.index()". Please remove the duplicate index definition.
(Use `node --trace-warnings ...` to show where the warning was created)
2026-07-16T13:34:18: (node:1408518) [MONGOOSE] Warning: Duplicate schema index on {"domain":1} found. This is often due to declaring an index using both "index: true" and "schema.index()". Please remove the duplicate index definition.
(Use `node --trace-warnings ...` to show where the warning was created)
2026-07-16T13:36:19: (node:1409149) [MONGOOSE] Warning: Duplicate schema index on {"domain":1} found. This is often due to declaring an index using both "index: true" and "schema.index()". Please remove the duplicate index definition.
(Use `node --trace-warnings ...` to show where the warning was created)
2026-07-16T13:37:41: (node:1409705) [MONGOOSE] Warning: Duplicate schema index on {"domain":1} found. This is often due to declaring an index using both "index: true" and "schema.index()". Please remove the duplicate index definition.
(Use `node --trace-warnings ...` to show where the warning was created)
2026-07-16T13:37:47: ValidationError: The 'X-Forwarded-For' header is set but the Express 'trust proxy' setting is false (default). This could indicate a misconfiguration which would prevent express-rate-limit from accurately identifying users. See https://express-rate-limit.github.io/ERR_ERL_UNEXPECTED_X_FORWARDED_FOR/ for more information.
    at Object.xForwardedForHeader (file:///root/v6/backend-node/node_modules/express-rate-limit/dist/index.mjs:352:13)
    at wrappedValidations.<computed> [as xForwardedForHeader] (file:///root/v6/backend-node/node_modules/express-rate-limit/dist/index.mjs:675:22)
    at Object.keyGenerator (file:///root/v6/backend-node/node_modules/express-rate-limit/dist/index.mjs:782:20)
    at file:///root/v6/backend-node/node_modules/express-rate-limit/dist/index.mjs:864:32
    at process.processTicksAndRejections (node:internal/process/task_queues:103:5)
    at async file:///root/v6/backend-node/node_modules/express-rate-limit/dist/index.mjs:825:5 {
  code: 'ERR_ERL_UNEXPECTED_X_FORWARDED_FOR',
  help: 'https://express-rate-limit.github.io/ERR_ERL_UNEXPECTED_X_FORWARDED_FOR/'
}
2026-07-16T13:40:00: (node:1410436) [MONGOOSE] Warning: Duplicate schema index on {"domain":1} found. This is often due to declaring an index using both "index: true" and "schema.index()". Please remove the duplicate index definition.
(Use `node --trace-warnings ...` to show where the warning was created)
2026-07-16T13:40:07: ValidationError: The 'X-Forwarded-For' header is set but the Express 'trust proxy' setting is false (default). This could indicate a misconfiguration which would prevent express-rate-limit from accurately identifying users. See https://express-rate-limit.github.io/ERR_ERL_UNEXPECTED_X_FORWARDED_FOR/ for more information.
    at Object.xForwardedForHeader (file:///root/v6/backend-node/node_modules/express-rate-limit/dist/index.mjs:352:13)
    at wrappedValidations.<computed> [as xForwardedForHeader] (file:///root/v6/backend-node/node_modules/express-rate-limit/dist/index.mjs:675:22)
    at Object.keyGenerator (file:///root/v6/backend-node/node_modules/express-rate-limit/dist/index.mjs:782:20)
    at file:///root/v6/backend-node/node_modules/express-rate-limit/dist/index.mjs:864:32
    at process.processTicksAndRejections (node:internal/process/task_queues:103:5)
    at async file:///root/v6/backend-node/node_modules/express-rate-limit/dist/index.mjs:825:5 {
  code: 'ERR_ERL_UNEXPECTED_X_FORWARDED_FOR',
  help: 'https://express-rate-limit.github.io/ERR_ERL_UNEXPECTED_X_FORWARDED_FOR/'
}
2026-07-16T13:42:18: (node:1411154) [MONGOOSE] Warning: Duplicate schema index on {"domain":1} found. This is often due to declaring an index using both "index: true" and "schema.index()". Please remove the duplicate index definition.
(Use `node --trace-warnings ...` to show where the warning was created)
2026-07-16T13:42:25: ValidationError: The 'X-Forwarded-For' header is set but the Express 'trust proxy' setting is false (default). This could indicate a misconfiguration which would prevent express-rate-limit from accurately identifying users. See https://express-rate-limit.github.io/ERR_ERL_UNEXPECTED_X_FORWARDED_FOR/ for more information.
    at Object.xForwardedForHeader (file:///root/v6/backend-node/node_modules/express-rate-limit/dist/index.mjs:352:13)
    at wrappedValidations.<computed> [as xForwardedForHeader] (file:///root/v6/backend-node/node_modules/express-rate-limit/dist/index.mjs:675:22)
    at Object.keyGenerator (file:///root/v6/backend-node/node_modules/express-rate-limit/dist/index.mjs:782:20)
    at file:///root/v6/backend-node/node_modules/express-rate-limit/dist/index.mjs:864:32
    at process.processTicksAndRejections (node:internal/process/task_queues:103:5)
    at async file:///root/v6/backend-node/node_modules/express-rate-limit/dist/index.mjs:825:5 {
  code: 'ERR_ERL_UNEXPECTED_X_FORWARDED_FOR',
  help: 'https://express-rate-limit.github.io/ERR_ERL_UNEXPECTED_X_FORWARDED_FOR/'
}
2026-07-16T13:43:05: (node:1411606) [MONGOOSE] Warning: Duplicate schema index on {"domain":1} found. This is often due to declaring an index using both "index: true" and "schema.index()". Please remove the duplicate index definition.
(Use `node --trace-warnings ...` to show where the warning was created)
2026-07-16T13:43:46: (node:1411973) [MONGOOSE] Warning: Duplicate schema index on {"domain":1} found. This is often due to declaring an index using both "index: true" and "schema.index()". Please remove the duplicate index definition.
(Use `node --trace-warnings ...` to show where the warning was created)
2026-07-16T13:43:53: ValidationError: The 'X-Forwarded-For' header is set but the Express 'trust proxy' setting is false (default). This could indicate a misconfiguration which would prevent express-rate-limit from accurately identifying users. See https://express-rate-limit.github.io/ERR_ERL_UNEXPECTED_X_FORWARDED_FOR/ for more information.
    at Object.xForwardedForHeader (file:///root/v6/backend-node/node_modules/express-rate-limit/dist/index.mjs:352:13)
    at wrappedValidations.<computed> [as xForwardedForHeader] (file:///root/v6/backend-node/node_modules/express-rate-limit/dist/index.mjs:675:22)
    at Object.keyGenerator (file:///root/v6/backend-node/node_modules/express-rate-limit/dist/index.mjs:782:20)
    at file:///root/v6/backend-node/node_modules/express-rate-limit/dist/index.mjs:864:32
    at process.processTicksAndRejections (node:internal/process/task_queues:103:5)
    at async file:///root/v6/backend-node/node_modules/express-rate-limit/dist/index.mjs:825:5 {
  code: 'ERR_ERL_UNEXPECTED_X_FORWARDED_FOR',
  help: 'https://express-rate-limit.github.io/ERR_ERL_UNEXPECTED_X_FORWARDED_FOR/'
}
2026-07-16T13:45:32: (node:1412787) [MONGOOSE] Warning: Duplicate schema index on {"domain":1} found. This is often due to declaring an index using both "index: true" and "schema.index()". Please remove the duplicate index definition.
(Use `node --trace-warnings ...` to show where the warning was created)
2026-07-16T13:47:06: (node:1413535) [MONGOOSE] Warning: Duplicate schema index on {"domain":1} found. This is often due to declaring an index using both "index: true" and "schema.index()". Please remove the duplicate index definition.
(Use `node --trace-warnings ...` to show where the warning was created)
2026-07-16T13:47:35: (node:1413931) [MONGOOSE] Warning: Duplicate schema index on {"domain":1} found. This is often due to declaring an index using both "index: true" and "schema.index()". Please remove the duplicate index definition.
(Use `node --trace-warnings ...` to show where the warning was created)
2026-07-16T13:47:42: ValidationError: The 'X-Forwarded-For' header is set but the Express 'trust proxy' setting is false (default). This could indicate a misconfiguration which would prevent express-rate-limit from accurately identifying users. See https://express-rate-limit.github.io/ERR_ERL_UNEXPECTED_X_FORWARDED_FOR/ for more information.
    at Object.xForwardedForHeader (file:///root/v6/backend-node/node_modules/express-rate-limit/dist/index.mjs:352:13)
    at wrappedValidations.<computed> [as xForwardedForHeader] (file:///root/v6/backend-node/node_modules/express-rate-limit/dist/index.mjs:675:22)
    at Object.keyGenerator (file:///root/v6/backend-node/node_modules/express-rate-limit/dist/index.mjs:782:20)
    at file:///root/v6/backend-node/node_modules/express-rate-limit/dist/index.mjs:864:32
    at process.processTicksAndRejections (node:internal/process/task_queues:103:5)
    at async file:///root/v6/backend-node/node_modules/express-rate-limit/dist/index.mjs:825:5 {
  code: 'ERR_ERL_UNEXPECTED_X_FORWARDED_FOR',
  help: 'https://express-rate-limit.github.io/ERR_ERL_UNEXPECTED_X_FORWARDED_FOR/'
}
2026-07-16T13:50:04: (node:1414695) [MONGOOSE] Warning: Duplicate schema index on {"domain":1} found. This is often due to declaring an index using both "index: true" and "schema.index()". Please remove the duplicate index definition.
(Use `node --trace-warnings ...` to show where the warning was created)
2026-07-16T13:50:10: ValidationError: The 'X-Forwarded-For' header is set but the Express 'trust proxy' setting is false (default). This could indicate a misconfiguration which would prevent express-rate-limit from accurately identifying users. See https://express-rate-limit.github.io/ERR_ERL_UNEXPECTED_X_FORWARDED_FOR/ for more information.
    at Object.xForwardedForHeader (file:///root/v6/backend-node/node_modules/express-rate-limit/dist/index.mjs:352:13)
    at wrappedValidations.<computed> [as xForwardedForHeader] (file:///root/v6/backend-node/node_modules/express-rate-limit/dist/index.mjs:675:22)
    at Object.keyGenerator (file:///root/v6/backend-node/node_modules/express-rate-limit/dist/index.mjs:782:20)
    at file:///root/v6/backend-node/node_modules/express-rate-limit/dist/index.mjs:864:32
    at process.processTicksAndRejections (node:internal/process/task_queues:103:5)
    at async file:///root/v6/backend-node/node_modules/express-rate-limit/dist/index.mjs:825:5 {
  code: 'ERR_ERL_UNEXPECTED_X_FORWARDED_FOR',
  help: 'https://express-rate-limit.github.io/ERR_ERL_UNEXPECTED_X_FORWARDED_FOR/'
}
2026-07-16T13:50:16: (node:1415005) [MONGOOSE] Warning: Duplicate schema index on {"domain":1} found. This is often due to declaring an index using both "index: true" and "schema.index()". Please remove the duplicate index definition.
(Use `node --trace-warnings ...` to show where the warning was created)
2026-07-16T13:53:25: (node:1416019) [MONGOOSE] Warning: Duplicate schema index on {"domain":1} found. This is often due to declaring an index using both "index: true" and "schema.index()". Please remove the duplicate index definition.
(Use `node --trace-warnings ...` to show where the warning was created)
2026-07-16T13:53:31: ValidationError: The 'X-Forwarded-For' header is set but the Express 'trust proxy' setting is false (default). This could indicate a misconfiguration which would prevent express-rate-limit from accurately identifying users. See https://express-rate-limit.github.io/ERR_ERL_UNEXPECTED_X_FORWARDED_FOR/ for more information.
    at Object.xForwardedForHeader (file:///root/v6/backend-node/node_modules/express-rate-limit/dist/index.mjs:352:13)
    at wrappedValidations.<computed> [as xForwardedForHeader] (file:///root/v6/backend-node/node_modules/express-rate-limit/dist/index.mjs:675:22)
    at Object.keyGenerator (file:///root/v6/backend-node/node_modules/express-rate-limit/dist/index.mjs:782:20)
    at file:///root/v6/backend-node/node_modules/express-rate-limit/dist/index.mjs:864:32
    at process.processTicksAndRejections (node:internal/process/task_queues:103:5)
    at async file:///root/v6/backend-node/node_modules/express-rate-limit/dist/index.mjs:825:5 {
  code: 'ERR_ERL_UNEXPECTED_X_FORWARDED_FOR',
  help: 'https://express-rate-limit.github.io/ERR_ERL_UNEXPECTED_X_FORWARDED_FOR/'
}
2026-07-16T13:55:09: (node:1416760) [MONGOOSE] Warning: Duplicate schema index on {"domain":1} found. This is often due to declaring an index using both "index: true" and "schema.index()". Please remove the duplicate index definition.
(Use `node --trace-warnings ...` to show where the warning was created)
2026-07-16T13:55:17: ValidationError: The 'X-Forwarded-For' header is set but the Express 'trust proxy' setting is false (default). This could indicate a misconfiguration which would prevent express-rate-limit from accurately identifying users. See https://express-rate-limit.github.io/ERR_ERL_UNEXPECTED_X_FORWARDED_FOR/ for more information.
    at Object.xForwardedForHeader (file:///root/v6/backend-node/node_modules/express-rate-limit/dist/index.mjs:352:13)
    at wrappedValidations.<computed> [as xForwardedForHeader] (file:///root/v6/backend-node/node_modules/express-rate-limit/dist/index.mjs:675:22)
    at Object.keyGenerator (file:///root/v6/backend-node/node_modules/express-rate-limit/dist/index.mjs:782:20)
    at file:///root/v6/backend-node/node_modules/express-rate-limit/dist/index.mjs:864:32
    at process.processTicksAndRejections (node:internal/process/task_queues:103:5)
    at async file:///root/v6/backend-node/node_modules/express-rate-limit/dist/index.mjs:825:5 {
  code: 'ERR_ERL_UNEXPECTED_X_FORWARDED_FOR',
  help: 'https://express-rate-limit.github.io/ERR_ERL_UNEXPECTED_X_FORWARDED_FOR/'
}
2026-07-16T13:55:43: (node:1417166) [MONGOOSE] Warning: Duplicate schema index on {"domain":1} found. This is often due to declaring an index using both "index: true" and "schema.index()". Please remove the duplicate index definition.
(Use `node --trace-warnings ...` to show where the warning was created)
2026-07-16T13:55:50: ValidationError: The 'X-Forwarded-For' header is set but the Express 'trust proxy' setting is false (default). This could indicate a misconfiguration which would prevent express-rate-limit from accurately identifying users. See https://express-rate-limit.github.io/ERR_ERL_UNEXPECTED_X_FORWARDED_FOR/ for more information.
    at Object.xForwardedForHeader (file:///root/v6/backend-node/node_modules/express-rate-limit/dist/index.mjs:352:13)
    at wrappedValidations.<computed> [as xForwardedForHeader] (file:///root/v6/backend-node/node_modules/express-rate-limit/dist/index.mjs:675:22)
    at Object.keyGenerator (file:///root/v6/backend-node/node_modules/express-rate-limit/dist/index.mjs:782:20)
    at file:///root/v6/backend-node/node_modules/express-rate-limit/dist/index.mjs:864:32
    at process.processTicksAndRejections (node:internal/process/task_queues:103:5)
    at async file:///root/v6/backend-node/node_modules/express-rate-limit/dist/index.mjs:825:5 {
  code: 'ERR_ERL_UNEXPECTED_X_FORWARDED_FOR',
  help: 'https://express-rate-limit.github.io/ERR_ERL_UNEXPECTED_X_FORWARDED_FOR/'
}
2026-07-16T13:58:29: (node:1418035) [MONGOOSE] Warning: Duplicate schema index on {"domain":1} found. This is often due to declaring an index using both "index: true" and "schema.index()". Please remove the duplicate index definition.
(Use `node --trace-warnings ...` to show where the warning was created)
2026-07-16T13:58:36: ValidationError: The 'X-Forwarded-For' header is set but the Express 'trust proxy' setting is false (default). This could indicate a misconfiguration which would prevent express-rate-limit from accurately identifying users. See https://express-rate-limit.github.io/ERR_ERL_UNEXPECTED_X_FORWARDED_FOR/ for more information.
    at Object.xForwardedForHeader (file:///root/v6/backend-node/node_modules/express-rate-limit/dist/index.mjs:352:13)
    at wrappedValidations.<computed> [as xForwardedForHeader] (file:///root/v6/backend-node/node_modules/express-rate-limit/dist/index.mjs:675:22)
    at Object.keyGenerator (file:///root/v6/backend-node/node_modules/express-rate-limit/dist/index.mjs:782:20)
    at file:///root/v6/backend-node/node_modules/express-rate-limit/dist/index.mjs:864:32
    at process.processTicksAndRejections (node:internal/process/task_queues:103:5)
    at async file:///root/v6/backend-node/node_modules/express-rate-limit/dist/index.mjs:825:5 {
  code: 'ERR_ERL_UNEXPECTED_X_FORWARDED_FOR',
  help: 'https://express-rate-limit.github.io/ERR_ERL_UNEXPECTED_X_FORWARDED_FOR/'
}
2026-07-16T14:00:06: (node:1418721) [MONGOOSE] Warning: Duplicate schema index on {"domain":1} found. This is often due to declaring an index using both "index: true" and "schema.index()". Please remove the duplicate index definition.
(Use `node --trace-warnings ...` to show where the warning was created)
2026-07-16T14:00:12: ValidationError: The 'X-Forwarded-For' header is set but the Express 'trust proxy' setting is false (default). This could indicate a misconfiguration which would prevent express-rate-limit from accurately identifying users. See https://express-rate-limit.github.io/ERR_ERL_UNEXPECTED_X_FORWARDED_FOR/ for more information.
    at Object.xForwardedForHeader (file:///root/v6/backend-node/node_modules/express-rate-limit/dist/index.mjs:352:13)
    at wrappedValidations.<computed> [as xForwardedForHeader] (file:///root/v6/backend-node/node_modules/express-rate-limit/dist/index.mjs:675:22)
    at Object.keyGenerator (file:///root/v6/backend-node/node_modules/express-rate-limit/dist/index.mjs:782:20)
    at file:///root/v6/backend-node/node_modules/express-rate-limit/dist/index.mjs:864:32
    at process.processTicksAndRejections (node:internal/process/task_queues:103:5)
    at async file:///root/v6/backend-node/node_modules/express-rate-limit/dist/index.mjs:825:5 {
  code: 'ERR_ERL_UNEXPECTED_X_FORWARDED_FOR',
  help: 'https://express-rate-limit.github.io/ERR_ERL_UNEXPECTED_X_FORWARDED_FOR/'
}
2026-07-16T14:01:41: (node:1419410) [MONGOOSE] Warning: Duplicate schema index on {"domain":1} found. This is often due to declaring an index using both "index: true" and "schema.index()". Please remove the duplicate index definition.
(Use `node --trace-warnings ...` to show where the warning was created)
2026-07-16T14:01:48: ValidationError: The 'X-Forwarded-For' header is set but the Express 'trust proxy' setting is false (default). This could indicate a misconfiguration which would prevent express-rate-limit from accurately identifying users. See https://express-rate-limit.github.io/ERR_ERL_UNEXPECTED_X_FORWARDED_FOR/ for more information.
    at Object.xForwardedForHeader (file:///root/v6/backend-node/node_modules/express-rate-limit/dist/index.mjs:352:13)
    at wrappedValidations.<computed> [as xForwardedForHeader] (file:///root/v6/backend-node/node_modules/express-rate-limit/dist/index.mjs:675:22)
    at Object.keyGenerator (file:///root/v6/backend-node/node_modules/express-rate-limit/dist/index.mjs:782:20)
    at file:///root/v6/backend-node/node_modules/express-rate-limit/dist/index.mjs:864:32
    at process.processTicksAndRejections (node:internal/process/task_queues:103:5)
    at async file:///root/v6/backend-node/node_modules/express-rate-limit/dist/index.mjs:825:5 {
  code: 'ERR_ERL_UNEXPECTED_X_FORWARDED_FOR',
  help: 'https://express-rate-limit.github.io/ERR_ERL_UNEXPECTED_X_FORWARDED_FOR/'
}
2026-07-16T14:01:53: (node:1419603) [MONGOOSE] Warning: Duplicate schema index on {"domain":1} found. This is often due to declaring an index using both "index: true" and "schema.index()". Please remove the duplicate index definition.
(Use `node --trace-warnings ...` to show where the warning was created)
2026-07-16T14:05:41: (node:1420947) [MONGOOSE] Warning: Duplicate schema index on {"domain":1} found. This is often due to declaring an index using both "index: true" and "schema.index()". Please remove the duplicate index definition.
(Use `node --trace-warnings ...` to show where the warning was created)
2026-07-16T14:06:13: (node:1421242) [MONGOOSE] Warning: Duplicate schema index on {"domain":1} found. This is often due to declaring an index using both "index: true" and "schema.index()". Please remove the duplicate index definition.
(Use `node --trace-warnings ...` to show where the warning was created)
2026-07-16T14:06:20: ValidationError: The 'X-Forwarded-For' header is set but the Express 'trust proxy' setting is false (default). This could indicate a misconfiguration which would prevent express-rate-limit from accurately identifying users. See https://express-rate-limit.github.io/ERR_ERL_UNEXPECTED_X_FORWARDED_FOR/ for more information.
    at Object.xForwardedForHeader (file:///root/v6/backend-node/node_modules/express-rate-limit/dist/index.mjs:352:13)
    at wrappedValidations.<computed> [as xForwardedForHeader] (file:///root/v6/backend-node/node_modules/express-rate-limit/dist/index.mjs:675:22)
    at Object.keyGenerator (file:///root/v6/backend-node/node_modules/express-rate-limit/dist/index.mjs:782:20)
    at file:///root/v6/backend-node/node_modules/express-rate-limit/dist/index.mjs:864:32
    at process.processTicksAndRejections (node:internal/process/task_queues:103:5)
    at async file:///root/v6/backend-node/node_modules/express-rate-limit/dist/index.mjs:825:5 {
  code: 'ERR_ERL_UNEXPECTED_X_FORWARDED_FOR',
  help: 'https://express-rate-limit.github.io/ERR_ERL_UNEXPECTED_X_FORWARDED_FOR/'
}
2026-07-16T14:07:32: (node:1421722) [MONGOOSE] Warning: Duplicate schema index on {"domain":1} found. This is often due to declaring an index using both "index: true" and "schema.index()". Please remove the duplicate index definition.
(Use `node --trace-warnings ...` to show where the warning was created)
2026-07-16T14:07:46: (node:1422022) [MONGOOSE] Warning: Duplicate schema index on {"domain":1} found. This is often due to declaring an index using both "index: true" and "schema.index()". Please remove the duplicate index definition.
(Use `node --trace-warnings ...` to show where the warning was created)
2026-07-16T14:07:53: ValidationError: The 'X-Forwarded-For' header is set but the Express 'trust proxy' setting is false (default). This could indicate a misconfiguration which would prevent express-rate-limit from accurately identifying users. See https://express-rate-limit.github.io/ERR_ERL_UNEXPECTED_X_FORWARDED_FOR/ for more information.
    at Object.xForwardedForHeader (file:///root/v6/backend-node/node_modules/express-rate-limit/dist/index.mjs:352:13)
    at wrappedValidations.<computed> [as xForwardedForHeader] (file:///root/v6/backend-node/node_modules/express-rate-limit/dist/index.mjs:675:22)
    at Object.keyGenerator (file:///root/v6/backend-node/node_modules/express-rate-limit/dist/index.mjs:782:20)
    at file:///root/v6/backend-node/node_modules/express-rate-limit/dist/index.mjs:864:32
    at process.processTicksAndRejections (node:internal/process/task_queues:103:5)
    at async file:///root/v6/backend-node/node_modules/express-rate-limit/dist/index.mjs:825:5 {
  code: 'ERR_ERL_UNEXPECTED_X_FORWARDED_FOR',
  help: 'https://express-rate-limit.github.io/ERR_ERL_UNEXPECTED_X_FORWARDED_FOR/'
}
2026-07-16T14:08:35: (node:1422418) [MONGOOSE] Warning: Duplicate schema index on {"domain":1} found. This is often due to declaring an index using both "index: true" and "schema.index()". Please remove the duplicate index definition.
(Use `node --trace-warnings ...` to show where the warning was created)
2026-07-16T14:11:48: (node:1423571) [MONGOOSE] Warning: Duplicate schema index on {"domain":1} found. This is often due to declaring an index using both "index: true" and "schema.index()". Please remove the duplicate index definition.
(Use `node --trace-warnings ...` to show where the warning was created)
2026-07-16T14:11:57: ValidationError: The 'X-Forwarded-For' header is set but the Express 'trust proxy' setting is false (default). This could indicate a misconfiguration which would prevent express-rate-limit from accurately identifying users. See https://express-rate-limit.github.io/ERR_ERL_UNEXPECTED_X_FORWARDED_FOR/ for more information.
    at Object.xForwardedForHeader (file:///root/v6/backend-node/node_modules/express-rate-limit/dist/index.mjs:352:13)
    at wrappedValidations.<computed> [as xForwardedForHeader] (file:///root/v6/backend-node/node_modules/express-rate-limit/dist/index.mjs:675:22)
    at Object.keyGenerator (file:///root/v6/backend-node/node_modules/express-rate-limit/dist/index.mjs:782:20)
    at file:///root/v6/backend-node/node_modules/express-rate-limit/dist/index.mjs:864:32
    at process.processTicksAndRejections (node:internal/process/task_queues:103:5)
    at async file:///root/v6/backend-node/node_modules/express-rate-limit/dist/index.mjs:825:5 {
  code: 'ERR_ERL_UNEXPECTED_X_FORWARDED_FOR',
  help: 'https://express-rate-limit.github.io/ERR_ERL_UNEXPECTED_X_FORWARDED_FOR/'
}
2026-07-16T14:12:15: (node:1423928) [MONGOOSE] Warning: Duplicate schema index on {"domain":1} found. This is often due to declaring an index using both "index: true" and "schema.index()". Please remove the duplicate index definition.
(Use `node --trace-warnings ...` to show where the warning was created)
2026-07-16T14:12:21: ValidationError: The 'X-Forwarded-For' header is set but the Express 'trust proxy' setting is false (default). This could indicate a misconfiguration which would prevent express-rate-limit from accurately identifying users. See https://express-rate-limit.github.io/ERR_ERL_UNEXPECTED_X_FORWARDED_FOR/ for more information.
    at Object.xForwardedForHeader (file:///root/v6/backend-node/node_modules/express-rate-limit/dist/index.mjs:352:13)
    at wrappedValidations.<computed> [as xForwardedForHeader] (file:///root/v6/backend-node/node_modules/express-rate-limit/dist/index.mjs:675:22)
    at Object.keyGenerator (file:///root/v6/backend-node/node_modules/express-rate-limit/dist/index.mjs:782:20)
    at file:///root/v6/backend-node/node_modules/express-rate-limit/dist/index.mjs:864:32
    at process.processTicksAndRejections (node:internal/process/task_queues:103:5)
    at async file:///root/v6/backend-node/node_modules/express-rate-limit/dist/index.mjs:825:5 {
  code: 'ERR_ERL_UNEXPECTED_X_FORWARDED_FOR',
  help: 'https://express-rate-limit.github.io/ERR_ERL_UNEXPECTED_X_FORWARDED_FOR/'
}
2026-07-16T14:15:20: (node:1424825) [MONGOOSE] Warning: Duplicate schema index on {"domain":1} found. This is often due to declaring an index using both "index: true" and "schema.index()". Please remove the duplicate index definition.
(Use `node --trace-warnings ...` to show where the warning was created)
2026-07-16T14:15:27: ValidationError: The 'X-Forwarded-For' header is set but the Express 'trust proxy' setting is false (default). This could indicate a misconfiguration which would prevent express-rate-limit from accurately identifying users. See https://express-rate-limit.github.io/ERR_ERL_UNEXPECTED_X_FORWARDED_FOR/ for more information.
    at Object.xForwardedForHeader (file:///root/v6/backend-node/node_modules/express-rate-limit/dist/index.mjs:352:13)
    at wrappedValidations.<computed> [as xForwardedForHeader] (file:///root/v6/backend-node/node_modules/express-rate-limit/dist/index.mjs:675:22)
    at Object.keyGenerator (file:///root/v6/backend-node/node_modules/express-rate-limit/dist/index.mjs:782:20)
    at file:///root/v6/backend-node/node_modules/express-rate-limit/dist/index.mjs:864:32
    at process.processTicksAndRejections (node:internal/process/task_queues:103:5)
    at async file:///root/v6/backend-node/node_modules/express-rate-limit/dist/index.mjs:825:5 {
  code: 'ERR_ERL_UNEXPECTED_X_FORWARDED_FOR',
  help: 'https://express-rate-limit.github.io/ERR_ERL_UNEXPECTED_X_FORWARDED_FOR/'
}
2026-07-16T14:22:04: (node:1426512) [MONGOOSE] Warning: Duplicate schema index on {"domain":1} found. This is often due to declaring an index using both "index: true" and "schema.index()". Please remove the duplicate index definition.
(Use `node --trace-warnings ...` to show where the warning was created)
2026-07-16T18:41:21: [ASSISTANT] Ollama error: Request failed with status code 500
2026-07-16T18:41:43: [ASSISTANT] Ollama error: Request failed with status code 500
2026-07-16T18:41:57: [ASSISTANT] Ollama error: Request failed with status code 500
You have triggered an unhandledRejection, you may have forgotten to catch a Promise rejection:
PoolClearedOnNetworkError: Connection to securelab.sytes.net:27017 interrupted due to server monitor timeout
    at ConnectionPool.interruptInUseConnections (/root/v6/backend-node/node_modules/mongodb/src/cmap/connection_pool.ts:487:28)
    at <anonymous> (/root/v6/backend-node/node_modules/mongodb/src/cmap/connection_pool.ts:473:35)
    at process.processTicksAndRejections (node:internal/process/task_queues:84:11)
You have triggered an unhandledRejection, you may have forgotten to catch a Promise rejection:
PoolClearedOnNetworkError: Connection to securelab.sytes.net:27017 interrupted due to server monitor timeout
    at ConnectionPool.interruptInUseConnections (/root/v6/backend-node/node_modules/mongodb/src/cmap/connection_pool.ts:487:28)
    at <anonymous> (/root/v6/backend-node/node_modules/mongodb/src/cmap/connection_pool.ts:473:35)
    at process.processTicksAndRejections (node:internal/process/task_queues:84:11)
2026-07-16T18:57:22: [HealthCheck] Error: Socket 'connect' timed out after 30023ms (connectTimeoutMS: 30000)
You have triggered an unhandledRejection, you may have forgotten to catch a Promise rejection:
MongoServerSelectionError: Socket 'connect' timed out after 30021ms (connectTimeoutMS: 30000)
    at Topology.selectServer (/root/v6/backend-node/node_modules/mongodb/src/sdam/topology.ts:635:30)
    at async tryOperation (/root/v6/backend-node/node_modules/mongodb/src/operations/execute_operation.ts:202:16)
    at async executeOperation (/root/v6/backend-node/node_modules/mongodb/src/operations/execute_operation.ts:119:12)
    at async Collection.updateMany (/root/v6/backend-node/node_modules/mongodb/src/collection.ts:450:12)
    at async model.Query.exec (/root/v6/backend-node/node_modules/mongoose/lib/query.js:4627:63)
    at async Timeout.markStaleAgentsOffline [as _onTimeout] (file:///root/v6/backend-node/routes/agents.js:69:18)
You have triggered an unhandledRejection, you may have forgotten to catch a Promise rejection:
MongoServerSelectionError: Socket 'connect' timed out after 30022ms (connectTimeoutMS: 30000)
    at Topology.selectServer (/root/v6/backend-node/node_modules/mongodb/src/sdam/topology.ts:635:30)
    at async tryOperation (/root/v6/backend-node/node_modules/mongodb/src/operations/execute_operation.ts:202:16)
    at async executeOperation (/root/v6/backend-node/node_modules/mongodb/src/operations/execute_operation.ts:119:12)
    at async FindCursor._initialize (/root/v6/backend-node/node_modules/mongodb/src/cursor/find_cursor.ts:92:22)
    at async FindCursor.cursorInit (/root/v6/backend-node/node_modules/mongodb/src/cursor/abstract_cursor.ts:949:21)
    at async FindCursor.fetchBatch (/root/v6/backend-node/node_modules/mongodb/src/cursor/abstract_cursor.ts:987:7)
    at async FindCursor.next (/root/v6/backend-node/node_modules/mongodb/src/cursor/abstract_cursor.ts:608:9)
    at async Collection.findOne (/root/v6/backend-node/node_modules/mongodb/src/collection.ts:552:20)
    at async model.Query._findOne (/root/v6/backend-node/node_modules/mongoose/lib/query.js:2710:15)
    at async model.Query.exec (/root/v6/backend-node/node_modules/mongoose/lib/query.js:4627:63)
You have triggered an unhandledRejection, you may have forgotten to catch a Promise rejection:
MongoServerSelectionError: Socket 'connect' timed out after 30020ms (connectTimeoutMS: 30000)
    at Topology.selectServer (/root/v6/backend-node/node_modules/mongodb/src/sdam/topology.ts:635:30)
    at async tryOperation (/root/v6/backend-node/node_modules/mongodb/src/operations/execute_operation.ts:202:16)
    at async executeOperation (/root/v6/backend-node/node_modules/mongodb/src/operations/execute_operation.ts:119:12)
    at async Collection.updateMany (/root/v6/backend-node/node_modules/mongodb/src/collection.ts:450:12)
    at async model.Query.exec (/root/v6/backend-node/node_modules/mongoose/lib/query.js:4627:63)
    at async Timeout.markStaleAgentsOffline [as _onTimeout] (file:///root/v6/backend-node/routes/agents.js:69:18)
You have triggered an unhandledRejection, you may have forgotten to catch a Promise rejection:
MongoServerSelectionError: Socket 'connect' timed out after 30020ms (connectTimeoutMS: 30000)
    at Topology.selectServer (/root/v6/backend-node/node_modules/mongodb/src/sdam/topology.ts:635:30)
    at async tryOperation (/root/v6/backend-node/node_modules/mongodb/src/operations/execute_operation.ts:202:16)
    at async executeOperation (/root/v6/backend-node/node_modules/mongodb/src/operations/execute_operation.ts:119:12)
    at async Collection.updateMany (/root/v6/backend-node/node_modules/mongodb/src/collection.ts:450:12)
    at async model.Query.exec (/root/v6/backend-node/node_modules/mongoose/lib/query.js:4627:63)
    at async Timeout.markStaleAgentsOffline [as _onTimeout] (file:///root/v6/backend-node/routes/agents.js:69:18)
2026-07-16T19:02:22: [HealthCheck] Error: Socket 'connect' timed out after 30020ms (connectTimeoutMS: 30000)
You have triggered an unhandledRejection, you may have forgotten to catch a Promise rejection:
MongoServerSelectionError: Socket 'connect' timed out after 30022ms (connectTimeoutMS: 30000)
    at Topology.selectServer (/root/v6/backend-node/node_modules/mongodb/src/sdam/topology.ts:635:30)
    at async tryOperation (/root/v6/backend-node/node_modules/mongodb/src/operations/execute_operation.ts:202:16)
    at async executeOperation (/root/v6/backend-node/node_modules/mongodb/src/operations/execute_operation.ts:119:12)
    at async Collection.updateMany (/root/v6/backend-node/node_modules/mongodb/src/collection.ts:450:12)
    at async model.Query.exec (/root/v6/backend-node/node_modules/mongoose/lib/query.js:4627:63)
    at async Timeout.markStaleAgentsOffline [as _onTimeout] (file:///root/v6/backend-node/routes/agents.js:69:18)
2026-07-16T19:05:09: (node:1479079) [MONGOOSE] Warning: Duplicate schema index on {"domain":1} found. This is often due to declaring an index using both "index: true" and "schema.index()". Please remove the duplicate index definition.
(Use `node --trace-warnings ...` to show where the warning was created)
2026-07-16T19:06:23: ValidationError: The 'X-Forwarded-For' header is set but the Express 'trust proxy' setting is false (default). This could indicate a misconfiguration which would prevent express-rate-limit from accurately identifying users. See https://express-rate-limit.github.io/ERR_ERL_UNEXPECTED_X_FORWARDED_FOR/ for more information.
    at Object.xForwardedForHeader (file:///root/v6/backend-node/node_modules/express-rate-limit/dist/index.mjs:352:13)
    at wrappedValidations.<computed> [as xForwardedForHeader] (file:///root/v6/backend-node/node_modules/express-rate-limit/dist/index.mjs:675:22)
    at Object.keyGenerator (file:///root/v6/backend-node/node_modules/express-rate-limit/dist/index.mjs:782:20)
    at file:///root/v6/backend-node/node_modules/express-rate-limit/dist/index.mjs:864:32
    at process.processTicksAndRejections (node:internal/process/task_queues:103:5)
    at async file:///root/v6/backend-node/node_modules/express-rate-limit/dist/index.mjs:825:5 {
  code: 'ERR_ERL_UNEXPECTED_X_FORWARDED_FOR',
  help: 'https://express-rate-limit.github.io/ERR_ERL_UNEXPECTED_X_FORWARDED_FOR/'
}
2026-07-16T19:39:02: [ASSISTANT] Ollama error: Request failed with status code 500
2026-07-16T20:36:01: ValidationError: The 'X-Forwarded-For' header is set but the Express 'trust proxy' setting is false (default). This could indicate a misconfiguration which would prevent express-rate-limit from accurately identifying users. See https://express-rate-limit.github.io/ERR_ERL_UNEXPECTED_X_FORWARDED_FOR/ for more information.
    at Object.xForwardedForHeader (file:///root/v6/backend-node/node_modules/express-rate-limit/dist/index.mjs:352:13)
    at wrappedValidations.<computed> [as xForwardedForHeader] (file:///root/v6/backend-node/node_modules/express-rate-limit/dist/index.mjs:675:22)
    at Object.keyGenerator (file:///root/v6/backend-node/node_modules/express-rate-limit/dist/index.mjs:782:20)
    at file:///root/v6/backend-node/node_modules/express-rate-limit/dist/index.mjs:864:32
    at process.processTicksAndRejections (node:internal/process/task_queues:103:5)
    at async file:///root/v6/backend-node/node_modules/express-rate-limit/dist/index.mjs:825:5 {
  code: 'ERR_ERL_UNEXPECTED_X_FORWARDED_FOR',
  help: 'https://express-rate-limit.github.io/ERR_ERL_UNEXPECTED_X_FORWARDED_FOR/'
}
2026-07-17T06:21:34: [ERROR] ENOENT: no such file or directory, stat '/root/v6/frontend-react/dist/index.html'
2026-07-17T06:21:35: [ERROR] ENOENT: no such file or directory, stat '/root/v6/frontend-react/dist/index.html'
2026-07-17T06:21:40: (node:1527860) [MONGOOSE] Warning: Duplicate schema index on {"domain":1} found. This is often due to declaring an index using both "index: true" and "schema.index()". Please remove the duplicate index definition.
(Use `node --trace-warnings ...` to show where the warning was created)
2026-07-17T06:21:48: ValidationError: The 'X-Forwarded-For' header is set but the Express 'trust proxy' setting is false (default). This could indicate a misconfiguration which would prevent express-rate-limit from accurately identifying users. See https://express-rate-limit.github.io/ERR_ERL_UNEXPECTED_X_FORWARDED_FOR/ for more information.
    at Object.xForwardedForHeader (file:///root/v6/backend-node/node_modules/express-rate-limit/dist/index.mjs:352:13)
    at wrappedValidations.<computed> [as xForwardedForHeader] (file:///root/v6/backend-node/node_modules/express-rate-limit/dist/index.mjs:675:22)
    at Object.keyGenerator (file:///root/v6/backend-node/node_modules/express-rate-limit/dist/index.mjs:782:20)
    at file:///root/v6/backend-node/node_modules/express-rate-limit/dist/index.mjs:864:32
    at process.processTicksAndRejections (node:internal/process/task_queues:103:5)
    at async file:///root/v6/backend-node/node_modules/express-rate-limit/dist/index.mjs:825:5 {
  code: 'ERR_ERL_UNEXPECTED_X_FORWARDED_FOR',
  help: 'https://express-rate-limit.github.io/ERR_ERL_UNEXPECTED_X_FORWARDED_FOR/'
}
2026-07-17T06:31:31: [SMTP] Test email error: Can't send mail - all recipients were rejected: 550 [E3] Message rejected because sender's email is not confirmed.
2026-07-17T06:31:36: [SMTP] Test email error: Can't send mail - all recipients were rejected: 550 [E3] Message rejected because sender's email is not confirmed.
2026-07-17T06:33:15: [SMTP] Test email error: Can't send mail - all recipients were rejected: 550 [E3] Message rejected because sender's email is not confirmed.
2026-07-17T06:37:43: (node:1531555) [MONGOOSE] Warning: Duplicate schema index on {"domain":1} found. This is often due to declaring an index using both "index: true" and "schema.index()". Please remove the duplicate index definition.
(Use `node --trace-warnings ...` to show where the warning was created)
2026-07-17T06:37:51: ValidationError: The 'X-Forwarded-For' header is set but the Express 'trust proxy' setting is false (default). This could indicate a misconfiguration which would prevent express-rate-limit from accurately identifying users. See https://express-rate-limit.github.io/ERR_ERL_UNEXPECTED_X_FORWARDED_FOR/ for more information.
    at Object.xForwardedForHeader (file:///root/v6/backend-node/node_modules/express-rate-limit/dist/index.mjs:352:13)
    at wrappedValidations.<computed> [as xForwardedForHeader] (file:///root/v6/backend-node/node_modules/express-rate-limit/dist/index.mjs:675:22)
    at Object.keyGenerator (file:///root/v6/backend-node/node_modules/express-rate-limit/dist/index.mjs:782:20)
    at file:///root/v6/backend-node/node_modules/express-rate-limit/dist/index.mjs:864:32
    at process.processTicksAndRejections (node:internal/process/task_queues:103:5)
    at async file:///root/v6/backend-node/node_modules/express-rate-limit/dist/index.mjs:825:5 {
  code: 'ERR_ERL_UNEXPECTED_X_FORWARDED_FOR',
  help: 'https://express-rate-limit.github.io/ERR_ERL_UNEXPECTED_X_FORWARDED_FOR/'
}
2026-07-17T06:40:03: [ASSISTANT] Ollama error: Request failed with status code 500
2026-07-17T06:44:34: (node:1534368) [MONGOOSE] Warning: Duplicate schema index on {"domain":1} found. This is often due to declaring an index using both "index: true" and "schema.index()". Please remove the duplicate index definition.
(Use `node --trace-warnings ...` to show where the warning was created)
2026-07-17T06:44:44: ValidationError: The 'X-Forwarded-For' header is set but the Express 'trust proxy' setting is false (default). This could indicate a misconfiguration which would prevent express-rate-limit from accurately identifying users. See https://express-rate-limit.github.io/ERR_ERL_UNEXPECTED_X_FORWARDED_FOR/ for more information.
    at Object.xForwardedForHeader (file:///root/v6/backend-node/node_modules/express-rate-limit/dist/index.mjs:352:13)
    at wrappedValidations.<computed> [as xForwardedForHeader] (file:///root/v6/backend-node/node_modules/express-rate-limit/dist/index.mjs:675:22)
    at Object.keyGenerator (file:///root/v6/backend-node/node_modules/express-rate-limit/dist/index.mjs:782:20)
    at file:///root/v6/backend-node/node_modules/express-rate-limit/dist/index.mjs:864:32
    at process.processTicksAndRejections (node:internal/process/task_queues:103:5)
    at async file:///root/v6/backend-node/node_modules/express-rate-limit/dist/index.mjs:825:5 {
  code: 'ERR_ERL_UNEXPECTED_X_FORWARDED_FOR',
  help: 'https://express-rate-limit.github.io/ERR_ERL_UNEXPECTED_X_FORWARDED_FOR/'
}
You have triggered an unhandledRejection, you may have forgotten to catch a Promise rejection:
SyntaxError: Missing catch or finally after try
    at compileSourceTextModule (node:internal/modules/esm/utils:346:16)
    at ModuleLoader.moduleStrategy (node:internal/modules/esm/translators:110:18)
    at #translate (node:internal/modules/esm/loader:559:20)
    at afterLoad (node:internal/modules/esm/loader:612:29)
    at ModuleLoader.loadAndTranslate (node:internal/modules/esm/loader:617:12)
    at #createModuleJob (node:internal/modules/esm/loader:640:36)
    at #getJobFromResolveResult (node:internal/modules/esm/loader:353:34)
    at ModuleLoader.getModuleJobForImport (node:internal/modules/esm/loader:321:41)
    at process.processTicksAndRejections (node:internal/process/task_queues:103:5)
You have triggered an unhandledRejection, you may have forgotten to catch a Promise rejection:
SyntaxError: Missing catch or finally after try
    at compileSourceTextModule (node:internal/modules/esm/utils:346:16)
    at ModuleLoader.moduleStrategy (node:internal/modules/esm/translators:110:18)
    at #translate (node:internal/modules/esm/loader:559:20)
    at afterLoad (node:internal/modules/esm/loader:612:29)
    at ModuleLoader.loadAndTranslate (node:internal/modules/esm/loader:617:12)
    at #createModuleJob (node:internal/modules/esm/loader:640:36)
    at #getJobFromResolveResult (node:internal/modules/esm/loader:353:34)
    at ModuleLoader.getModuleJobForImport (node:internal/modules/esm/loader:321:41)
    at process.processTicksAndRejections (node:internal/process/task_queues:103:5)
You have triggered an unhandledRejection, you may have forgotten to catch a Promise rejection:
SyntaxError: Missing catch or finally after try
    at compileSourceTextModule (node:internal/modules/esm/utils:346:16)
    at ModuleLoader.moduleStrategy (node:internal/modules/esm/translators:110:18)
    at #translate (node:internal/modules/esm/loader:559:20)
    at afterLoad (node:internal/modules/esm/loader:612:29)
    at ModuleLoader.loadAndTranslate (node:internal/modules/esm/loader:617:12)
    at #createModuleJob (node:internal/modules/esm/loader:640:36)
    at #getJobFromResolveResult (node:internal/modules/esm/loader:353:34)
    at ModuleLoader.getModuleJobForImport (node:internal/modules/esm/loader:321:41)
    at process.processTicksAndRejections (node:internal/process/task_queues:103:5)
2026-07-17T06:59:03: (node:1540992) [MONGOOSE] Warning: Duplicate schema index on {"domain":1} found. This is often due to declaring an index using both "index: true" and "schema.index()". Please remove the duplicate index definition.
(Use `node --trace-warnings ...` to show where the warning was created)
2026-07-17T06:59:10: ValidationError: The 'X-Forwarded-For' header is set but the Express 'trust proxy' setting is false (default). This could indicate a misconfiguration which would prevent express-rate-limit from accurately identifying users. See https://express-rate-limit.github.io/ERR_ERL_UNEXPECTED_X_FORWARDED_FOR/ for more information.
    at Object.xForwardedForHeader (file:///root/v6/backend-node/node_modules/express-rate-limit/dist/index.mjs:352:13)
    at wrappedValidations.<computed> [as xForwardedForHeader] (file:///root/v6/backend-node/node_modules/express-rate-limit/dist/index.mjs:675:22)
    at Object.keyGenerator (file:///root/v6/backend-node/node_modules/express-rate-limit/dist/index.mjs:782:20)
    at file:///root/v6/backend-node/node_modules/express-rate-limit/dist/index.mjs:864:32
    at process.processTicksAndRejections (node:internal/process/task_queues:103:5)
    at async file:///root/v6/backend-node/node_modules/express-rate-limit/dist/index.mjs:825:5 {
  code: 'ERR_ERL_UNEXPECTED_X_FORWARDED_FOR',
  help: 'https://express-rate-limit.github.io/ERR_ERL_UNEXPECTED_X_FORWARDED_FOR/'
}
2026-07-17T11:49:44: ValidationError: The 'X-Forwarded-For' header is set but the Express 'trust proxy' setting is false (default). This could indicate a misconfiguration which would prevent express-rate-limit from accurately identifying users. See https://express-rate-limit.github.io/ERR_ERL_UNEXPECTED_X_FORWARDED_FOR/ for more information.
    at Object.xForwardedForHeader (file:///root/v6/backend-node/node_modules/express-rate-limit/dist/index.mjs:352:13)
    at wrappedValidations.<computed> [as xForwardedForHeader] (file:///root/v6/backend-node/node_modules/express-rate-limit/dist/index.mjs:675:22)
    at Object.keyGenerator (file:///root/v6/backend-node/node_modules/express-rate-limit/dist/index.mjs:782:20)
    at file:///root/v6/backend-node/node_modules/express-rate-limit/dist/index.mjs:864:32
    at process.processTicksAndRejections (node:internal/process/task_queues:103:5)
    at async file:///root/v6/backend-node/node_modules/express-rate-limit/dist/index.mjs:825:5 {
  code: 'ERR_ERL_UNEXPECTED_X_FORWARDED_FOR',
  help: 'https://express-rate-limit.github.io/ERR_ERL_UNEXPECTED_X_FORWARDED_FOR/'
}
You have triggered an unhandledRejection, you may have forgotten to catch a Promise rejection:
SyntaxError: Invalid or unexpected token
    at compileSourceTextModule (node:internal/modules/esm/utils:346:16)
    at ModuleLoader.moduleStrategy (node:internal/modules/esm/translators:110:18)
    at #translate (node:internal/modules/esm/loader:559:20)
    at afterLoad (node:internal/modules/esm/loader:612:29)
    at ModuleLoader.loadAndTranslate (node:internal/modules/esm/loader:617:12)
    at #createModuleJob (node:internal/modules/esm/loader:640:36)
    at #getJobFromResolveResult (node:internal/modules/esm/loader:353:34)
    at ModuleLoader.getModuleJobForImport (node:internal/modules/esm/loader:321:41)
    at process.processTicksAndRejections (node:internal/process/task_queues:103:5)
You have triggered an unhandledRejection, you may have forgotten to catch a Promise rejection:
SyntaxError: Invalid or unexpected token
    at compileSourceTextModule (node:internal/modules/esm/utils:346:16)
    at ModuleLoader.moduleStrategy (node:internal/modules/esm/translators:110:18)
    at #translate (node:internal/modules/esm/loader:559:20)
    at afterLoad (node:internal/modules/esm/loader:612:29)
    at ModuleLoader.loadAndTranslate (node:internal/modules/esm/loader:617:12)
    at #createModuleJob (node:internal/modules/esm/loader:640:36)
    at #getJobFromResolveResult (node:internal/modules/esm/loader:353:34)
    at ModuleLoader.getModuleJobForImport (node:internal/modules/esm/loader:321:41)
    at process.processTicksAndRejections (node:internal/process/task_queues:103:5)
You have triggered an unhandledRejection, you may have forgotten to catch a Promise rejection:
SyntaxError: Invalid or unexpected token
    at compileSourceTextModule (node:internal/modules/esm/utils:346:16)
    at ModuleLoader.moduleStrategy (node:internal/modules/esm/translators:110:18)
    at #translate (node:internal/modules/esm/loader:559:20)
    at afterLoad (node:internal/modules/esm/loader:612:29)
    at ModuleLoader.loadAndTranslate (node:internal/modules/esm/loader:617:12)
    at #createModuleJob (node:internal/modules/esm/loader:640:36)
    at #getJobFromResolveResult (node:internal/modules/esm/loader:353:34)
    at ModuleLoader.getModuleJobForImport (node:internal/modules/esm/loader:321:41)
    at process.processTicksAndRejections (node:internal/process/task_queues:103:5)
2026-07-18T07:44:07: (node:1584925) [MONGOOSE] Warning: Duplicate schema index on {"domain":1} found. This is often due to declaring an index using both "index: true" and "schema.index()". Please remove the duplicate index definition.
(Use `node --trace-warnings ...` to show where the warning was created)
2026-07-18T07:47:19: (node:1586947) [MONGOOSE] Warning: Duplicate schema index on {"domain":1} found. This is often due to declaring an index using both "index: true" and "schema.index()". Please remove the duplicate index definition.
(Use `node --trace-warnings ...` to show where the warning was created)
2026-07-18T07:53:52: (node:1587865) [MONGOOSE] Warning: Duplicate schema index on {"domain":1} found. This is often due to declaring an index using both "index: true" and "schema.index()". Please remove the duplicate index definition.
(Use `node --trace-warnings ...` to show where the warning was created)
2026-07-18T09:32:59: (node:1603837) [MONGOOSE] Warning: Duplicate schema index on {"domain":1} found. This is often due to declaring an index using both "index: true" and "schema.index()". Please remove the duplicate index definition.
(Use `node --trace-warnings ...` to show where the warning was created)
2026-07-18T09:43:32: (node:1606774) [MONGOOSE] Warning: Duplicate schema index on {"domain":1} found. This is often due to declaring an index using both "index: true" and "schema.index()". Please remove the duplicate index definition.
(Use `node --trace-warnings ...` to show where the warning was created)
2026-07-18T09:49:33: (node:1608989) [MONGOOSE] Warning: Duplicate schema index on {"domain":1} found. This is often due to declaring an index using both "index: true" and "schema.index()". Please remove the duplicate index definition.
(Use `node --trace-warnings ...` to show where the warning was created)
Error: bind EADDRINUSE null:3838
    at listenOnPrimaryHandle (node:net:2022:18)
    at rr (node:internal/cluster/child:163:12)
    at Worker.<anonymous> (node:internal/cluster/child:113:7)
    at process.onInternalMessage (node:internal/cluster/utils:49:5)
    at process.emit (node:events:531:35)
    at emit (node:internal/child_process:949:14)
    at process.processTicksAndRejections (node:internal/process/task_queues:90:21)
2026-07-18T09:49:42: (node:1609221) [MONGOOSE] Warning: Duplicate schema index on {"domain":1} found. This is often due to declaring an index using both "index: true" and "schema.index()". Please remove the duplicate index definition.
(Use `node --trace-warnings ...` to show where the warning was created)
Error: bind EADDRINUSE null:3838
    at listenOnPrimaryHandle (node:net:2022:18)
    at rr (node:internal/cluster/child:163:12)
    at Worker.<anonymous> (node:internal/cluster/child:113:7)
    at process.onInternalMessage (node:internal/cluster/utils:49:5)
    at process.emit (node:events:531:35)
    at emit (node:internal/child_process:949:14)
    at process.processTicksAndRejections (node:internal/process/task_queues:90:21)
2026-07-18T09:49:51: (node:1609403) [MONGOOSE] Warning: Duplicate schema index on {"domain":1} found. This is often due to declaring an index using both "index: true" and "schema.index()". Please remove the duplicate index definition.
(Use `node --trace-warnings ...` to show where the warning was created)
Error: bind EADDRINUSE null:3838
    at listenOnPrimaryHandle (node:net:2022:18)
    at rr (node:internal/cluster/child:163:12)
    at Worker.<anonymous> (node:internal/cluster/child:113:7)
    at process.onInternalMessage (node:internal/cluster/utils:49:5)
    at process.emit (node:events:531:35)
    at emit (node:internal/child_process:949:14)
    at process.processTicksAndRejections (node:internal/process/task_queues:90:21)
2026-07-18T09:50:00: (node:1609583) [MONGOOSE] Warning: Duplicate schema index on {"domain":1} found. This is often due to declaring an index using both "index: true" and "schema.index()". Please remove the duplicate index definition.
(Use `node --trace-warnings ...` to show where the warning was created)
Error: bind EADDRINUSE null:3838
    at listenOnPrimaryHandle (node:net:2022:18)
    at rr (node:internal/cluster/child:163:12)
    at Worker.<anonymous> (node:internal/cluster/child:113:7)
    at process.onInternalMessage (node:internal/cluster/utils:49:5)
    at process.emit (node:events:531:35)
    at emit (node:internal/child_process:949:14)
    at process.processTicksAndRejections (node:internal/process/task_queues:90:21)
2026-07-18T09:50:08: (node:1609739) [MONGOOSE] Warning: Duplicate schema index on {"domain":1} found. This is often due to declaring an index using both "index: true" and "schema.index()". Please remove the duplicate index definition.
(Use `node --trace-warnings ...` to show where the warning was created)
Error: bind EADDRINUSE null:3838
    at listenOnPrimaryHandle (node:net:2022:18)
    at rr (node:internal/cluster/child:163:12)
    at Worker.<anonymous> (node:internal/cluster/child:113:7)
    at process.onInternalMessage (node:internal/cluster/utils:49:5)
    at process.emit (node:events:531:35)
    at emit (node:internal/child_process:949:14)
    at process.processTicksAndRejections (node:internal/process/task_queues:90:21)
2026-07-18T09:50:16: (node:1609884) [MONGOOSE] Warning: Duplicate schema index on {"domain":1} found. This is often due to declaring an index using both "index: true" and "schema.index()". Please remove the duplicate index definition.
(Use `node --trace-warnings ...` to show where the warning was created)
Error: bind EADDRINUSE null:3838
    at listenOnPrimaryHandle (node:net:2022:18)
    at rr (node:internal/cluster/child:163:12)
    at Worker.<anonymous> (node:internal/cluster/child:113:7)
    at process.onInternalMessage (node:internal/cluster/utils:49:5)
    at process.emit (node:events:531:35)
    at emit (node:internal/child_process:949:14)
    at process.processTicksAndRejections (node:internal/process/task_queues:90:21)
2026-07-18T09:50:25: (node:1610026) [MONGOOSE] Warning: Duplicate schema index on {"domain":1} found. This is often due to declaring an index using both "index: true" and "schema.index()". Please remove the duplicate index definition.
(Use `node --trace-warnings ...` to show where the warning was created)
Error: bind EADDRINUSE null:3838
    at listenOnPrimaryHandle (node:net:2022:18)
    at rr (node:internal/cluster/child:163:12)
    at Worker.<anonymous> (node:internal/cluster/child:113:7)
    at process.onInternalMessage (node:internal/cluster/utils:49:5)
    at process.emit (node:events:531:35)
    at emit (node:internal/child_process:949:14)
    at process.processTicksAndRejections (node:internal/process/task_queues:90:21)
2026-07-18T09:50:34: (node:1610172) [MONGOOSE] Warning: Duplicate schema index on {"domain":1} found. This is often due to declaring an index using both "index: true" and "schema.index()". Please remove the duplicate index definition.
(Use `node --trace-warnings ...` to show where the warning was created)
Error: bind EADDRINUSE null:3838
    at listenOnPrimaryHandle (node:net:2022:18)
    at rr (node:internal/cluster/child:163:12)
    at Worker.<anonymous> (node:internal/cluster/child:113:7)
    at process.onInternalMessage (node:internal/cluster/utils:49:5)
    at process.emit (node:events:531:35)
    at emit (node:internal/child_process:949:14)
    at process.processTicksAndRejections (node:internal/process/task_queues:90:21)
2026-07-18T09:50:43: (node:1610316) [MONGOOSE] Warning: Duplicate schema index on {"domain":1} found. This is often due to declaring an index using both "index: true" and "schema.index()". Please remove the duplicate index definition.
(Use `node --trace-warnings ...` to show where the warning was created)
Error: bind EADDRINUSE null:3838
    at listenOnPrimaryHandle (node:net:2022:18)
    at rr (node:internal/cluster/child:163:12)
    at Worker.<anonymous> (node:internal/cluster/child:113:7)
    at process.onInternalMessage (node:internal/cluster/utils:49:5)
    at process.emit (node:events:531:35)
    at emit (node:internal/child_process:949:14)
    at process.processTicksAndRejections (node:internal/process/task_queues:90:21)
2026-07-18T09:50:51: (node:1610464) [MONGOOSE] Warning: Duplicate schema index on {"domain":1} found. This is often due to declaring an index using both "index: true" and "schema.index()". Please remove the duplicate index definition.
(Use `node --trace-warnings ...` to show where the warning was created)
Error: bind EADDRINUSE null:3838
    at listenOnPrimaryHandle (node:net:2022:18)
    at rr (node:internal/cluster/child:163:12)
    at Worker.<anonymous> (node:internal/cluster/child:113:7)
    at process.onInternalMessage (node:internal/cluster/utils:49:5)
    at process.emit (node:events:531:35)
    at emit (node:internal/child_process:949:14)
    at process.processTicksAndRejections (node:internal/process/task_queues:90:21)
2026-07-18T09:51:00: (node:1610612) [MONGOOSE] Warning: Duplicate schema index on {"domain":1} found. This is often due to declaring an index using both "index: true" and "schema.index()". Please remove the duplicate index definition.
(Use `node --trace-warnings ...` to show where the warning was created)
Error: bind EADDRINUSE null:3838
    at listenOnPrimaryHandle (node:net:2022:18)
    at rr (node:internal/cluster/child:163:12)
    at Worker.<anonymous> (node:internal/cluster/child:113:7)
    at process.onInternalMessage (node:internal/cluster/utils:49:5)
    at process.emit (node:events:531:35)
    at emit (node:internal/child_process:949:14)
    at process.processTicksAndRejections (node:internal/process/task_queues:90:21)
2026-07-18T09:51:09: (node:1610754) [MONGOOSE] Warning: Duplicate schema index on {"domain":1} found. This is often due to declaring an index using both "index: true" and "schema.index()". Please remove the duplicate index definition.
(Use `node --trace-warnings ...` to show where the warning was created)
Error: bind EADDRINUSE null:3838
    at listenOnPrimaryHandle (node:net:2022:18)
    at rr (node:internal/cluster/child:163:12)
    at Worker.<anonymous> (node:internal/cluster/child:113:7)
    at process.onInternalMessage (node:internal/cluster/utils:49:5)
    at process.emit (node:events:531:35)
    at emit (node:internal/child_process:949:14)
    at process.processTicksAndRejections (node:internal/process/task_queues:90:21)
2026-07-18T09:51:17: (node:1610901) [MONGOOSE] Warning: Duplicate schema index on {"domain":1} found. This is often due to declaring an index using both "index: true" and "schema.index()". Please remove the duplicate index definition.
(Use `node --trace-warnings ...` to show where the warning was created)
Error: bind EADDRINUSE null:3838
    at listenOnPrimaryHandle (node:net:2022:18)
    at rr (node:internal/cluster/child:163:12)
    at Worker.<anonymous> (node:internal/cluster/child:113:7)
    at process.onInternalMessage (node:internal/cluster/utils:49:5)
    at process.emit (node:events:531:35)
    at emit (node:internal/child_process:949:14)
    at process.processTicksAndRejections (node:internal/process/task_queues:90:21)
2026-07-18T09:51:25: (node:1611038) [MONGOOSE] Warning: Duplicate schema index on {"domain":1} found. This is often due to declaring an index using both "index: true" and "schema.index()". Please remove the duplicate index definition.
(Use `node --trace-warnings ...` to show where the warning was created)
Error: bind EADDRINUSE null:3838
    at listenOnPrimaryHandle (node:net:2022:18)
    at rr (node:internal/cluster/child:163:12)
    at Worker.<anonymous> (node:internal/cluster/child:113:7)
    at process.onInternalMessage (node:internal/cluster/utils:49:5)
    at process.emit (node:events:531:35)
    at emit (node:internal/child_process:949:14)
    at process.processTicksAndRejections (node:internal/process/task_queues:90:21)
2026-07-18T09:51:35: (node:1611189) [MONGOOSE] Warning: Duplicate schema index on {"domain":1} found. This is often due to declaring an index using both "index: true" and "schema.index()". Please remove the duplicate index definition.
(Use `node --trace-warnings ...` to show where the warning was created)
Error: bind EADDRINUSE null:3838
    at listenOnPrimaryHandle (node:net:2022:18)
    at rr (node:internal/cluster/child:163:12)
    at Worker.<anonymous> (node:internal/cluster/child:113:7)
    at process.onInternalMessage (node:internal/cluster/utils:49:5)
    at process.emit (node:events:531:35)
    at emit (node:internal/child_process:949:14)
    at process.processTicksAndRejections (node:internal/process/task_queues:90:21)
2026-07-18T09:51:43: (node:1611326) [MONGOOSE] Warning: Duplicate schema index on {"domain":1} found. This is often due to declaring an index using both "index: true" and "schema.index()". Please remove the duplicate index definition.
(Use `node --trace-warnings ...` to show where the warning was created)
Error: bind EADDRINUSE null:3838
    at listenOnPrimaryHandle (node:net:2022:18)
    at rr (node:internal/cluster/child:163:12)
    at Worker.<anonymous> (node:internal/cluster/child:113:7)
    at process.onInternalMessage (node:internal/cluster/utils:49:5)
    at process.emit (node:events:531:35)
    at emit (node:internal/child_process:949:14)
    at process.processTicksAndRejections (node:internal/process/task_queues:90:21)
2026-07-18T09:51:53: (node:1611472) [MONGOOSE] Warning: Duplicate schema index on {"domain":1} found. This is often due to declaring an index using both "index: true" and "schema.index()". Please remove the duplicate index definition.
(Use `node --trace-warnings ...` to show where the warning was created)
Error: bind EADDRINUSE null:3838
    at listenOnPrimaryHandle (node:net:2022:18)
    at rr (node:internal/cluster/child:163:12)
    at Worker.<anonymous> (node:internal/cluster/child:113:7)
    at process.onInternalMessage (node:internal/cluster/utils:49:5)
    at process.emit (node:events:531:35)
    at emit (node:internal/child_process:949:14)
    at process.processTicksAndRejections (node:internal/process/task_queues:90:21)
2026-07-18T09:52:01: (node:1611618) [MONGOOSE] Warning: Duplicate schema index on {"domain":1} found. This is often due to declaring an index using both "index: true" and "schema.index()". Please remove the duplicate index definition.
(Use `node --trace-warnings ...` to show where the warning was created)
Error: bind EADDRINUSE null:3838
    at listenOnPrimaryHandle (node:net:2022:18)
    at rr (node:internal/cluster/child:163:12)
    at Worker.<anonymous> (node:internal/cluster/child:113:7)
    at process.onInternalMessage (node:internal/cluster/utils:49:5)
    at process.emit (node:events:531:35)
    at emit (node:internal/child_process:949:14)
    at process.processTicksAndRejections (node:internal/process/task_queues:90:21)
2026-07-18T09:52:09: (node:1611763) [MONGOOSE] Warning: Duplicate schema index on {"domain":1} found. This is often due to declaring an index using both "index: true" and "schema.index()". Please remove the duplicate index definition.
(Use `node --trace-warnings ...` to show where the warning was created)
Error: bind EADDRINUSE null:3838
    at listenOnPrimaryHandle (node:net:2022:18)
    at rr (node:internal/cluster/child:163:12)
    at Worker.<anonymous> (node:internal/cluster/child:113:7)
    at process.onInternalMessage (node:internal/cluster/utils:49:5)
    at process.emit (node:events:531:35)
    at emit (node:internal/child_process:949:14)
    at process.processTicksAndRejections (node:internal/process/task_queues:90:21)
2026-07-18T09:52:18: (node:1611911) [MONGOOSE] Warning: Duplicate schema index on {"domain":1} found. This is often due to declaring an index using both "index: true" and "schema.index()". Please remove the duplicate index definition.
(Use `node --trace-warnings ...` to show where the warning was created)
Error: bind EADDRINUSE null:3838
    at listenOnPrimaryHandle (node:net:2022:18)
    at rr (node:internal/cluster/child:163:12)
    at Worker.<anonymous> (node:internal/cluster/child:113:7)
    at process.onInternalMessage (node:internal/cluster/utils:49:5)
    at process.emit (node:events:531:35)
    at emit (node:internal/child_process:949:14)
    at process.processTicksAndRejections (node:internal/process/task_queues:90:21)
2026-07-18T09:52:26: (node:1612047) [MONGOOSE] Warning: Duplicate schema index on {"domain":1} found. This is often due to declaring an index using both "index: true" and "schema.index()". Please remove the duplicate index definition.
(Use `node --trace-warnings ...` to show where the warning was created)
Error: bind EADDRINUSE null:3838
    at listenOnPrimaryHandle (node:net:2022:18)
    at rr (node:internal/cluster/child:163:12)
    at Worker.<anonymous> (node:internal/cluster/child:113:7)
    at process.onInternalMessage (node:internal/cluster/utils:49:5)
    at process.emit (node:events:531:35)
    at emit (node:internal/child_process:949:14)
    at process.processTicksAndRejections (node:internal/process/task_queues:90:21)
2026-07-18T09:52:35: (node:1612197) [MONGOOSE] Warning: Duplicate schema index on {"domain":1} found. This is often due to declaring an index using both "index: true" and "schema.index()". Please remove the duplicate index definition.
(Use `node --trace-warnings ...` to show where the warning was created)
Error: bind EADDRINUSE null:3838
    at listenOnPrimaryHandle (node:net:2022:18)
    at rr (node:internal/cluster/child:163:12)
    at Worker.<anonymous> (node:internal/cluster/child:113:7)
    at process.onInternalMessage (node:internal/cluster/utils:49:5)
    at process.emit (node:events:531:35)
    at emit (node:internal/child_process:949:14)
    at process.processTicksAndRejections (node:internal/process/task_queues:90:21)
2026-07-18T09:52:46: (node:1612343) [MONGOOSE] Warning: Duplicate schema index on {"domain":1} found. This is often due to declaring an index using both "index: true" and "schema.index()". Please remove the duplicate index definition.
(Use `node --trace-warnings ...` to show where the warning was created)
Error: bind EADDRINUSE null:3838
    at listenOnPrimaryHandle (node:net:2022:18)
    at rr (node:internal/cluster/child:163:12)
    at Worker.<anonymous> (node:internal/cluster/child:113:7)
    at process.onInternalMessage (node:internal/cluster/utils:49:5)
    at process.emit (node:events:531:35)
    at emit (node:internal/child_process:949:14)
    at process.processTicksAndRejections (node:internal/process/task_queues:90:21)
2026-07-18T09:52:55: (node:1612483) [MONGOOSE] Warning: Duplicate schema index on {"domain":1} found. This is often due to declaring an index using both "index: true" and "schema.index()". Please remove the duplicate index definition.
(Use `node --trace-warnings ...` to show where the warning was created)
Error: bind EADDRINUSE null:3838
    at listenOnPrimaryHandle (node:net:2022:18)
    at rr (node:internal/cluster/child:163:12)
    at Worker.<anonymous> (node:internal/cluster/child:113:7)
    at process.onInternalMessage (node:internal/cluster/utils:49:5)
    at process.emit (node:events:531:35)
    at emit (node:internal/child_process:949:14)
    at process.processTicksAndRejections (node:internal/process/task_queues:90:21)
2026-07-18T09:53:03: (node:1612632) [MONGOOSE] Warning: Duplicate schema index on {"domain":1} found. This is often due to declaring an index using both "index: true" and "schema.index()". Please remove the duplicate index definition.
(Use `node --trace-warnings ...` to show where the warning was created)
Error: bind EADDRINUSE null:3838
    at listenOnPrimaryHandle (node:net:2022:18)
    at rr (node:internal/cluster/child:163:12)
    at Worker.<anonymous> (node:internal/cluster/child:113:7)
    at process.onInternalMessage (node:internal/cluster/utils:49:5)
    at process.emit (node:events:531:35)
    at emit (node:internal/child_process:949:14)
    at process.processTicksAndRejections (node:internal/process/task_queues:90:21)
2026-07-18T09:53:13: (node:1612779) [MONGOOSE] Warning: Duplicate schema index on {"domain":1} found. This is often due to declaring an index using both "index: true" and "schema.index()". Please remove the duplicate index definition.
(Use `node --trace-warnings ...` to show where the warning was created)
Error: bind EADDRINUSE null:3838
    at listenOnPrimaryHandle (node:net:2022:18)
    at rr (node:internal/cluster/child:163:12)
    at Worker.<anonymous> (node:internal/cluster/child:113:7)
    at process.onInternalMessage (node:internal/cluster/utils:49:5)
    at process.emit (node:events:531:35)
    at emit (node:internal/child_process:949:14)
    at process.processTicksAndRejections (node:internal/process/task_queues:90:21)
2026-07-18T09:53:21: (node:1612923) [MONGOOSE] Warning: Duplicate schema index on {"domain":1} found. This is often due to declaring an index using both "index: true" and "schema.index()". Please remove the duplicate index definition.
(Use `node --trace-warnings ...` to show where the warning was created)
Error: bind EADDRINUSE null:3838
    at listenOnPrimaryHandle (node:net:2022:18)
    at rr (node:internal/cluster/child:163:12)
    at Worker.<anonymous> (node:internal/cluster/child:113:7)
    at process.onInternalMessage (node:internal/cluster/utils:49:5)
    at process.emit (node:events:531:35)
    at emit (node:internal/child_process:949:14)
    at process.processTicksAndRejections (node:internal/process/task_queues:90:21)
2026-07-18T09:53:30: (node:1613068) [MONGOOSE] Warning: Duplicate schema index on {"domain":1} found. This is often due to declaring an index using both "index: true" and "schema.index()". Please remove the duplicate index definition.
(Use `node --trace-warnings ...` to show where the warning was created)
Error: bind EADDRINUSE null:3838
    at listenOnPrimaryHandle (node:net:2022:18)
    at rr (node:internal/cluster/child:163:12)
    at Worker.<anonymous> (node:internal/cluster/child:113:7)
    at process.onInternalMessage (node:internal/cluster/utils:49:5)
    at process.emit (node:events:531:35)
    at emit (node:internal/child_process:949:14)
    at process.processTicksAndRejections (node:internal/process/task_queues:90:21)
2026-07-18T09:53:39: (node:1613215) [MONGOOSE] Warning: Duplicate schema index on {"domain":1} found. This is often due to declaring an index using both "index: true" and "schema.index()". Please remove the duplicate index definition.
(Use `node --trace-warnings ...` to show where the warning was created)
Error: bind EADDRINUSE null:3838
    at listenOnPrimaryHandle (node:net:2022:18)
    at rr (node:internal/cluster/child:163:12)
    at Worker.<anonymous> (node:internal/cluster/child:113:7)
    at process.onInternalMessage (node:internal/cluster/utils:49:5)
    at process.emit (node:events:531:35)
    at emit (node:internal/child_process:949:14)
    at process.processTicksAndRejections (node:internal/process/task_queues:90:21)
2026-07-18T09:53:48: (node:1613366) [MONGOOSE] Warning: Duplicate schema index on {"domain":1} found. This is often due to declaring an index using both "index: true" and "schema.index()". Please remove the duplicate index definition.
(Use `node --trace-warnings ...` to show where the warning was created)
Error: bind EADDRINUSE null:3838
    at listenOnPrimaryHandle (node:net:2022:18)
    at rr (node:internal/cluster/child:163:12)
    at Worker.<anonymous> (node:internal/cluster/child:113:7)
    at process.onInternalMessage (node:internal/cluster/utils:49:5)
    at process.emit (node:events:531:35)
    at emit (node:internal/child_process:949:14)
    at process.processTicksAndRejections (node:internal/process/task_queues:90:21)
2026-07-18T09:53:56: (node:1613508) [MONGOOSE] Warning: Duplicate schema index on {"domain":1} found. This is often due to declaring an index using both "index: true" and "schema.index()". Please remove the duplicate index definition.
(Use `node --trace-warnings ...` to show where the warning was created)
Error: bind EADDRINUSE null:3838
    at listenOnPrimaryHandle (node:net:2022:18)
    at rr (node:internal/cluster/child:163:12)
    at Worker.<anonymous> (node:internal/cluster/child:113:7)
    at process.onInternalMessage (node:internal/cluster/utils:49:5)
    at process.emit (node:events:531:35)
    at emit (node:internal/child_process:949:14)
    at process.processTicksAndRejections (node:internal/process/task_queues:90:21)
2026-07-18T09:54:05: (node:1613657) [MONGOOSE] Warning: Duplicate schema index on {"domain":1} found. This is often due to declaring an index using both "index: true" and "schema.index()". Please remove the duplicate index definition.
(Use `node --trace-warnings ...` to show where the warning was created)
Error: bind EADDRINUSE null:3838
    at listenOnPrimaryHandle (node:net:2022:18)
    at rr (node:internal/cluster/child:163:12)
    at Worker.<anonymous> (node:internal/cluster/child:113:7)
    at process.onInternalMessage (node:internal/cluster/utils:49:5)
    at process.emit (node:events:531:35)
    at emit (node:internal/child_process:949:14)
    at process.processTicksAndRejections (node:internal/process/task_queues:90:21)
2026-07-18T09:54:14: (node:1613799) [MONGOOSE] Warning: Duplicate schema index on {"domain":1} found. This is often due to declaring an index using both "index: true" and "schema.index()". Please remove the duplicate index definition.
(Use `node --trace-warnings ...` to show where the warning was created)
Error: bind EADDRINUSE null:3838
    at listenOnPrimaryHandle (node:net:2022:18)
    at rr (node:internal/cluster/child:163:12)
    at Worker.<anonymous> (node:internal/cluster/child:113:7)
    at process.onInternalMessage (node:internal/cluster/utils:49:5)
    at process.emit (node:events:531:35)
    at emit (node:internal/child_process:949:14)
    at process.processTicksAndRejections (node:internal/process/task_queues:90:21)
2026-07-18T09:54:22: (node:1613970) [MONGOOSE] Warning: Duplicate schema index on {"domain":1} found. This is often due to declaring an index using both "index: true" and "schema.index()". Please remove the duplicate index definition.
(Use `node --trace-warnings ...` to show where the warning was created)
Error: bind EADDRINUSE null:3838
    at listenOnPrimaryHandle (node:net:2022:18)
    at rr (node:internal/cluster/child:163:12)
    at Worker.<anonymous> (node:internal/cluster/child:113:7)
    at process.onInternalMessage (node:internal/cluster/utils:49:5)
    at process.emit (node:events:531:35)
    at emit (node:internal/child_process:949:14)
    at process.processTicksAndRejections (node:internal/process/task_queues:90:21)
2026-07-18T09:54:31: (node:1614119) [MONGOOSE] Warning: Duplicate schema index on {"domain":1} found. This is often due to declaring an index using both "index: true" and "schema.index()". Please remove the duplicate index definition.
(Use `node --trace-warnings ...` to show where the warning was created)
Error: bind EADDRINUSE null:3838
    at listenOnPrimaryHandle (node:net:2022:18)
    at rr (node:internal/cluster/child:163:12)
    at Worker.<anonymous> (node:internal/cluster/child:113:7)
    at process.onInternalMessage (node:internal/cluster/utils:49:5)
    at process.emit (node:events:531:35)
    at emit (node:internal/child_process:949:14)
    at process.processTicksAndRejections (node:internal/process/task_queues:90:21)
2026-07-18T09:54:40: (node:1614261) [MONGOOSE] Warning: Duplicate schema index on {"domain":1} found. This is often due to declaring an index using both "index: true" and "schema.index()". Please remove the duplicate index definition.
(Use `node --trace-warnings ...` to show where the warning was created)
Error: bind EADDRINUSE null:3838
    at listenOnPrimaryHandle (node:net:2022:18)
    at rr (node:internal/cluster/child:163:12)
    at Worker.<anonymous> (node:internal/cluster/child:113:7)
    at process.onInternalMessage (node:internal/cluster/utils:49:5)
    at process.emit (node:events:531:35)
    at emit (node:internal/child_process:949:14)
    at process.processTicksAndRejections (node:internal/process/task_queues:90:21)
2026-07-18T09:54:49: (node:1614411) [MONGOOSE] Warning: Duplicate schema index on {"domain":1} found. This is often due to declaring an index using both "index: true" and "schema.index()". Please remove the duplicate index definition.
(Use `node --trace-warnings ...` to show where the warning was created)
Error: bind EADDRINUSE null:3838
    at listenOnPrimaryHandle (node:net:2022:18)
    at rr (node:internal/cluster/child:163:12)
    at Worker.<anonymous> (node:internal/cluster/child:113:7)
    at process.onInternalMessage (node:internal/cluster/utils:49:5)
    at process.emit (node:events:531:35)
    at emit (node:internal/child_process:949:14)
    at process.processTicksAndRejections (node:internal/process/task_queues:90:21)
2026-07-18T09:54:58: (node:1614552) [MONGOOSE] Warning: Duplicate schema index on {"domain":1} found. This is often due to declaring an index using both "index: true" and "schema.index()". Please remove the duplicate index definition.
(Use `node --trace-warnings ...` to show where the warning was created)
Error: bind EADDRINUSE null:3838
    at listenOnPrimaryHandle (node:net:2022:18)
    at rr (node:internal/cluster/child:163:12)
    at Worker.<anonymous> (node:internal/cluster/child:113:7)
    at process.onInternalMessage (node:internal/cluster/utils:49:5)
    at process.emit (node:events:531:35)
    at emit (node:internal/child_process:949:14)
    at process.processTicksAndRejections (node:internal/process/task_queues:90:21)
2026-07-18T09:55:08: (node:1614703) [MONGOOSE] Warning: Duplicate schema index on {"domain":1} found. This is often due to declaring an index using both "index: true" and "schema.index()". Please remove the duplicate index definition.
(Use `node --trace-warnings ...` to show where the warning was created)
Error: bind EADDRINUSE null:3838
    at listenOnPrimaryHandle (node:net:2022:18)
    at rr (node:internal/cluster/child:163:12)
    at Worker.<anonymous> (node:internal/cluster/child:113:7)
    at process.onInternalMessage (node:internal/cluster/utils:49:5)
    at process.emit (node:events:531:35)
    at emit (node:internal/child_process:949:14)
    at process.processTicksAndRejections (node:internal/process/task_queues:90:21)
2026-07-18T09:55:17: (node:1614849) [MONGOOSE] Warning: Duplicate schema index on {"domain":1} found. This is often due to declaring an index using both "index: true" and "schema.index()". Please remove the duplicate index definition.
(Use `node --trace-warnings ...` to show where the warning was created)
Error: bind EADDRINUSE null:3838
    at listenOnPrimaryHandle (node:net:2022:18)
    at rr (node:internal/cluster/child:163:12)
    at Worker.<anonymous> (node:internal/cluster/child:113:7)
    at process.onInternalMessage (node:internal/cluster/utils:49:5)
    at process.emit (node:events:531:35)
    at emit (node:internal/child_process:949:14)
    at process.processTicksAndRejections (node:internal/process/task_queues:90:21)
2026-07-18T09:55:27: (node:1614999) [MONGOOSE] Warning: Duplicate schema index on {"domain":1} found. This is often due to declaring an index using both "index: true" and "schema.index()". Please remove the duplicate index definition.
(Use `node --trace-warnings ...` to show where the warning was created)
Error: bind EADDRINUSE null:3838
    at listenOnPrimaryHandle (node:net:2022:18)
    at rr (node:internal/cluster/child:163:12)
    at Worker.<anonymous> (node:internal/cluster/child:113:7)
    at process.onInternalMessage (node:internal/cluster/utils:49:5)
    at process.emit (node:events:531:35)
    at emit (node:internal/child_process:949:14)
    at process.processTicksAndRejections (node:internal/process/task_queues:90:21)
2026-07-18T09:55:35: (node:1615142) [MONGOOSE] Warning: Duplicate schema index on {"domain":1} found. This is often due to declaring an index using both "index: true" and "schema.index()". Please remove the duplicate index definition.
(Use `node --trace-warnings ...` to show where the warning was created)
Error: bind EADDRINUSE null:3838
    at listenOnPrimaryHandle (node:net:2022:18)
    at rr (node:internal/cluster/child:163:12)
    at Worker.<anonymous> (node:internal/cluster/child:113:7)
    at process.onInternalMessage (node:internal/cluster/utils:49:5)
    at process.emit (node:events:531:35)
    at emit (node:internal/child_process:949:14)
    at process.processTicksAndRejections (node:internal/process/task_queues:90:21)
2026-07-18T09:55:45: (node:1615283) [MONGOOSE] Warning: Duplicate schema index on {"domain":1} found. This is often due to declaring an index using both "index: true" and "schema.index()". Please remove the duplicate index definition.
(Use `node --trace-warnings ...` to show where the warning was created)
Error: bind EADDRINUSE null:3838
    at listenOnPrimaryHandle (node:net:2022:18)
    at rr (node:internal/cluster/child:163:12)
    at Worker.<anonymous> (node:internal/cluster/child:113:7)
    at process.onInternalMessage (node:internal/cluster/utils:49:5)
    at process.emit (node:events:531:35)
    at emit (node:internal/child_process:949:14)
    at process.processTicksAndRejections (node:internal/process/task_queues:90:21)
2026-07-18T09:55:53: (node:1615432) [MONGOOSE] Warning: Duplicate schema index on {"domain":1} found. This is often due to declaring an index using both "index: true" and "schema.index()". Please remove the duplicate index definition.
(Use `node --trace-warnings ...` to show where the warning was created)
Error: bind EADDRINUSE null:3838
    at listenOnPrimaryHandle (node:net:2022:18)
    at rr (node:internal/cluster/child:163:12)
    at Worker.<anonymous> (node:internal/cluster/child:113:7)
    at process.onInternalMessage (node:internal/cluster/utils:49:5)
    at process.emit (node:events:531:35)
    at emit (node:internal/child_process:949:14)
    at process.processTicksAndRejections (node:internal/process/task_queues:90:21)
2026-07-18T09:56:02: (node:1615577) [MONGOOSE] Warning: Duplicate schema index on {"domain":1} found. This is often due to declaring an index using both "index: true" and "schema.index()". Please remove the duplicate index definition.
(Use `node --trace-warnings ...` to show where the warning was created)
Error: bind EADDRINUSE null:3838
    at listenOnPrimaryHandle (node:net:2022:18)
    at rr (node:internal/cluster/child:163:12)
    at Worker.<anonymous> (node:internal/cluster/child:113:7)
    at process.onInternalMessage (node:internal/cluster/utils:49:5)
    at process.emit (node:events:531:35)
    at emit (node:internal/child_process:949:14)
    at process.processTicksAndRejections (node:internal/process/task_queues:90:21)
2026-07-18T09:56:11: (node:1615728) [MONGOOSE] Warning: Duplicate schema index on {"domain":1} found. This is often due to declaring an index using both "index: true" and "schema.index()". Please remove the duplicate index definition.
(Use `node --trace-warnings ...` to show where the warning was created)
Error: bind EADDRINUSE null:3838
    at listenOnPrimaryHandle (node:net:2022:18)
    at rr (node:internal/cluster/child:163:12)
    at Worker.<anonymous> (node:internal/cluster/child:113:7)
    at process.onInternalMessage (node:internal/cluster/utils:49:5)
    at process.emit (node:events:531:35)
    at emit (node:internal/child_process:949:14)
    at process.processTicksAndRejections (node:internal/process/task_queues:90:21)
2026-07-18T09:56:19: (node:1615866) [MONGOOSE] Warning: Duplicate schema index on {"domain":1} found. This is often due to declaring an index using both "index: true" and "schema.index()". Please remove the duplicate index definition.
(Use `node --trace-warnings ...` to show where the warning was created)
Error: bind EADDRINUSE null:3838
    at listenOnPrimaryHandle (node:net:2022:18)
    at rr (node:internal/cluster/child:163:12)
    at Worker.<anonymous> (node:internal/cluster/child:113:7)
    at process.onInternalMessage (node:internal/cluster/utils:49:5)
    at process.emit (node:events:531:35)
    at emit (node:internal/child_process:949:14)
    at process.processTicksAndRejections (node:internal/process/task_queues:90:21)
2026-07-18T09:56:28: (node:1616010) [MONGOOSE] Warning: Duplicate schema index on {"domain":1} found. This is often due to declaring an index using both "index: true" and "schema.index()". Please remove the duplicate index definition.
(Use `node --trace-warnings ...` to show where the warning was created)
Error: bind EADDRINUSE null:3838
    at listenOnPrimaryHandle (node:net:2022:18)
    at rr (node:internal/cluster/child:163:12)
    at Worker.<anonymous> (node:internal/cluster/child:113:7)
    at process.onInternalMessage (node:internal/cluster/utils:49:5)
    at process.emit (node:events:531:35)
    at emit (node:internal/child_process:949:14)
    at process.processTicksAndRejections (node:internal/process/task_queues:90:21)
2026-07-18T09:56:36: (node:1616157) [MONGOOSE] Warning: Duplicate schema index on {"domain":1} found. This is often due to declaring an index using both "index: true" and "schema.index()". Please remove the duplicate index definition.
(Use `node --trace-warnings ...` to show where the warning was created)
Error: bind EADDRINUSE null:3838
    at listenOnPrimaryHandle (node:net:2022:18)
    at rr (node:internal/cluster/child:163:12)
    at Worker.<anonymous> (node:internal/cluster/child:113:7)
    at process.onInternalMessage (node:internal/cluster/utils:49:5)
    at process.emit (node:events:531:35)
    at emit (node:internal/child_process:949:14)
    at process.processTicksAndRejections (node:internal/process/task_queues:90:21)
2026-07-18T09:56:45: (node:1616297) [MONGOOSE] Warning: Duplicate schema index on {"domain":1} found. This is often due to declaring an index using both "index: true" and "schema.index()". Please remove the duplicate index definition.
(Use `node --trace-warnings ...` to show where the warning was created)
Error: bind EADDRINUSE null:3838
    at listenOnPrimaryHandle (node:net:2022:18)
    at rr (node:internal/cluster/child:163:12)
    at Worker.<anonymous> (node:internal/cluster/child:113:7)
    at process.onInternalMessage (node:internal/cluster/utils:49:5)
    at process.emit (node:events:531:35)
    at emit (node:internal/child_process:949:14)
    at process.processTicksAndRejections (node:internal/process/task_queues:90:21)
2026-07-18T09:56:53: (node:1616448) [MONGOOSE] Warning: Duplicate schema index on {"domain":1} found. This is often due to declaring an index using both "index: true" and "schema.index()". Please remove the duplicate index definition.
(Use `node --trace-warnings ...` to show where the warning was created)
Error: bind EADDRINUSE null:3838
    at listenOnPrimaryHandle (node:net:2022:18)
    at rr (node:internal/cluster/child:163:12)
    at Worker.<anonymous> (node:internal/cluster/child:113:7)
    at process.onInternalMessage (node:internal/cluster/utils:49:5)
    at process.emit (node:events:531:35)
    at emit (node:internal/child_process:949:14)
    at process.processTicksAndRejections (node:internal/process/task_queues:90:21)
2026-07-18T09:57:02: (node:1616590) [MONGOOSE] Warning: Duplicate schema index on {"domain":1} found. This is often due to declaring an index using both "index: true" and "schema.index()". Please remove the duplicate index definition.
(Use `node --trace-warnings ...` to show where the warning was created)
Error: bind EADDRINUSE null:3838
    at listenOnPrimaryHandle (node:net:2022:18)
    at rr (node:internal/cluster/child:163:12)
    at Worker.<anonymous> (node:internal/cluster/child:113:7)
    at process.onInternalMessage (node:internal/cluster/utils:49:5)
    at process.emit (node:events:531:35)
    at emit (node:internal/child_process:949:14)
    at process.processTicksAndRejections (node:internal/process/task_queues:90:21)
2026-07-18T09:57:11: (node:1616731) [MONGOOSE] Warning: Duplicate schema index on {"domain":1} found. This is often due to declaring an index using both "index: true" and "schema.index()". Please remove the duplicate index definition.
(Use `node --trace-warnings ...` to show where the warning was created)
Error: bind EADDRINUSE null:3838
    at listenOnPrimaryHandle (node:net:2022:18)
    at rr (node:internal/cluster/child:163:12)
    at Worker.<anonymous> (node:internal/cluster/child:113:7)
    at process.onInternalMessage (node:internal/cluster/utils:49:5)
    at process.emit (node:events:531:35)
    at emit (node:internal/child_process:949:14)
    at process.processTicksAndRejections (node:internal/process/task_queues:90:21)
2026-07-18T09:57:19: (node:1616896) [MONGOOSE] Warning: Duplicate schema index on {"domain":1} found. This is often due to declaring an index using both "index: true" and "schema.index()". Please remove the duplicate index definition.
(Use `node --trace-warnings ...` to show where the warning was created)
Error: bind EADDRINUSE null:3838
    at listenOnPrimaryHandle (node:net:2022:18)
    at rr (node:internal/cluster/child:163:12)
    at Worker.<anonymous> (node:internal/cluster/child:113:7)
    at process.onInternalMessage (node:internal/cluster/utils:49:5)
    at process.emit (node:events:531:35)
    at emit (node:internal/child_process:949:14)
    at process.processTicksAndRejections (node:internal/process/task_queues:90:21)
2026-07-18T09:57:29: (node:1617055) [MONGOOSE] Warning: Duplicate schema index on {"domain":1} found. This is often due to declaring an index using both "index: true" and "schema.index()". Please remove the duplicate index definition.
(Use `node --trace-warnings ...` to show where the warning was created)
Error: bind EADDRINUSE null:3838
    at listenOnPrimaryHandle (node:net:2022:18)
    at rr (node:internal/cluster/child:163:12)
    at Worker.<anonymous> (node:internal/cluster/child:113:7)
    at process.onInternalMessage (node:internal/cluster/utils:49:5)
    at process.emit (node:events:531:35)
    at emit (node:internal/child_process:949:14)
    at process.processTicksAndRejections (node:internal/process/task_queues:90:21)
2026-07-18T09:57:38: (node:1617219) [MONGOOSE] Warning: Duplicate schema index on {"domain":1} found. This is often due to declaring an index using both "index: true" and "schema.index()". Please remove the duplicate index definition.
(Use `node --trace-warnings ...` to show where the warning was created)
Error: bind EADDRINUSE null:3838
    at listenOnPrimaryHandle (node:net:2022:18)
    at rr (node:internal/cluster/child:163:12)
    at Worker.<anonymous> (node:internal/cluster/child:113:7)
    at process.onInternalMessage (node:internal/cluster/utils:49:5)
    at process.emit (node:events:531:35)
    at emit (node:internal/child_process:949:14)
    at process.processTicksAndRejections (node:internal/process/task_queues:90:21)
2026-07-18T09:57:46: (node:1617394) [MONGOOSE] Warning: Duplicate schema index on {"domain":1} found. This is often due to declaring an index using both "index: true" and "schema.index()". Please remove the duplicate index definition.
(Use `node --trace-warnings ...` to show where the warning was created)
Error: bind EADDRINUSE null:3838
    at listenOnPrimaryHandle (node:net:2022:18)
    at rr (node:internal/cluster/child:163:12)
    at Worker.<anonymous> (node:internal/cluster/child:113:7)
    at process.onInternalMessage (node:internal/cluster/utils:49:5)
    at process.emit (node:events:531:35)
    at emit (node:internal/child_process:949:14)
    at process.processTicksAndRejections (node:internal/process/task_queues:90:21)
2026-07-18T09:57:55: (node:1617551) [MONGOOSE] Warning: Duplicate schema index on {"domain":1} found. This is often due to declaring an index using both "index: true" and "schema.index()". Please remove the duplicate index definition.
(Use `node --trace-warnings ...` to show where the warning was created)
Error: bind EADDRINUSE null:3838
    at listenOnPrimaryHandle (node:net:2022:18)
    at rr (node:internal/cluster/child:163:12)
    at Worker.<anonymous> (node:internal/cluster/child:113:7)
    at process.onInternalMessage (node:internal/cluster/utils:49:5)
    at process.emit (node:events:531:35)
    at emit (node:internal/child_process:949:14)
    at process.processTicksAndRejections (node:internal/process/task_queues:90:21)
2026-07-18T09:58:04: (node:1617696) [MONGOOSE] Warning: Duplicate schema index on {"domain":1} found. This is often due to declaring an index using both "index: true" and "schema.index()". Please remove the duplicate index definition.
(Use `node --trace-warnings ...` to show where the warning was created)
Error: bind EADDRINUSE null:3838
    at listenOnPrimaryHandle (node:net:2022:18)
    at rr (node:internal/cluster/child:163:12)
    at Worker.<anonymous> (node:internal/cluster/child:113:7)
    at process.onInternalMessage (node:internal/cluster/utils:49:5)
    at process.emit (node:events:531:35)
    at emit (node:internal/child_process:949:14)
    at process.processTicksAndRejections (node:internal/process/task_queues:90:21)
2026-07-18T09:58:13: (node:1617842) [MONGOOSE] Warning: Duplicate schema index on {"domain":1} found. This is often due to declaring an index using both "index: true" and "schema.index()". Please remove the duplicate index definition.
(Use `node --trace-warnings ...` to show where the warning was created)
Error: bind EADDRINUSE null:3838
    at listenOnPrimaryHandle (node:net:2022:18)
    at rr (node:internal/cluster/child:163:12)
    at Worker.<anonymous> (node:internal/cluster/child:113:7)
    at process.onInternalMessage (node:internal/cluster/utils:49:5)
    at process.emit (node:events:531:35)
    at emit (node:internal/child_process:949:14)
    at process.processTicksAndRejections (node:internal/process/task_queues:90:21)
2026-07-18T09:58:23: (node:1617989) [MONGOOSE] Warning: Duplicate schema index on {"domain":1} found. This is often due to declaring an index using both "index: true" and "schema.index()". Please remove the duplicate index definition.
(Use `node --trace-warnings ...` to show where the warning was created)
Error: bind EADDRINUSE null:3838
    at listenOnPrimaryHandle (node:net:2022:18)
    at rr (node:internal/cluster/child:163:12)
    at Worker.<anonymous> (node:internal/cluster/child:113:7)
    at process.onInternalMessage (node:internal/cluster/utils:49:5)
    at process.emit (node:events:531:35)
    at emit (node:internal/child_process:949:14)
    at process.processTicksAndRejections (node:internal/process/task_queues:90:21)
2026-07-18T09:58:32: (node:1618163) [MONGOOSE] Warning: Duplicate schema index on {"domain":1} found. This is often due to declaring an index using both "index: true" and "schema.index()". Please remove the duplicate index definition.
(Use `node --trace-warnings ...` to show where the warning was created)
Error: bind EADDRINUSE null:3838
    at listenOnPrimaryHandle (node:net:2022:18)
    at rr (node:internal/cluster/child:163:12)
    at Worker.<anonymous> (node:internal/cluster/child:113:7)
    at process.onInternalMessage (node:internal/cluster/utils:49:5)
    at process.emit (node:events:531:35)
    at emit (node:internal/child_process:949:14)
    at process.processTicksAndRejections (node:internal/process/task_queues:90:21)
2026-07-18T09:58:41: (node:1618348) [MONGOOSE] Warning: Duplicate schema index on {"domain":1} found. This is often due to declaring an index using both "index: true" and "schema.index()". Please remove the duplicate index definition.
(Use `node --trace-warnings ...` to show where the warning was created)
Error: bind EADDRINUSE null:3838
    at listenOnPrimaryHandle (node:net:2022:18)
    at rr (node:internal/cluster/child:163:12)
    at Worker.<anonymous> (node:internal/cluster/child:113:7)
    at process.onInternalMessage (node:internal/cluster/utils:49:5)
    at process.emit (node:events:531:35)
    at emit (node:internal/child_process:949:14)
    at process.processTicksAndRejections (node:internal/process/task_queues:90:21)
2026-07-18T09:58:51: (node:1618548) [MONGOOSE] Warning: Duplicate schema index on {"domain":1} found. This is often due to declaring an index using both "index: true" and "schema.index()". Please remove the duplicate index definition.
(Use `node --trace-warnings ...` to show where the warning was created)
Error: bind EADDRINUSE null:3838
    at listenOnPrimaryHandle (node:net:2022:18)
    at rr (node:internal/cluster/child:163:12)
    at Worker.<anonymous> (node:internal/cluster/child:113:7)
    at process.onInternalMessage (node:internal/cluster/utils:49:5)
    at process.emit (node:events:531:35)
    at emit (node:internal/child_process:949:14)
    at process.processTicksAndRejections (node:internal/process/task_queues:90:21)
2026-07-18T09:59:01: (node:1618759) [MONGOOSE] Warning: Duplicate schema index on {"domain":1} found. This is often due to declaring an index using both "index: true" and "schema.index()". Please remove the duplicate index definition.
(Use `node --trace-warnings ...` to show where the warning was created)
Error: bind EADDRINUSE null:3838
    at listenOnPrimaryHandle (node:net:2022:18)
    at rr (node:internal/cluster/child:163:12)
    at Worker.<anonymous> (node:internal/cluster/child:113:7)
    at process.onInternalMessage (node:internal/cluster/utils:49:5)
    at process.emit (node:events:531:35)
    at emit (node:internal/child_process:949:14)
    at process.processTicksAndRejections (node:internal/process/task_queues:90:21)
2026-07-18T09:59:10: (node:1618907) [MONGOOSE] Warning: Duplicate schema index on {"domain":1} found. This is often due to declaring an index using both "index: true" and "schema.index()". Please remove the duplicate index definition.
(Use `node --trace-warnings ...` to show where the warning was created)
Error: bind EADDRINUSE null:3838
    at listenOnPrimaryHandle (node:net:2022:18)
    at rr (node:internal/cluster/child:163:12)
    at Worker.<anonymous> (node:internal/cluster/child:113:7)
    at process.onInternalMessage (node:internal/cluster/utils:49:5)
    at process.emit (node:events:531:35)
    at emit (node:internal/child_process:949:14)
    at process.processTicksAndRejections (node:internal/process/task_queues:90:21)
2026-07-18T09:59:19: (node:1619054) [MONGOOSE] Warning: Duplicate schema index on {"domain":1} found. This is often due to declaring an index using both "index: true" and "schema.index()". Please remove the duplicate index definition.
(Use `node --trace-warnings ...` to show where the warning was created)
Error: bind EADDRINUSE null:3838
    at listenOnPrimaryHandle (node:net:2022:18)
    at rr (node:internal/cluster/child:163:12)
    at Worker.<anonymous> (node:internal/cluster/child:113:7)
    at process.onInternalMessage (node:internal/cluster/utils:49:5)
    at process.emit (node:events:531:35)
    at emit (node:internal/child_process:949:14)
    at process.processTicksAndRejections (node:internal/process/task_queues:90:21)
2026-07-18T09:59:28: (node:1619197) [MONGOOSE] Warning: Duplicate schema index on {"domain":1} found. This is often due to declaring an index using both "index: true" and "schema.index()". Please remove the duplicate index definition.
(Use `node --trace-warnings ...` to show where the warning was created)
Error: bind EADDRINUSE null:3838
    at listenOnPrimaryHandle (node:net:2022:18)
    at rr (node:internal/cluster/child:163:12)
    at Worker.<anonymous> (node:internal/cluster/child:113:7)
    at process.onInternalMessage (node:internal/cluster/utils:49:5)
    at process.emit (node:events:531:35)
    at emit (node:internal/child_process:949:14)
    at process.processTicksAndRejections (node:internal/process/task_queues:90:21)
2026-07-18T09:59:37: (node:1619340) [MONGOOSE] Warning: Duplicate schema index on {"domain":1} found. This is often due to declaring an index using both "index: true" and "schema.index()". Please remove the duplicate index definition.
(Use `node --trace-warnings ...` to show where the warning was created)
Error: bind EADDRINUSE null:3838
    at listenOnPrimaryHandle (node:net:2022:18)
    at rr (node:internal/cluster/child:163:12)
    at Worker.<anonymous> (node:internal/cluster/child:113:7)
    at process.onInternalMessage (node:internal/cluster/utils:49:5)
    at process.emit (node:events:531:35)
    at emit (node:internal/child_process:949:14)
    at process.processTicksAndRejections (node:internal/process/task_queues:90:21)
2026-07-18T09:59:46: (node:1619484) [MONGOOSE] Warning: Duplicate schema index on {"domain":1} found. This is often due to declaring an index using both "index: true" and "schema.index()". Please remove the duplicate index definition.
(Use `node --trace-warnings ...` to show where the warning was created)
Error: bind EADDRINUSE null:3838
    at listenOnPrimaryHandle (node:net:2022:18)
    at rr (node:internal/cluster/child:163:12)
    at Worker.<anonymous> (node:internal/cluster/child:113:7)
    at process.onInternalMessage (node:internal/cluster/utils:49:5)
    at process.emit (node:events:531:35)
    at emit (node:internal/child_process:949:14)
    at process.processTicksAndRejections (node:internal/process/task_queues:90:21)
2026-07-18T09:59:54: (node:1619629) [MONGOOSE] Warning: Duplicate schema index on {"domain":1} found. This is often due to declaring an index using both "index: true" and "schema.index()". Please remove the duplicate index definition.
(Use `node --trace-warnings ...` to show where the warning was created)
Error: bind EADDRINUSE null:3838
    at listenOnPrimaryHandle (node:net:2022:18)
    at rr (node:internal/cluster/child:163:12)
    at Worker.<anonymous> (node:internal/cluster/child:113:7)
    at process.onInternalMessage (node:internal/cluster/utils:49:5)
    at process.emit (node:events:531:35)
    at emit (node:internal/child_process:949:14)
    at process.processTicksAndRejections (node:internal/process/task_queues:90:21)
2026-07-18T10:00:04: (node:1619783) [MONGOOSE] Warning: Duplicate schema index on {"domain":1} found. This is often due to declaring an index using both "index: true" and "schema.index()". Please remove the duplicate index definition.
(Use `node --trace-warnings ...` to show where the warning was created)
Error: bind EADDRINUSE null:3838
    at listenOnPrimaryHandle (node:net:2022:18)
    at rr (node:internal/cluster/child:163:12)
    at Worker.<anonymous> (node:internal/cluster/child:113:7)
    at process.onInternalMessage (node:internal/cluster/utils:49:5)
    at process.emit (node:events:531:35)
    at emit (node:internal/child_process:949:14)
    at process.processTicksAndRejections (node:internal/process/task_queues:90:21)
2026-07-18T10:00:12: (node:1619928) [MONGOOSE] Warning: Duplicate schema index on {"domain":1} found. This is often due to declaring an index using both "index: true" and "schema.index()". Please remove the duplicate index definition.
(Use `node --trace-warnings ...` to show where the warning was created)
Error: bind EADDRINUSE null:3838
    at listenOnPrimaryHandle (node:net:2022:18)
    at rr (node:internal/cluster/child:163:12)
    at Worker.<anonymous> (node:internal/cluster/child:113:7)
    at process.onInternalMessage (node:internal/cluster/utils:49:5)
    at process.emit (node:events:531:35)
    at emit (node:internal/child_process:949:14)
    at process.processTicksAndRejections (node:internal/process/task_queues:90:21)
2026-07-18T10:00:20: (node:1620073) [MONGOOSE] Warning: Duplicate schema index on {"domain":1} found. This is often due to declaring an index using both "index: true" and "schema.index()". Please remove the duplicate index definition.
(Use `node --trace-warnings ...` to show where the warning was created)
Error: bind EADDRINUSE null:3838
    at listenOnPrimaryHandle (node:net:2022:18)
    at rr (node:internal/cluster/child:163:12)
    at Worker.<anonymous> (node:internal/cluster/child:113:7)
    at process.onInternalMessage (node:internal/cluster/utils:49:5)
    at process.emit (node:events:531:35)
    at emit (node:internal/child_process:949:14)
    at process.processTicksAndRejections (node:internal/process/task_queues:90:21)
2026-07-18T10:00:29: (node:1620218) [MONGOOSE] Warning: Duplicate schema index on {"domain":1} found. This is often due to declaring an index using both "index: true" and "schema.index()". Please remove the duplicate index definition.
(Use `node --trace-warnings ...` to show where the warning was created)
Error: bind EADDRINUSE null:3838
    at listenOnPrimaryHandle (node:net:2022:18)
    at rr (node:internal/cluster/child:163:12)
    at Worker.<anonymous> (node:internal/cluster/child:113:7)
    at process.onInternalMessage (node:internal/cluster/utils:49:5)
    at process.emit (node:events:531:35)
    at emit (node:internal/child_process:949:14)
    at process.processTicksAndRejections (node:internal/process/task_queues:90:21)
2026-07-18T10:00:38: (node:1620358) [MONGOOSE] Warning: Duplicate schema index on {"domain":1} found. This is often due to declaring an index using both "index: true" and "schema.index()". Please remove the duplicate index definition.
(Use `node --trace-warnings ...` to show where the warning was created)
Error: bind EADDRINUSE null:3838
    at listenOnPrimaryHandle (node:net:2022:18)
    at rr (node:internal/cluster/child:163:12)
    at Worker.<anonymous> (node:internal/cluster/child:113:7)
    at process.onInternalMessage (node:internal/cluster/utils:49:5)
    at process.emit (node:events:531:35)
    at emit (node:internal/child_process:949:14)
    at process.processTicksAndRejections (node:internal/process/task_queues:90:21)
2026-07-18T10:00:47: (node:1620510) [MONGOOSE] Warning: Duplicate schema index on {"domain":1} found. This is often due to declaring an index using both "index: true" and "schema.index()". Please remove the duplicate index definition.
(Use `node --trace-warnings ...` to show where the warning was created)
Error: bind EADDRINUSE null:3838
    at listenOnPrimaryHandle (node:net:2022:18)
    at rr (node:internal/cluster/child:163:12)
    at Worker.<anonymous> (node:internal/cluster/child:113:7)
    at process.onInternalMessage (node:internal/cluster/utils:49:5)
    at process.emit (node:events:531:35)
    at emit (node:internal/child_process:949:14)
    at process.processTicksAndRejections (node:internal/process/task_queues:90:21)
2026-07-18T10:00:56: (node:1620653) [MONGOOSE] Warning: Duplicate schema index on {"domain":1} found. This is often due to declaring an index using both "index: true" and "schema.index()". Please remove the duplicate index definition.
(Use `node --trace-warnings ...` to show where the warning was created)
Error: bind EADDRINUSE null:3838
    at listenOnPrimaryHandle (node:net:2022:18)
    at rr (node:internal/cluster/child:163:12)
    at Worker.<anonymous> (node:internal/cluster/child:113:7)
    at process.onInternalMessage (node:internal/cluster/utils:49:5)
    at process.emit (node:events:531:35)
    at emit (node:internal/child_process:949:14)
    at process.processTicksAndRejections (node:internal/process/task_queues:90:21)
2026-07-18T10:01:05: (node:1620802) [MONGOOSE] Warning: Duplicate schema index on {"domain":1} found. This is often due to declaring an index using both "index: true" and "schema.index()". Please remove the duplicate index definition.
(Use `node --trace-warnings ...` to show where the warning was created)
Error: bind EADDRINUSE null:3838
    at listenOnPrimaryHandle (node:net:2022:18)
    at rr (node:internal/cluster/child:163:12)
    at Worker.<anonymous> (node:internal/cluster/child:113:7)
    at process.onInternalMessage (node:internal/cluster/utils:49:5)
    at process.emit (node:events:531:35)
    at emit (node:internal/child_process:949:14)
    at process.processTicksAndRejections (node:internal/process/task_queues:90:21)
2026-07-18T10:01:14: (node:1620954) [MONGOOSE] Warning: Duplicate schema index on {"domain":1} found. This is often due to declaring an index using both "index: true" and "schema.index()". Please remove the duplicate index definition.
(Use `node --trace-warnings ...` to show where the warning was created)
Error: bind EADDRINUSE null:3838
    at listenOnPrimaryHandle (node:net:2022:18)
    at rr (node:internal/cluster/child:163:12)
    at Worker.<anonymous> (node:internal/cluster/child:113:7)
    at process.onInternalMessage (node:internal/cluster/utils:49:5)
    at process.emit (node:events:531:35)
    at emit (node:internal/child_process:949:14)
    at process.processTicksAndRejections (node:internal/process/task_queues:90:21)
2026-07-18T10:01:24: (node:1621098) [MONGOOSE] Warning: Duplicate schema index on {"domain":1} found. This is often due to declaring an index using both "index: true" and "schema.index()". Please remove the duplicate index definition.
(Use `node --trace-warnings ...` to show where the warning was created)
Error: bind EADDRINUSE null:3838
    at listenOnPrimaryHandle (node:net:2022:18)
    at rr (node:internal/cluster/child:163:12)
    at Worker.<anonymous> (node:internal/cluster/child:113:7)
    at process.onInternalMessage (node:internal/cluster/utils:49:5)
    at process.emit (node:events:531:35)
    at emit (node:internal/child_process:949:14)
    at process.processTicksAndRejections (node:internal/process/task_queues:90:21)
2026-07-18T10:01:32: (node:1621242) [MONGOOSE] Warning: Duplicate schema index on {"domain":1} found. This is often due to declaring an index using both "index: true" and "schema.index()". Please remove the duplicate index definition.
(Use `node --trace-warnings ...` to show where the warning was created)
Error: bind EADDRINUSE null:3838
    at listenOnPrimaryHandle (node:net:2022:18)
    at rr (node:internal/cluster/child:163:12)
    at Worker.<anonymous> (node:internal/cluster/child:113:7)
    at process.onInternalMessage (node:internal/cluster/utils:49:5)
    at process.emit (node:events:531:35)
    at emit (node:internal/child_process:949:14)
    at process.processTicksAndRejections (node:internal/process/task_queues:90:21)
2026-07-18T10:01:41: (node:1621389) [MONGOOSE] Warning: Duplicate schema index on {"domain":1} found. This is often due to declaring an index using both "index: true" and "schema.index()". Please remove the duplicate index definition.
(Use `node --trace-warnings ...` to show where the warning was created)
Error: bind EADDRINUSE null:3838
    at listenOnPrimaryHandle (node:net:2022:18)
    at rr (node:internal/cluster/child:163:12)
    at Worker.<anonymous> (node:internal/cluster/child:113:7)
    at process.onInternalMessage (node:internal/cluster/utils:49:5)
    at process.emit (node:events:531:35)
    at emit (node:internal/child_process:949:14)
    at process.processTicksAndRejections (node:internal/process/task_queues:90:21)
2026-07-18T10:01:51: (node:1621556) [MONGOOSE] Warning: Duplicate schema index on {"domain":1} found. This is often due to declaring an index using both "index: true" and "schema.index()". Please remove the duplicate index definition.
(Use `node --trace-warnings ...` to show where the warning was created)
Error: bind EADDRINUSE null:3838
    at listenOnPrimaryHandle (node:net:2022:18)
    at rr (node:internal/cluster/child:163:12)
    at Worker.<anonymous> (node:internal/cluster/child:113:7)
    at process.onInternalMessage (node:internal/cluster/utils:49:5)
    at process.emit (node:events:531:35)
    at emit (node:internal/child_process:949:14)
    at process.processTicksAndRejections (node:internal/process/task_queues:90:21)
2026-07-18T10:02:00: (node:1621715) [MONGOOSE] Warning: Duplicate schema index on {"domain":1} found. This is often due to declaring an index using both "index: true" and "schema.index()". Please remove the duplicate index definition.
(Use `node --trace-warnings ...` to show where the warning was created)
Error: bind EADDRINUSE null:3838
    at listenOnPrimaryHandle (node:net:2022:18)
    at rr (node:internal/cluster/child:163:12)
    at Worker.<anonymous> (node:internal/cluster/child:113:7)
    at process.onInternalMessage (node:internal/cluster/utils:49:5)
    at process.emit (node:events:531:35)
    at emit (node:internal/child_process:949:14)
    at process.processTicksAndRejections (node:internal/process/task_queues:90:21)
2026-07-18T10:02:08: (node:1621860) [MONGOOSE] Warning: Duplicate schema index on {"domain":1} found. This is often due to declaring an index using both "index: true" and "schema.index()". Please remove the duplicate index definition.
(Use `node --trace-warnings ...` to show where the warning was created)
Error: bind EADDRINUSE null:3838
    at listenOnPrimaryHandle (node:net:2022:18)
    at rr (node:internal/cluster/child:163:12)
    at Worker.<anonymous> (node:internal/cluster/child:113:7)
    at process.onInternalMessage (node:internal/cluster/utils:49:5)
    at process.emit (node:events:531:35)
    at emit (node:internal/child_process:949:14)
    at process.processTicksAndRejections (node:internal/process/task_queues:90:21)
2026-07-18T10:02:17: (node:1622000) [MONGOOSE] Warning: Duplicate schema index on {"domain":1} found. This is often due to declaring an index using both "index: true" and "schema.index()". Please remove the duplicate index definition.
(Use `node --trace-warnings ...` to show where the warning was created)
Error: bind EADDRINUSE null:3838
    at listenOnPrimaryHandle (node:net:2022:18)
    at rr (node:internal/cluster/child:163:12)
    at Worker.<anonymous> (node:internal/cluster/child:113:7)
    at process.onInternalMessage (node:internal/cluster/utils:49:5)
    at process.emit (node:events:531:35)
    at emit (node:internal/child_process:949:14)
    at process.processTicksAndRejections (node:internal/process/task_queues:90:21)
2026-07-18T10:02:25: (node:1622166) [MONGOOSE] Warning: Duplicate schema index on {"domain":1} found. This is often due to declaring an index using both "index: true" and "schema.index()". Please remove the duplicate index definition.
(Use `node --trace-warnings ...` to show where the warning was created)
Error: bind EADDRINUSE null:3838
    at listenOnPrimaryHandle (node:net:2022:18)
    at rr (node:internal/cluster/child:163:12)
    at Worker.<anonymous> (node:internal/cluster/child:113:7)
    at process.onInternalMessage (node:internal/cluster/utils:49:5)
    at process.emit (node:events:531:35)
    at emit (node:internal/child_process:949:14)
    at process.processTicksAndRejections (node:internal/process/task_queues:90:21)
2026-07-18T10:02:35: (node:1622384) [MONGOOSE] Warning: Duplicate schema index on {"domain":1} found. This is often due to declaring an index using both "index: true" and "schema.index()". Please remove the duplicate index definition.
(Use `node --trace-warnings ...` to show where the warning was created)
Error: bind EADDRINUSE null:3838
    at listenOnPrimaryHandle (node:net:2022:18)
    at rr (node:internal/cluster/child:163:12)
    at Worker.<anonymous> (node:internal/cluster/child:113:7)
    at process.onInternalMessage (node:internal/cluster/utils:49:5)
    at process.emit (node:events:531:35)
    at emit (node:internal/child_process:949:14)
    at process.processTicksAndRejections (node:internal/process/task_queues:90:21)
2026-07-18T10:02:45: (node:1622597) [MONGOOSE] Warning: Duplicate schema index on {"domain":1} found. This is often due to declaring an index using both "index: true" and "schema.index()". Please remove the duplicate index definition.
(Use `node --trace-warnings ...` to show where the warning was created)
Error: bind EADDRINUSE null:3838
    at listenOnPrimaryHandle (node:net:2022:18)
    at rr (node:internal/cluster/child:163:12)
    at Worker.<anonymous> (node:internal/cluster/child:113:7)
    at process.onInternalMessage (node:internal/cluster/utils:49:5)
    at process.emit (node:events:531:35)
    at emit (node:internal/child_process:949:14)
    at process.processTicksAndRejections (node:internal/process/task_queues:90:21)
2026-07-18T10:02:54: (node:1622760) [MONGOOSE] Warning: Duplicate schema index on {"domain":1} found. This is often due to declaring an index using both "index: true" and "schema.index()". Please remove the duplicate index definition.
(Use `node --trace-warnings ...` to show where the warning was created)
Error: bind EADDRINUSE null:3838
    at listenOnPrimaryHandle (node:net:2022:18)
    at rr (node:internal/cluster/child:163:12)
    at Worker.<anonymous> (node:internal/cluster/child:113:7)
    at process.onInternalMessage (node:internal/cluster/utils:49:5)
    at process.emit (node:events:531:35)
    at emit (node:internal/child_process:949:14)
    at process.processTicksAndRejections (node:internal/process/task_queues:90:21)
2026-07-18T10:03:03: (node:1622908) [MONGOOSE] Warning: Duplicate schema index on {"domain":1} found. This is often due to declaring an index using both "index: true" and "schema.index()". Please remove the duplicate index definition.
(Use `node --trace-warnings ...` to show where the warning was created)
Error: bind EADDRINUSE null:3838
    at listenOnPrimaryHandle (node:net:2022:18)
    at rr (node:internal/cluster/child:163:12)
    at Worker.<anonymous> (node:internal/cluster/child:113:7)
    at process.onInternalMessage (node:internal/cluster/utils:49:5)
    at process.emit (node:events:531:35)
    at emit (node:internal/child_process:949:14)
    at process.processTicksAndRejections (node:internal/process/task_queues:90:21)
2026-07-18T10:03:12: (node:1623054) [MONGOOSE] Warning: Duplicate schema index on {"domain":1} found. This is often due to declaring an index using both "index: true" and "schema.index()". Please remove the duplicate index definition.
(Use `node --trace-warnings ...` to show where the warning was created)
Error: bind EADDRINUSE null:3838
    at listenOnPrimaryHandle (node:net:2022:18)
    at rr (node:internal/cluster/child:163:12)
    at Worker.<anonymous> (node:internal/cluster/child:113:7)
    at process.onInternalMessage (node:internal/cluster/utils:49:5)
    at process.emit (node:events:531:35)
    at emit (node:internal/child_process:949:14)
    at process.processTicksAndRejections (node:internal/process/task_queues:90:21)
2026-07-18T10:03:20: (node:1623201) [MONGOOSE] Warning: Duplicate schema index on {"domain":1} found. This is often due to declaring an index using both "index: true" and "schema.index()". Please remove the duplicate index definition.
(Use `node --trace-warnings ...` to show where the warning was created)
Error: bind EADDRINUSE null:3838
    at listenOnPrimaryHandle (node:net:2022:18)
    at rr (node:internal/cluster/child:163:12)
    at Worker.<anonymous> (node:internal/cluster/child:113:7)
    at process.onInternalMessage (node:internal/cluster/utils:49:5)
    at process.emit (node:events:531:35)
    at emit (node:internal/child_process:949:14)
    at process.processTicksAndRejections (node:internal/process/task_queues:90:21)
2026-07-18T10:03:29: (node:1623344) [MONGOOSE] Warning: Duplicate schema index on {"domain":1} found. This is often due to declaring an index using both "index: true" and "schema.index()". Please remove the duplicate index definition.
(Use `node --trace-warnings ...` to show where the warning was created)
Error: bind EADDRINUSE null:3838
    at listenOnPrimaryHandle (node:net:2022:18)
    at rr (node:internal/cluster/child:163:12)
    at Worker.<anonymous> (node:internal/cluster/child:113:7)
    at process.onInternalMessage (node:internal/cluster/utils:49:5)
    at process.emit (node:events:531:35)
    at emit (node:internal/child_process:949:14)
    at process.processTicksAndRejections (node:internal/process/task_queues:90:21)
2026-07-18T10:03:37: (node:1623483) [MONGOOSE] Warning: Duplicate schema index on {"domain":1} found. This is often due to declaring an index using both "index: true" and "schema.index()". Please remove the duplicate index definition.
(Use `node --trace-warnings ...` to show where the warning was created)
Error: bind EADDRINUSE null:3838
    at listenOnPrimaryHandle (node:net:2022:18)
    at rr (node:internal/cluster/child:163:12)
    at Worker.<anonymous> (node:internal/cluster/child:113:7)
    at process.onInternalMessage (node:internal/cluster/utils:49:5)
    at process.emit (node:events:531:35)
    at emit (node:internal/child_process:949:14)
    at process.processTicksAndRejections (node:internal/process/task_queues:90:21)
2026-07-18T10:03:46: (node:1623626) [MONGOOSE] Warning: Duplicate schema index on {"domain":1} found. This is often due to declaring an index using both "index: true" and "schema.index()". Please remove the duplicate index definition.
(Use `node --trace-warnings ...` to show where the warning was created)
Error: bind EADDRINUSE null:3838
    at listenOnPrimaryHandle (node:net:2022:18)
    at rr (node:internal/cluster/child:163:12)
    at Worker.<anonymous> (node:internal/cluster/child:113:7)
    at process.onInternalMessage (node:internal/cluster/utils:49:5)
    at process.emit (node:events:531:35)
    at emit (node:internal/child_process:949:14)
    at process.processTicksAndRejections (node:internal/process/task_queues:90:21)
2026-07-18T10:03:55: (node:1623768) [MONGOOSE] Warning: Duplicate schema index on {"domain":1} found. This is often due to declaring an index using both "index: true" and "schema.index()". Please remove the duplicate index definition.
(Use `node --trace-warnings ...` to show where the warning was created)
Error: bind EADDRINUSE null:3838
    at listenOnPrimaryHandle (node:net:2022:18)
    at rr (node:internal/cluster/child:163:12)
    at Worker.<anonymous> (node:internal/cluster/child:113:7)
    at process.onInternalMessage (node:internal/cluster/utils:49:5)
    at process.emit (node:events:531:35)
    at emit (node:internal/child_process:949:14)
    at process.processTicksAndRejections (node:internal/process/task_queues:90:21)
2026-07-18T10:04:03: (node:1623915) [MONGOOSE] Warning: Duplicate schema index on {"domain":1} found. This is often due to declaring an index using both "index: true" and "schema.index()". Please remove the duplicate index definition.
(Use `node --trace-warnings ...` to show where the warning was created)
Error: bind EADDRINUSE null:3838
    at listenOnPrimaryHandle (node:net:2022:18)
    at rr (node:internal/cluster/child:163:12)
    at Worker.<anonymous> (node:internal/cluster/child:113:7)
    at process.onInternalMessage (node:internal/cluster/utils:49:5)
    at process.emit (node:events:531:35)
    at emit (node:internal/child_process:949:14)
    at process.processTicksAndRejections (node:internal/process/task_queues:90:21)
2026-07-18T10:04:12: (node:1624060) [MONGOOSE] Warning: Duplicate schema index on {"domain":1} found. This is often due to declaring an index using both "index: true" and "schema.index()". Please remove the duplicate index definition.
(Use `node --trace-warnings ...` to show where the warning was created)
Error: bind EADDRINUSE null:3838
    at listenOnPrimaryHandle (node:net:2022:18)
    at rr (node:internal/cluster/child:163:12)
    at Worker.<anonymous> (node:internal/cluster/child:113:7)
    at process.onInternalMessage (node:internal/cluster/utils:49:5)
    at process.emit (node:events:531:35)
    at emit (node:internal/child_process:949:14)
    at process.processTicksAndRejections (node:internal/process/task_queues:90:21)
2026-07-18T10:04:21: (node:1624201) [MONGOOSE] Warning: Duplicate schema index on {"domain":1} found. This is often due to declaring an index using both "index: true" and "schema.index()". Please remove the duplicate index definition.
(Use `node --trace-warnings ...` to show where the warning was created)
Error: bind EADDRINUSE null:3838
    at listenOnPrimaryHandle (node:net:2022:18)
    at rr (node:internal/cluster/child:163:12)
    at Worker.<anonymous> (node:internal/cluster/child:113:7)
    at process.onInternalMessage (node:internal/cluster/utils:49:5)
    at process.emit (node:events:531:35)
    at emit (node:internal/child_process:949:14)
    at process.processTicksAndRejections (node:internal/process/task_queues:90:21)
2026-07-18T10:04:29: (node:1624344) [MONGOOSE] Warning: Duplicate schema index on {"domain":1} found. This is often due to declaring an index using both "index: true" and "schema.index()". Please remove the duplicate index definition.
(Use `node --trace-warnings ...` to show where the warning was created)
Error: bind EADDRINUSE null:3838
    at listenOnPrimaryHandle (node:net:2022:18)
    at rr (node:internal/cluster/child:163:12)
    at Worker.<anonymous> (node:internal/cluster/child:113:7)
    at process.onInternalMessage (node:internal/cluster/utils:49:5)
    at process.emit (node:events:531:35)
    at emit (node:internal/child_process:949:14)
    at process.processTicksAndRejections (node:internal/process/task_queues:90:21)
2026-07-18T10:04:39: (node:1624486) [MONGOOSE] Warning: Duplicate schema index on {"domain":1} found. This is often due to declaring an index using both "index: true" and "schema.index()". Please remove the duplicate index definition.
(Use `node --trace-warnings ...` to show where the warning was created)
Error: bind EADDRINUSE null:3838
    at listenOnPrimaryHandle (node:net:2022:18)
    at rr (node:internal/cluster/child:163:12)
    at Worker.<anonymous> (node:internal/cluster/child:113:7)
    at process.onInternalMessage (node:internal/cluster/utils:49:5)
    at process.emit (node:events:531:35)
    at emit (node:internal/child_process:949:14)
    at process.processTicksAndRejections (node:internal/process/task_queues:90:21)
2026-07-18T10:04:47: (node:1624629) [MONGOOSE] Warning: Duplicate schema index on {"domain":1} found. This is often due to declaring an index using both "index: true" and "schema.index()". Please remove the duplicate index definition.
(Use `node --trace-warnings ...` to show where the warning was created)
Error: bind EADDRINUSE null:3838
    at listenOnPrimaryHandle (node:net:2022:18)
    at rr (node:internal/cluster/child:163:12)
    at Worker.<anonymous> (node:internal/cluster/child:113:7)
    at process.onInternalMessage (node:internal/cluster/utils:49:5)
    at process.emit (node:events:531:35)
    at emit (node:internal/child_process:949:14)
    at process.processTicksAndRejections (node:internal/process/task_queues:90:21)
2026-07-18T10:04:55: (node:1624775) [MONGOOSE] Warning: Duplicate schema index on {"domain":1} found. This is often due to declaring an index using both "index: true" and "schema.index()". Please remove the duplicate index definition.
(Use `node --trace-warnings ...` to show where the warning was created)
Error: bind EADDRINUSE null:3838
    at listenOnPrimaryHandle (node:net:2022:18)
    at rr (node:internal/cluster/child:163:12)
    at Worker.<anonymous> (node:internal/cluster/child:113:7)
    at process.onInternalMessage (node:internal/cluster/utils:49:5)
    at process.emit (node:events:531:35)
    at emit (node:internal/child_process:949:14)
    at process.processTicksAndRejections (node:internal/process/task_queues:90:21)
2026-07-18T10:05:05: (node:1624925) [MONGOOSE] Warning: Duplicate schema index on {"domain":1} found. This is often due to declaring an index using both "index: true" and "schema.index()". Please remove the duplicate index definition.
(Use `node --trace-warnings ...` to show where the warning was created)
Error: bind EADDRINUSE null:3838
    at listenOnPrimaryHandle (node:net:2022:18)
    at rr (node:internal/cluster/child:163:12)
    at Worker.<anonymous> (node:internal/cluster/child:113:7)
    at process.onInternalMessage (node:internal/cluster/utils:49:5)
    at process.emit (node:events:531:35)
    at emit (node:internal/child_process:949:14)
    at process.processTicksAndRejections (node:internal/process/task_queues:90:21)
2026-07-18T10:05:13: (node:1625067) [MONGOOSE] Warning: Duplicate schema index on {"domain":1} found. This is often due to declaring an index using both "index: true" and "schema.index()". Please remove the duplicate index definition.
(Use `node --trace-warnings ...` to show where the warning was created)
Error: bind EADDRINUSE null:3838
    at listenOnPrimaryHandle (node:net:2022:18)
    at rr (node:internal/cluster/child:163:12)
    at Worker.<anonymous> (node:internal/cluster/child:113:7)
    at process.onInternalMessage (node:internal/cluster/utils:49:5)
    at process.emit (node:events:531:35)
    at emit (node:internal/child_process:949:14)
    at process.processTicksAndRejections (node:internal/process/task_queues:90:21)
2026-07-18T10:05:22: (node:1625218) [MONGOOSE] Warning: Duplicate schema index on {"domain":1} found. This is often due to declaring an index using both "index: true" and "schema.index()". Please remove the duplicate index definition.
(Use `node --trace-warnings ...` to show where the warning was created)
Error: bind EADDRINUSE null:3838
    at listenOnPrimaryHandle (node:net:2022:18)
    at rr (node:internal/cluster/child:163:12)
    at Worker.<anonymous> (node:internal/cluster/child:113:7)
    at process.onInternalMessage (node:internal/cluster/utils:49:5)
    at process.emit (node:events:531:35)
    at emit (node:internal/child_process:949:14)
    at process.processTicksAndRejections (node:internal/process/task_queues:90:21)
2026-07-18T10:05:31: (node:1625365) [MONGOOSE] Warning: Duplicate schema index on {"domain":1} found. This is often due to declaring an index using both "index: true" and "schema.index()". Please remove the duplicate index definition.
(Use `node --trace-warnings ...` to show where the warning was created)
Error: bind EADDRINUSE null:3838
    at listenOnPrimaryHandle (node:net:2022:18)
    at rr (node:internal/cluster/child:163:12)
    at Worker.<anonymous> (node:internal/cluster/child:113:7)
    at process.onInternalMessage (node:internal/cluster/utils:49:5)
    at process.emit (node:events:531:35)
    at emit (node:internal/child_process:949:14)
    at process.processTicksAndRejections (node:internal/process/task_queues:90:21)
2026-07-18T10:05:41: (node:1625509) [MONGOOSE] Warning: Duplicate schema index on {"domain":1} found. This is often due to declaring an index using both "index: true" and "schema.index()". Please remove the duplicate index definition.
(Use `node --trace-warnings ...` to show where the warning was created)
Error: bind EADDRINUSE null:3838
    at listenOnPrimaryHandle (node:net:2022:18)
    at rr (node:internal/cluster/child:163:12)
    at Worker.<anonymous> (node:internal/cluster/child:113:7)
    at process.onInternalMessage (node:internal/cluster/utils:49:5)
    at process.emit (node:events:531:35)
    at emit (node:internal/child_process:949:14)
    at process.processTicksAndRejections (node:internal/process/task_queues:90:21)
2026-07-18T10:05:49: (node:1625662) [MONGOOSE] Warning: Duplicate schema index on {"domain":1} found. This is often due to declaring an index using both "index: true" and "schema.index()". Please remove the duplicate index definition.
(Use `node --trace-warnings ...` to show where the warning was created)
Error: bind EADDRINUSE null:3838
    at listenOnPrimaryHandle (node:net:2022:18)
    at rr (node:internal/cluster/child:163:12)
    at Worker.<anonymous> (node:internal/cluster/child:113:7)
    at process.onInternalMessage (node:internal/cluster/utils:49:5)
    at process.emit (node:events:531:35)
    at emit (node:internal/child_process:949:14)
    at process.processTicksAndRejections (node:internal/process/task_queues:90:21)
2026-07-18T10:05:58: (node:1625804) [MONGOOSE] Warning: Duplicate schema index on {"domain":1} found. This is often due to declaring an index using both "index: true" and "schema.index()". Please remove the duplicate index definition.
(Use `node --trace-warnings ...` to show where the warning was created)
Error: bind EADDRINUSE null:3838
    at listenOnPrimaryHandle (node:net:2022:18)
    at rr (node:internal/cluster/child:163:12)
    at Worker.<anonymous> (node:internal/cluster/child:113:7)
    at process.onInternalMessage (node:internal/cluster/utils:49:5)
    at process.emit (node:events:531:35)
    at emit (node:internal/child_process:949:14)
    at process.processTicksAndRejections (node:internal/process/task_queues:90:21)
2026-07-18T10:06:10: (node:1626020) [MONGOOSE] Warning: Duplicate schema index on {"domain":1} found. This is often due to declaring an index using both "index: true" and "schema.index()". Please remove the duplicate index definition.
(Use `node --trace-warnings ...` to show where the warning was created)
Error: bind EADDRINUSE null:3838
    at listenOnPrimaryHandle (node:net:2022:18)
    at rr (node:internal/cluster/child:163:12)
    at Worker.<anonymous> (node:internal/cluster/child:113:7)
    at process.onInternalMessage (node:internal/cluster/utils:49:5)
    at process.emit (node:events:531:35)
    at emit (node:internal/child_process:949:14)
    at process.processTicksAndRejections (node:internal/process/task_queues:90:21)
2026-07-18T10:06:20: (node:1626246) [MONGOOSE] Warning: Duplicate schema index on {"domain":1} found. This is often due to declaring an index using both "index: true" and "schema.index()". Please remove the duplicate index definition.
(Use `node --trace-warnings ...` to show where the warning was created)
Error: bind EADDRINUSE null:3838
    at listenOnPrimaryHandle (node:net:2022:18)
    at rr (node:internal/cluster/child:163:12)
    at Worker.<anonymous> (node:internal/cluster/child:113:7)
    at process.onInternalMessage (node:internal/cluster/utils:49:5)
    at process.emit (node:events:531:35)
    at emit (node:internal/child_process:949:14)
    at process.processTicksAndRejections (node:internal/process/task_queues:90:21)
2026-07-18T10:06:29: (node:1626398) [MONGOOSE] Warning: Duplicate schema index on {"domain":1} found. This is often due to declaring an index using both "index: true" and "schema.index()". Please remove the duplicate index definition.
(Use `node --trace-warnings ...` to show where the warning was created)
Error: bind EADDRINUSE null:3838
    at listenOnPrimaryHandle (node:net:2022:18)
    at rr (node:internal/cluster/child:163:12)
    at Worker.<anonymous> (node:internal/cluster/child:113:7)
    at process.onInternalMessage (node:internal/cluster/utils:49:5)
    at process.emit (node:events:531:35)
    at emit (node:internal/child_process:949:14)
    at process.processTicksAndRejections (node:internal/process/task_queues:90:21)
2026-07-18T10:06:38: (node:1626544) [MONGOOSE] Warning: Duplicate schema index on {"domain":1} found. This is often due to declaring an index using both "index: true" and "schema.index()". Please remove the duplicate index definition.
(Use `node --trace-warnings ...` to show where the warning was created)
Error: bind EADDRINUSE null:3838
    at listenOnPrimaryHandle (node:net:2022:18)
    at rr (node:internal/cluster/child:163:12)
    at Worker.<anonymous> (node:internal/cluster/child:113:7)
    at process.onInternalMessage (node:internal/cluster/utils:49:5)
    at process.emit (node:events:531:35)
    at emit (node:internal/child_process:949:14)
    at process.processTicksAndRejections (node:internal/process/task_queues:90:21)
2026-07-18T10:06:47: (node:1626684) [MONGOOSE] Warning: Duplicate schema index on {"domain":1} found. This is often due to declaring an index using both "index: true" and "schema.index()". Please remove the duplicate index definition.
(Use `node --trace-warnings ...` to show where the warning was created)
Error: bind EADDRINUSE null:3838
    at listenOnPrimaryHandle (node:net:2022:18)
    at rr (node:internal/cluster/child:163:12)
    at Worker.<anonymous> (node:internal/cluster/child:113:7)
    at process.onInternalMessage (node:internal/cluster/utils:49:5)
    at process.emit (node:events:531:35)
    at emit (node:internal/child_process:949:14)
    at process.processTicksAndRejections (node:internal/process/task_queues:90:21)
2026-07-18T10:06:55: (node:1626826) [MONGOOSE] Warning: Duplicate schema index on {"domain":1} found. This is often due to declaring an index using both "index: true" and "schema.index()". Please remove the duplicate index definition.
(Use `node --trace-warnings ...` to show where the warning was created)
Error: bind EADDRINUSE null:3838
    at listenOnPrimaryHandle (node:net:2022:18)
    at rr (node:internal/cluster/child:163:12)
    at Worker.<anonymous> (node:internal/cluster/child:113:7)
    at process.onInternalMessage (node:internal/cluster/utils:49:5)
    at process.emit (node:events:531:35)
    at emit (node:internal/child_process:949:14)
    at process.processTicksAndRejections (node:internal/process/task_queues:90:21)
2026-07-18T10:07:04: (node:1626975) [MONGOOSE] Warning: Duplicate schema index on {"domain":1} found. This is often due to declaring an index using both "index: true" and "schema.index()". Please remove the duplicate index definition.
(Use `node --trace-warnings ...` to show where the warning was created)
Error: bind EADDRINUSE null:3838
    at listenOnPrimaryHandle (node:net:2022:18)
    at rr (node:internal/cluster/child:163:12)
    at Worker.<anonymous> (node:internal/cluster/child:113:7)
    at process.onInternalMessage (node:internal/cluster/utils:49:5)
    at process.emit (node:events:531:35)
    at emit (node:internal/child_process:949:14)
    at process.processTicksAndRejections (node:internal/process/task_queues:90:21)
2026-07-18T10:07:13: (node:1627114) [MONGOOSE] Warning: Duplicate schema index on {"domain":1} found. This is often due to declaring an index using both "index: true" and "schema.index()". Please remove the duplicate index definition.
(Use `node --trace-warnings ...` to show where the warning was created)
Error: bind EADDRINUSE null:3838
    at listenOnPrimaryHandle (node:net:2022:18)
    at rr (node:internal/cluster/child:163:12)
    at Worker.<anonymous> (node:internal/cluster/child:113:7)
    at process.onInternalMessage (node:internal/cluster/utils:49:5)
    at process.emit (node:events:531:35)
    at emit (node:internal/child_process:949:14)
    at process.processTicksAndRejections (node:internal/process/task_queues:90:21)
2026-07-18T10:07:21: (node:1627260) [MONGOOSE] Warning: Duplicate schema index on {"domain":1} found. This is often due to declaring an index using both "index: true" and "schema.index()". Please remove the duplicate index definition.
(Use `node --trace-warnings ...` to show where the warning was created)
Error: bind EADDRINUSE null:3838
    at listenOnPrimaryHandle (node:net:2022:18)
    at rr (node:internal/cluster/child:163:12)
    at Worker.<anonymous> (node:internal/cluster/child:113:7)
    at process.onInternalMessage (node:internal/cluster/utils:49:5)
    at process.emit (node:events:531:35)
    at emit (node:internal/child_process:949:14)
    at process.processTicksAndRejections (node:internal/process/task_queues:90:21)
2026-07-18T10:07:31: (node:1627406) [MONGOOSE] Warning: Duplicate schema index on {"domain":1} found. This is often due to declaring an index using both "index: true" and "schema.index()". Please remove the duplicate index definition.
(Use `node --trace-warnings ...` to show where the warning was created)
Error: bind EADDRINUSE null:3838
    at listenOnPrimaryHandle (node:net:2022:18)
    at rr (node:internal/cluster/child:163:12)
    at Worker.<anonymous> (node:internal/cluster/child:113:7)
    at process.onInternalMessage (node:internal/cluster/utils:49:5)
    at process.emit (node:events:531:35)
    at emit (node:internal/child_process:949:14)
    at process.processTicksAndRejections (node:internal/process/task_queues:90:21)
2026-07-18T10:07:39: (node:1627549) [MONGOOSE] Warning: Duplicate schema index on {"domain":1} found. This is often due to declaring an index using both "index: true" and "schema.index()". Please remove the duplicate index definition.
(Use `node --trace-warnings ...` to show where the warning was created)
Error: bind EADDRINUSE null:3838
    at listenOnPrimaryHandle (node:net:2022:18)
    at rr (node:internal/cluster/child:163:12)
    at Worker.<anonymous> (node:internal/cluster/child:113:7)
    at process.onInternalMessage (node:internal/cluster/utils:49:5)
    at process.emit (node:events:531:35)
    at emit (node:internal/child_process:949:14)
    at process.processTicksAndRejections (node:internal/process/task_queues:90:21)
2026-07-18T10:07:48: (node:1627694) [MONGOOSE] Warning: Duplicate schema index on {"domain":1} found. This is often due to declaring an index using both "index: true" and "schema.index()". Please remove the duplicate index definition.
(Use `node --trace-warnings ...` to show where the warning was created)
Error: bind EADDRINUSE null:3838
    at listenOnPrimaryHandle (node:net:2022:18)
    at rr (node:internal/cluster/child:163:12)
    at Worker.<anonymous> (node:internal/cluster/child:113:7)
    at process.onInternalMessage (node:internal/cluster/utils:49:5)
    at process.emit (node:events:531:35)
    at emit (node:internal/child_process:949:14)
    at process.processTicksAndRejections (node:internal/process/task_queues:90:21)
2026-07-18T10:07:58: (node:1627842) [MONGOOSE] Warning: Duplicate schema index on {"domain":1} found. This is often due to declaring an index using both "index: true" and "schema.index()". Please remove the duplicate index definition.
(Use `node --trace-warnings ...` to show where the warning was created)
Error: bind EADDRINUSE null:3838
    at listenOnPrimaryHandle (node:net:2022:18)
    at rr (node:internal/cluster/child:163:12)
    at Worker.<anonymous> (node:internal/cluster/child:113:7)
    at process.onInternalMessage (node:internal/cluster/utils:49:5)
    at process.emit (node:events:531:35)
    at emit (node:internal/child_process:949:14)
    at process.processTicksAndRejections (node:internal/process/task_queues:90:21)
2026-07-18T10:08:07: (node:1627992) [MONGOOSE] Warning: Duplicate schema index on {"domain":1} found. This is often due to declaring an index using both "index: true" and "schema.index()". Please remove the duplicate index definition.
(Use `node --trace-warnings ...` to show where the warning was created)
Error: bind EADDRINUSE null:3838
    at listenOnPrimaryHandle (node:net:2022:18)
    at rr (node:internal/cluster/child:163:12)
    at Worker.<anonymous> (node:internal/cluster/child:113:7)
    at process.onInternalMessage (node:internal/cluster/utils:49:5)
    at process.emit (node:events:531:35)
    at emit (node:internal/child_process:949:14)
    at process.processTicksAndRejections (node:internal/process/task_queues:90:21)
2026-07-18T10:08:15: (node:1628161) [MONGOOSE] Warning: Duplicate schema index on {"domain":1} found. This is often due to declaring an index using both "index: true" and "schema.index()". Please remove the duplicate index definition.
(Use `node --trace-warnings ...` to show where the warning was created)
Error: bind EADDRINUSE null:3838
    at listenOnPrimaryHandle (node:net:2022:18)
    at rr (node:internal/cluster/child:163:12)
    at Worker.<anonymous> (node:internal/cluster/child:113:7)
    at process.onInternalMessage (node:internal/cluster/utils:49:5)
    at process.emit (node:events:531:35)
    at emit (node:internal/child_process:949:14)
    at process.processTicksAndRejections (node:internal/process/task_queues:90:21)
2026-07-18T10:08:25: (node:1628368) [MONGOOSE] Warning: Duplicate schema index on {"domain":1} found. This is often due to declaring an index using both "index: true" and "schema.index()". Please remove the duplicate index definition.
(Use `node --trace-warnings ...` to show where the warning was created)
Error: bind EADDRINUSE null:3838
    at listenOnPrimaryHandle (node:net:2022:18)
    at rr (node:internal/cluster/child:163:12)
    at Worker.<anonymous> (node:internal/cluster/child:113:7)
    at process.onInternalMessage (node:internal/cluster/utils:49:5)
    at process.emit (node:events:531:35)
    at emit (node:internal/child_process:949:14)
    at process.processTicksAndRejections (node:internal/process/task_queues:90:21)
2026-07-18T10:08:33: (node:1628563) [MONGOOSE] Warning: Duplicate schema index on {"domain":1} found. This is often due to declaring an index using both "index: true" and "schema.index()". Please remove the duplicate index definition.
(Use `node --trace-warnings ...` to show where the warning was created)
Error: bind EADDRINUSE null:3838
    at listenOnPrimaryHandle (node:net:2022:18)
    at rr (node:internal/cluster/child:163:12)
    at Worker.<anonymous> (node:internal/cluster/child:113:7)
    at process.onInternalMessage (node:internal/cluster/utils:49:5)
    at process.emit (node:events:531:35)
    at emit (node:internal/child_process:949:14)
    at process.processTicksAndRejections (node:internal/process/task_queues:90:21)
2026-07-18T10:08:43: (node:1628741) [MONGOOSE] Warning: Duplicate schema index on {"domain":1} found. This is often due to declaring an index using both "index: true" and "schema.index()". Please remove the duplicate index definition.
(Use `node --trace-warnings ...` to show where the warning was created)
Error: bind EADDRINUSE null:3838
    at listenOnPrimaryHandle (node:net:2022:18)
    at rr (node:internal/cluster/child:163:12)
    at Worker.<anonymous> (node:internal/cluster/child:113:7)
    at process.onInternalMessage (node:internal/cluster/utils:49:5)
    at process.emit (node:events:531:35)
    at emit (node:internal/child_process:949:14)
    at process.processTicksAndRejections (node:internal/process/task_queues:90:21)
2026-07-18T10:08:51: (node:1628885) [MONGOOSE] Warning: Duplicate schema index on {"domain":1} found. This is often due to declaring an index using both "index: true" and "schema.index()". Please remove the duplicate index definition.
(Use `node --trace-warnings ...` to show where the warning was created)
Error: bind EADDRINUSE null:3838
    at listenOnPrimaryHandle (node:net:2022:18)
    at rr (node:internal/cluster/child:163:12)
    at Worker.<anonymous> (node:internal/cluster/child:113:7)
    at process.onInternalMessage (node:internal/cluster/utils:49:5)
    at process.emit (node:events:531:35)
    at emit (node:internal/child_process:949:14)
    at process.processTicksAndRejections (node:internal/process/task_queues:90:21)
2026-07-18T10:09:00: (node:1629035) [MONGOOSE] Warning: Duplicate schema index on {"domain":1} found. This is often due to declaring an index using both "index: true" and "schema.index()". Please remove the duplicate index definition.
(Use `node --trace-warnings ...` to show where the warning was created)
Error: bind EADDRINUSE null:3838
    at listenOnPrimaryHandle (node:net:2022:18)
    at rr (node:internal/cluster/child:163:12)
    at Worker.<anonymous> (node:internal/cluster/child:113:7)
    at process.onInternalMessage (node:internal/cluster/utils:49:5)
    at process.emit (node:events:531:35)
    at emit (node:internal/child_process:949:14)
    at process.processTicksAndRejections (node:internal/process/task_queues:90:21)
2026-07-18T10:09:09: (node:1629175) [MONGOOSE] Warning: Duplicate schema index on {"domain":1} found. This is often due to declaring an index using both "index: true" and "schema.index()". Please remove the duplicate index definition.
(Use `node --trace-warnings ...` to show where the warning was created)
Error: bind EADDRINUSE null:3838
    at listenOnPrimaryHandle (node:net:2022:18)
    at rr (node:internal/cluster/child:163:12)
    at Worker.<anonymous> (node:internal/cluster/child:113:7)
    at process.onInternalMessage (node:internal/cluster/utils:49:5)
    at process.emit (node:events:531:35)
    at emit (node:internal/child_process:949:14)
    at process.processTicksAndRejections (node:internal/process/task_queues:90:21)
2026-07-18T10:09:18: (node:1629319) [MONGOOSE] Warning: Duplicate schema index on {"domain":1} found. This is often due to declaring an index using both "index: true" and "schema.index()". Please remove the duplicate index definition.
(Use `node --trace-warnings ...` to show where the warning was created)
Error: bind EADDRINUSE null:3838
    at listenOnPrimaryHandle (node:net:2022:18)
    at rr (node:internal/cluster/child:163:12)
    at Worker.<anonymous> (node:internal/cluster/child:113:7)
    at process.onInternalMessage (node:internal/cluster/utils:49:5)
    at process.emit (node:events:531:35)
    at emit (node:internal/child_process:949:14)
    at process.processTicksAndRejections (node:internal/process/task_queues:90:21)
2026-07-18T10:09:26: (node:1629486) [MONGOOSE] Warning: Duplicate schema index on {"domain":1} found. This is often due to declaring an index using both "index: true" and "schema.index()". Please remove the duplicate index definition.
(Use `node --trace-warnings ...` to show where the warning was created)
Error: bind EADDRINUSE null:3838
    at listenOnPrimaryHandle (node:net:2022:18)
    at rr (node:internal/cluster/child:163:12)
    at Worker.<anonymous> (node:internal/cluster/child:113:7)
    at process.onInternalMessage (node:internal/cluster/utils:49:5)
    at process.emit (node:events:531:35)
    at emit (node:internal/child_process:949:14)
    at process.processTicksAndRejections (node:internal/process/task_queues:90:21)
2026-07-18T10:09:35: (node:1629665) [MONGOOSE] Warning: Duplicate schema index on {"domain":1} found. This is often due to declaring an index using both "index: true" and "schema.index()". Please remove the duplicate index definition.
(Use `node --trace-warnings ...` to show where the warning was created)
Error: bind EADDRINUSE null:3838
    at listenOnPrimaryHandle (node:net:2022:18)
    at rr (node:internal/cluster/child:163:12)
    at Worker.<anonymous> (node:internal/cluster/child:113:7)
    at process.onInternalMessage (node:internal/cluster/utils:49:5)
    at process.emit (node:events:531:35)
    at emit (node:internal/child_process:949:14)
    at process.processTicksAndRejections (node:internal/process/task_queues:90:21)
2026-07-18T10:09:43: (node:1629828) [MONGOOSE] Warning: Duplicate schema index on {"domain":1} found. This is often due to declaring an index using both "index: true" and "schema.index()". Please remove the duplicate index definition.
(Use `node --trace-warnings ...` to show where the warning was created)
Error: bind EADDRINUSE null:3838
    at listenOnPrimaryHandle (node:net:2022:18)
    at rr (node:internal/cluster/child:163:12)
    at Worker.<anonymous> (node:internal/cluster/child:113:7)
    at process.onInternalMessage (node:internal/cluster/utils:49:5)
    at process.emit (node:events:531:35)
    at emit (node:internal/child_process:949:14)
    at process.processTicksAndRejections (node:internal/process/task_queues:90:21)
2026-07-18T10:09:52: (node:1630012) [MONGOOSE] Warning: Duplicate schema index on {"domain":1} found. This is often due to declaring an index using both "index: true" and "schema.index()". Please remove the duplicate index definition.
(Use `node --trace-warnings ...` to show where the warning was created)
Error: bind EADDRINUSE null:3838
    at listenOnPrimaryHandle (node:net:2022:18)
    at rr (node:internal/cluster/child:163:12)
    at Worker.<anonymous> (node:internal/cluster/child:113:7)
    at process.onInternalMessage (node:internal/cluster/utils:49:5)
    at process.emit (node:events:531:35)
    at emit (node:internal/child_process:949:14)
    at process.processTicksAndRejections (node:internal/process/task_queues:90:21)
2026-07-18T10:10:01: (node:1630177) [MONGOOSE] Warning: Duplicate schema index on {"domain":1} found. This is often due to declaring an index using both "index: true" and "schema.index()". Please remove the duplicate index definition.
(Use `node --trace-warnings ...` to show where the warning was created)
Error: bind EADDRINUSE null:3838
    at listenOnPrimaryHandle (node:net:2022:18)
    at rr (node:internal/cluster/child:163:12)
    at Worker.<anonymous> (node:internal/cluster/child:113:7)
    at process.onInternalMessage (node:internal/cluster/utils:49:5)
    at process.emit (node:events:531:35)
    at emit (node:internal/child_process:949:14)
    at process.processTicksAndRejections (node:internal/process/task_queues:90:21)
2026-07-18T10:10:10: (node:1630347) [MONGOOSE] Warning: Duplicate schema index on {"domain":1} found. This is often due to declaring an index using both "index: true" and "schema.index()". Please remove the duplicate index definition.
(Use `node --trace-warnings ...` to show where the warning was created)
Error: bind EADDRINUSE null:3838
    at listenOnPrimaryHandle (node:net:2022:18)
    at rr (node:internal/cluster/child:163:12)
    at Worker.<anonymous> (node:internal/cluster/child:113:7)
    at process.onInternalMessage (node:internal/cluster/utils:49:5)
    at process.emit (node:events:531:35)
    at emit (node:internal/child_process:949:14)
    at process.processTicksAndRejections (node:internal/process/task_queues:90:21)
2026-07-18T10:10:20: (node:1630527) [MONGOOSE] Warning: Duplicate schema index on {"domain":1} found. This is often due to declaring an index using both "index: true" and "schema.index()". Please remove the duplicate index definition.
(Use `node --trace-warnings ...` to show where the warning was created)
Error: bind EADDRINUSE null:3838
    at listenOnPrimaryHandle (node:net:2022:18)
    at rr (node:internal/cluster/child:163:12)
    at Worker.<anonymous> (node:internal/cluster/child:113:7)
    at process.onInternalMessage (node:internal/cluster/utils:49:5)
    at process.emit (node:events:531:35)
    at emit (node:internal/child_process:949:14)
    at process.processTicksAndRejections (node:internal/process/task_queues:90:21)
2026-07-18T10:10:29: (node:1630683) [MONGOOSE] Warning: Duplicate schema index on {"domain":1} found. This is often due to declaring an index using both "index: true" and "schema.index()". Please remove the duplicate index definition.
(Use `node --trace-warnings ...` to show where the warning was created)
Error: bind EADDRINUSE null:3838
    at listenOnPrimaryHandle (node:net:2022:18)
    at rr (node:internal/cluster/child:163:12)
    at Worker.<anonymous> (node:internal/cluster/child:113:7)
    at process.onInternalMessage (node:internal/cluster/utils:49:5)
    at process.emit (node:events:531:35)
    at emit (node:internal/child_process:949:14)
    at process.processTicksAndRejections (node:internal/process/task_queues:90:21)
2026-07-18T10:10:38: (node:1630843) [MONGOOSE] Warning: Duplicate schema index on {"domain":1} found. This is often due to declaring an index using both "index: true" and "schema.index()". Please remove the duplicate index definition.
(Use `node --trace-warnings ...` to show where the warning was created)
Error: bind EADDRINUSE null:3838
    at listenOnPrimaryHandle (node:net:2022:18)
    at rr (node:internal/cluster/child:163:12)
    at Worker.<anonymous> (node:internal/cluster/child:113:7)
    at process.onInternalMessage (node:internal/cluster/utils:49:5)
    at process.emit (node:events:531:35)
    at emit (node:internal/child_process:949:14)
    at process.processTicksAndRejections (node:internal/process/task_queues:90:21)
2026-07-18T10:10:47: (node:1630982) [MONGOOSE] Warning: Duplicate schema index on {"domain":1} found. This is often due to declaring an index using both "index: true" and "schema.index()". Please remove the duplicate index definition.
(Use `node --trace-warnings ...` to show where the warning was created)
Error: bind EADDRINUSE null:3838
    at listenOnPrimaryHandle (node:net:2022:18)
    at rr (node:internal/cluster/child:163:12)
    at Worker.<anonymous> (node:internal/cluster/child:113:7)
    at process.onInternalMessage (node:internal/cluster/utils:49:5)
    at process.emit (node:events:531:35)
    at emit (node:internal/child_process:949:14)
    at process.processTicksAndRejections (node:internal/process/task_queues:90:21)
2026-07-18T10:10:56: (node:1631127) [MONGOOSE] Warning: Duplicate schema index on {"domain":1} found. This is often due to declaring an index using both "index: true" and "schema.index()". Please remove the duplicate index definition.
(Use `node --trace-warnings ...` to show where the warning was created)
Error: bind EADDRINUSE null:3838
    at listenOnPrimaryHandle (node:net:2022:18)
    at rr (node:internal/cluster/child:163:12)
    at Worker.<anonymous> (node:internal/cluster/child:113:7)
    at process.onInternalMessage (node:internal/cluster/utils:49:5)
    at process.emit (node:events:531:35)
    at emit (node:internal/child_process:949:14)
    at process.processTicksAndRejections (node:internal/process/task_queues:90:21)
2026-07-18T10:11:04: (node:1631292) [MONGOOSE] Warning: Duplicate schema index on {"domain":1} found. This is often due to declaring an index using both "index: true" and "schema.index()". Please remove the duplicate index definition.
(Use `node --trace-warnings ...` to show where the warning was created)
Error: bind EADDRINUSE null:3838
    at listenOnPrimaryHandle (node:net:2022:18)
    at rr (node:internal/cluster/child:163:12)
    at Worker.<anonymous> (node:internal/cluster/child:113:7)
    at process.onInternalMessage (node:internal/cluster/utils:49:5)
    at process.emit (node:events:531:35)
    at emit (node:internal/child_process:949:14)
    at process.processTicksAndRejections (node:internal/process/task_queues:90:21)
2026-07-18T10:11:13: (node:1631453) [MONGOOSE] Warning: Duplicate schema index on {"domain":1} found. This is often due to declaring an index using both "index: true" and "schema.index()". Please remove the duplicate index definition.
(Use `node --trace-warnings ...` to show where the warning was created)
Error: bind EADDRINUSE null:3838
    at listenOnPrimaryHandle (node:net:2022:18)
    at rr (node:internal/cluster/child:163:12)
    at Worker.<anonymous> (node:internal/cluster/child:113:7)
    at process.onInternalMessage (node:internal/cluster/utils:49:5)
    at process.emit (node:events:531:35)
    at emit (node:internal/child_process:949:14)
    at process.processTicksAndRejections (node:internal/process/task_queues:90:21)
2026-07-18T10:11:21: (node:1631626) [MONGOOSE] Warning: Duplicate schema index on {"domain":1} found. This is often due to declaring an index using both "index: true" and "schema.index()". Please remove the duplicate index definition.
(Use `node --trace-warnings ...` to show where the warning was created)
Error: bind EADDRINUSE null:3838
    at listenOnPrimaryHandle (node:net:2022:18)
    at rr (node:internal/cluster/child:163:12)
    at Worker.<anonymous> (node:internal/cluster/child:113:7)
    at process.onInternalMessage (node:internal/cluster/utils:49:5)
    at process.emit (node:events:531:35)
    at emit (node:internal/child_process:949:14)
    at process.processTicksAndRejections (node:internal/process/task_queues:90:21)
2026-07-18T10:11:31: (node:1631844) [MONGOOSE] Warning: Duplicate schema index on {"domain":1} found. This is often due to declaring an index using both "index: true" and "schema.index()". Please remove the duplicate index definition.
(Use `node --trace-warnings ...` to show where the warning was created)
2026-07-18T10:11:34: (node:1631997) [MONGOOSE] Warning: Duplicate schema index on {"domain":1} found. This is often due to declaring an index using both "index: true" and "schema.index()". Please remove the duplicate index definition.
(Use `node --trace-warnings ...` to show where the warning was created)
Error: bind EADDRINUSE null:3838
    at listenOnPrimaryHandle (node:net:2022:18)
    at rr (node:internal/cluster/child:163:12)
    at Worker.<anonymous> (node:internal/cluster/child:113:7)
    at process.onInternalMessage (node:internal/cluster/utils:49:5)
    at process.emit (node:events:531:35)
    at emit (node:internal/child_process:949:14)
    at process.processTicksAndRejections (node:internal/process/task_queues:90:21)
2026-07-18T10:11:45: (node:1632203) [MONGOOSE] Warning: Duplicate schema index on {"domain":1} found. This is often due to declaring an index using both "index: true" and "schema.index()". Please remove the duplicate index definition.
(Use `node --trace-warnings ...` to show where the warning was created)
Error: bind EADDRINUSE null:3838
    at listenOnPrimaryHandle (node:net:2022:18)
    at rr (node:internal/cluster/child:163:12)
    at Worker.<anonymous> (node:internal/cluster/child:113:7)
    at process.onInternalMessage (node:internal/cluster/utils:49:5)
    at process.emit (node:events:531:35)
    at emit (node:internal/child_process:949:14)
    at process.processTicksAndRejections (node:internal/process/task_queues:90:21)
2026-07-18T10:11:54: (node:1632349) [MONGOOSE] Warning: Duplicate schema index on {"domain":1} found. This is often due to declaring an index using both "index: true" and "schema.index()". Please remove the duplicate index definition.
(Use `node --trace-warnings ...` to show where the warning was created)
Error: bind EADDRINUSE null:3838
    at listenOnPrimaryHandle (node:net:2022:18)
    at rr (node:internal/cluster/child:163:12)
    at Worker.<anonymous> (node:internal/cluster/child:113:7)
    at process.onInternalMessage (node:internal/cluster/utils:49:5)
    at process.emit (node:events:531:35)
    at emit (node:internal/child_process:949:14)
    at process.processTicksAndRejections (node:internal/process/task_queues:90:21)
2026-07-18T10:12:02: (node:1632497) [MONGOOSE] Warning: Duplicate schema index on {"domain":1} found. This is often due to declaring an index using both "index: true" and "schema.index()". Please remove the duplicate index definition.
(Use `node --trace-warnings ...` to show where the warning was created)
Error: bind EADDRINUSE null:3838
    at listenOnPrimaryHandle (node:net:2022:18)
    at rr (node:internal/cluster/child:163:12)
    at Worker.<anonymous> (node:internal/cluster/child:113:7)
    at process.onInternalMessage (node:internal/cluster/utils:49:5)
    at process.emit (node:events:531:35)
    at emit (node:internal/child_process:949:14)
    at process.processTicksAndRejections (node:internal/process/task_queues:90:21)
2026-07-18T10:12:12: (node:1632640) [MONGOOSE] Warning: Duplicate schema index on {"domain":1} found. This is often due to declaring an index using both "index: true" and "schema.index()". Please remove the duplicate index definition.
(Use `node --trace-warnings ...` to show where the warning was created)
Error: bind EADDRINUSE null:3838
    at listenOnPrimaryHandle (node:net:2022:18)
    at rr (node:internal/cluster/child:163:12)
    at Worker.<anonymous> (node:internal/cluster/child:113:7)
    at process.onInternalMessage (node:internal/cluster/utils:49:5)
    at process.emit (node:events:531:35)
    at emit (node:internal/child_process:949:14)
    at process.processTicksAndRejections (node:internal/process/task_queues:90:21)
2026-07-18T10:12:20: (node:1632778) [MONGOOSE] Warning: Duplicate schema index on {"domain":1} found. This is often due to declaring an index using both "index: true" and "schema.index()". Please remove the duplicate index definition.
(Use `node --trace-warnings ...` to show where the warning was created)
Error: bind EADDRINUSE null:3838
    at listenOnPrimaryHandle (node:net:2022:18)
    at rr (node:internal/cluster/child:163:12)
    at Worker.<anonymous> (node:internal/cluster/child:113:7)
    at process.onInternalMessage (node:internal/cluster/utils:49:5)
    at process.emit (node:events:531:35)
    at emit (node:internal/child_process:949:14)
    at process.processTicksAndRejections (node:internal/process/task_queues:90:21)
2026-07-18T10:12:30: (node:1632959) [MONGOOSE] Warning: Duplicate schema index on {"domain":1} found. This is often due to declaring an index using both "index: true" and "schema.index()". Please remove the duplicate index definition.
(Use `node --trace-warnings ...` to show where the warning was created)
Error: bind EADDRINUSE null:3838
    at listenOnPrimaryHandle (node:net:2022:18)
    at rr (node:internal/cluster/child:163:12)
    at Worker.<anonymous> (node:internal/cluster/child:113:7)
    at process.onInternalMessage (node:internal/cluster/utils:49:5)
    at process.emit (node:events:531:35)
    at emit (node:internal/child_process:949:14)
    at process.processTicksAndRejections (node:internal/process/task_queues:90:21)
2026-07-18T10:12:39: (node:1633106) [MONGOOSE] Warning: Duplicate schema index on {"domain":1} found. This is often due to declaring an index using both "index: true" and "schema.index()". Please remove the duplicate index definition.
(Use `node --trace-warnings ...` to show where the warning was created)
Error: bind EADDRINUSE null:3838
    at listenOnPrimaryHandle (node:net:2022:18)
    at rr (node:internal/cluster/child:163:12)
    at Worker.<anonymous> (node:internal/cluster/child:113:7)
    at process.onInternalMessage (node:internal/cluster/utils:49:5)
    at process.emit (node:events:531:35)
    at emit (node:internal/child_process:949:14)
    at process.processTicksAndRejections (node:internal/process/task_queues:90:21)
2026-07-18T10:12:47: (node:1633248) [MONGOOSE] Warning: Duplicate schema index on {"domain":1} found. This is often due to declaring an index using both "index: true" and "schema.index()". Please remove the duplicate index definition.
(Use `node --trace-warnings ...` to show where the warning was created)
Error: bind EADDRINUSE null:3838
    at listenOnPrimaryHandle (node:net:2022:18)
    at rr (node:internal/cluster/child:163:12)
    at Worker.<anonymous> (node:internal/cluster/child:113:7)
    at process.onInternalMessage (node:internal/cluster/utils:49:5)
    at process.emit (node:events:531:35)
    at emit (node:internal/child_process:949:14)
    at process.processTicksAndRejections (node:internal/process/task_queues:90:21)
2026-07-18T10:12:56: (node:1633386) [MONGOOSE] Warning: Duplicate schema index on {"domain":1} found. This is often due to declaring an index using both "index: true" and "schema.index()". Please remove the duplicate index definition.
(Use `node --trace-warnings ...` to show where the warning was created)
Error: bind EADDRINUSE null:3838
    at listenOnPrimaryHandle (node:net:2022:18)
    at rr (node:internal/cluster/child:163:12)
    at Worker.<anonymous> (node:internal/cluster/child:113:7)
    at process.onInternalMessage (node:internal/cluster/utils:49:5)
    at process.emit (node:events:531:35)
    at emit (node:internal/child_process:949:14)
    at process.processTicksAndRejections (node:internal/process/task_queues:90:21)
2026-07-18T10:13:04: (node:1633533) [MONGOOSE] Warning: Duplicate schema index on {"domain":1} found. This is often due to declaring an index using both "index: true" and "schema.index()". Please remove the duplicate index definition.
(Use `node --trace-warnings ...` to show where the warning was created)
Error: bind EADDRINUSE null:3838
    at listenOnPrimaryHandle (node:net:2022:18)
    at rr (node:internal/cluster/child:163:12)
    at Worker.<anonymous> (node:internal/cluster/child:113:7)
    at process.onInternalMessage (node:internal/cluster/utils:49:5)
    at process.emit (node:events:531:35)
    at emit (node:internal/child_process:949:14)
    at process.processTicksAndRejections (node:internal/process/task_queues:90:21)
2026-07-18T10:13:14: (node:1633680) [MONGOOSE] Warning: Duplicate schema index on {"domain":1} found. This is often due to declaring an index using both "index: true" and "schema.index()". Please remove the duplicate index definition.
(Use `node --trace-warnings ...` to show where the warning was created)
Error: bind EADDRINUSE null:3838
    at listenOnPrimaryHandle (node:net:2022:18)
    at rr (node:internal/cluster/child:163:12)
    at Worker.<anonymous> (node:internal/cluster/child:113:7)
    at process.onInternalMessage (node:internal/cluster/utils:49:5)
    at process.emit (node:events:531:35)
    at emit (node:internal/child_process:949:14)
    at process.processTicksAndRejections (node:internal/process/task_queues:90:21)
2026-07-18T10:13:23: (node:1633828) [MONGOOSE] Warning: Duplicate schema index on {"domain":1} found. This is often due to declaring an index using both "index: true" and "schema.index()". Please remove the duplicate index definition.
(Use `node --trace-warnings ...` to show where the warning was created)
Error: bind EADDRINUSE null:3838
    at listenOnPrimaryHandle (node:net:2022:18)
    at rr (node:internal/cluster/child:163:12)
    at Worker.<anonymous> (node:internal/cluster/child:113:7)
    at process.onInternalMessage (node:internal/cluster/utils:49:5)
    at process.emit (node:events:531:35)
    at emit (node:internal/child_process:949:14)
    at process.processTicksAndRejections (node:internal/process/task_queues:90:21)
2026-07-18T10:13:32: (node:1633973) [MONGOOSE] Warning: Duplicate schema index on {"domain":1} found. This is often due to declaring an index using both "index: true" and "schema.index()". Please remove the duplicate index definition.
(Use `node --trace-warnings ...` to show where the warning was created)
Error: bind EADDRINUSE null:3838
    at listenOnPrimaryHandle (node:net:2022:18)
    at rr (node:internal/cluster/child:163:12)
    at Worker.<anonymous> (node:internal/cluster/child:113:7)
    at process.onInternalMessage (node:internal/cluster/utils:49:5)
    at process.emit (node:events:531:35)
    at emit (node:internal/child_process:949:14)
    at process.processTicksAndRejections (node:internal/process/task_queues:90:21)
2026-07-18T10:13:41: (node:1634119) [MONGOOSE] Warning: Duplicate schema index on {"domain":1} found. This is often due to declaring an index using both "index: true" and "schema.index()". Please remove the duplicate index definition.
(Use `node --trace-warnings ...` to show where the warning was created)
2026-07-18T10:42:12: (node:1638723) [MONGOOSE] Warning: Duplicate schema index on {"domain":1} found. This is often due to declaring an index using both "index: true" and "schema.index()". Please remove the duplicate index definition.
(Use `node --trace-warnings ...` to show where the warning was created)
2026-07-18T10:43:53: (node:1639271) [MONGOOSE] Warning: Duplicate schema index on {"domain":1} found. This is often due to declaring an index using both "index: true" and "schema.index()". Please remove the duplicate index definition.
(Use `node --trace-warnings ...` to show where the warning was created)
2026-07-18T10:49:44: (node:1640643) [MONGOOSE] Warning: Duplicate schema index on {"domain":1} found. This is often due to declaring an index using both "index: true" and "schema.index()". Please remove the duplicate index definition.
(Use `node --trace-warnings ...` to show where the warning was created)
2026-07-18T10:54:29: (node:1641895) [MONGOOSE] Warning: Duplicate schema index on {"domain":1} found. This is often due to declaring an index using both "index: true" and "schema.index()". Please remove the duplicate index definition.
(Use `node --trace-warnings ...` to show where the warning was created)
