2026-07-16T13:22:50: [Agent] Pre-compilando agentes para todas las plataformas...
2026-07-16T13:22:51:   [OK] win-x64 (15.7 MB)
2026-07-16T13:22:51:   [OK] linux-x64 (15.2 MB)
2026-07-16T13:22:51:   [OK] mac-x64 (15.5 MB)
2026-07-16T13:22:52:   [OK] mac-arm64 (14.8 MB)
2026-07-16T13:22:52: ╔══════════════════════════════════════╗
2026-07-16T13:22:52: ║     Compliance API                       ║
2026-07-16T13:22:52: ╚══════════════════════════════════════╝
2026-07-16T13:22:52: [Agent] Pre-compilación completada: 4/4 plataformas
2026-07-16T13:22:52: (node:1403237) [MONGOOSE] Warning: Duplicate schema index on {"domain":1} found. This is often due to declaring an index using both "index: true" and "schema.index()". Please remove the duplicate index definition.
(Use `node --trace-warnings ...` to show where the warning was created)
2026-07-16T13:22:53: [OK] MongoDB Atlas connected: securelab.sytes.net
2026-07-16T13:22:57: [OK] Admin password synced
2026-07-16T13:22:57: [SERVER] Marked 1 agent(s) as offline (server restart)
2026-07-16T13:22:58: [DATA-RETENTION] Starting data retention scheduler (interval: 1h)
2026-07-16T13:22:58: [REPORT-SCHEDULER] Starting report scheduler (interval: 1h)
2026-07-16T13:22:58: [SERVER] Running on http://localhost:3838
2026-07-16T13:22:59: ValidationError: The 'X-Forwarded-For' header is set but the Express 'trust proxy' setting is false (default). This could indicate a misconfiguration which would prevent express-rate-limit from accurately identifying users. See https://express-rate-limit.github.io/ERR_ERL_UNEXPECTED_X_FORWARDED_FOR/ for more information.
    at Object.xForwardedForHeader (file:///root/v6/backend-node/node_modules/express-rate-limit/dist/index.mjs:352:13)
    at wrappedValidations.<computed> [as xForwardedForHeader] (file:///root/v6/backend-node/node_modules/express-rate-limit/dist/index.mjs:675:22)
    at Object.keyGenerator (file:///root/v6/backend-node/node_modules/express-rate-limit/dist/index.mjs:782:20)
    at file:///root/v6/backend-node/node_modules/express-rate-limit/dist/index.mjs:864:32
    at process.processTicksAndRejections (node:internal/process/task_queues:103:5)
    at async file:///root/v6/backend-node/node_modules/express-rate-limit/dist/index.mjs:825:5 {
  code: 'ERR_ERL_UNEXPECTED_X_FORWARDED_FOR',
  help: 'https://express-rate-limit.github.io/ERR_ERL_UNEXPECTED_X_FORWARDED_FOR/'
}
2026-07-16T13:24:44: [Agent] Pre-compilando agentes para todas las plataformas...
2026-07-16T13:24:44:   [OK] win-x64 (15.7 MB)
2026-07-16T13:24:44:   [OK] linux-x64 (15.2 MB)
2026-07-16T13:24:45:   [OK] mac-x64 (15.5 MB)
2026-07-16T13:24:45:   [OK] mac-arm64 (14.8 MB)
2026-07-16T13:24:45: ╔══════════════════════════════════════╗
2026-07-16T13:24:45: ║     Compliance API                       ║
2026-07-16T13:24:45: ╚══════════════════════════════════════╝
2026-07-16T13:24:45: [Agent] Pre-compilación completada: 4/4 plataformas
2026-07-16T13:24:45: (node:1404112) [MONGOOSE] Warning: Duplicate schema index on {"domain":1} found. This is often due to declaring an index using both "index: true" and "schema.index()". Please remove the duplicate index definition.
(Use `node --trace-warnings ...` to show where the warning was created)
2026-07-16T13:24:47: [OK] MongoDB Atlas connected: securelab.sytes.net
2026-07-16T13:24:50: [OK] Admin password synced
2026-07-16T13:24:51: [SERVER] Marked 1 agent(s) as offline (server restart)
2026-07-16T13:24:51: [DATA-RETENTION] Starting data retention scheduler (interval: 1h)
2026-07-16T13:24:51: [REPORT-SCHEDULER] Starting report scheduler (interval: 1h)
2026-07-16T13:24:51: [SERVER] Running on http://localhost:3838
2026-07-16T13:24:52: ValidationError: The 'X-Forwarded-For' header is set but the Express 'trust proxy' setting is false (default). This could indicate a misconfiguration which would prevent express-rate-limit from accurately identifying users. See https://express-rate-limit.github.io/ERR_ERL_UNEXPECTED_X_FORWARDED_FOR/ for more information.
    at Object.xForwardedForHeader (file:///root/v6/backend-node/node_modules/express-rate-limit/dist/index.mjs:352:13)
    at wrappedValidations.<computed> [as xForwardedForHeader] (file:///root/v6/backend-node/node_modules/express-rate-limit/dist/index.mjs:675:22)
    at Object.keyGenerator (file:///root/v6/backend-node/node_modules/express-rate-limit/dist/index.mjs:782:20)
    at file:///root/v6/backend-node/node_modules/express-rate-limit/dist/index.mjs:864:32
    at process.processTicksAndRejections (node:internal/process/task_queues:103:5)
    at async file:///root/v6/backend-node/node_modules/express-rate-limit/dist/index.mjs:825:5 {
  code: 'ERR_ERL_UNEXPECTED_X_FORWARDED_FOR',
  help: 'https://express-rate-limit.github.io/ERR_ERL_UNEXPECTED_X_FORWARDED_FOR/'
}
2026-07-16T13:26:17: [Agent] Pre-compilando agentes para todas las plataformas...
2026-07-16T13:26:18:   [OK] win-x64 (15.7 MB)
2026-07-16T13:26:18:   [OK] linux-x64 (15.2 MB)
2026-07-16T13:26:18:   [OK] mac-x64 (15.5 MB)
2026-07-16T13:26:18:   [OK] mac-arm64 (14.8 MB)
2026-07-16T13:26:18: ╔══════════════════════════════════════╗
2026-07-16T13:26:18: ║     Compliance API                       ║
2026-07-16T13:26:18: ╚══════════════════════════════════════╝
2026-07-16T13:26:19: [Agent] Pre-compilación completada: 4/4 plataformas
2026-07-16T13:26:19: (node:1404723) [MONGOOSE] Warning: Duplicate schema index on {"domain":1} found. This is often due to declaring an index using both "index: true" and "schema.index()". Please remove the duplicate index definition.
(Use `node --trace-warnings ...` to show where the warning was created)
2026-07-16T13:26:20: [OK] MongoDB Atlas connected: securelab.sytes.net
2026-07-16T13:26:23: [OK] Admin password synced
2026-07-16T13:26:24: [SERVER] Marked 1 agent(s) as offline (server restart)
2026-07-16T13:26:25: [DATA-RETENTION] Starting data retention scheduler (interval: 1h)
2026-07-16T13:26:25: [REPORT-SCHEDULER] Starting report scheduler (interval: 1h)
2026-07-16T13:26:25: [SERVER] Running on http://localhost:3838
2026-07-16T13:26:26: ValidationError: The 'X-Forwarded-For' header is set but the Express 'trust proxy' setting is false (default). This could indicate a misconfiguration which would prevent express-rate-limit from accurately identifying users. See https://express-rate-limit.github.io/ERR_ERL_UNEXPECTED_X_FORWARDED_FOR/ for more information.
    at Object.xForwardedForHeader (file:///root/v6/backend-node/node_modules/express-rate-limit/dist/index.mjs:352:13)
    at wrappedValidations.<computed> [as xForwardedForHeader] (file:///root/v6/backend-node/node_modules/express-rate-limit/dist/index.mjs:675:22)
    at Object.keyGenerator (file:///root/v6/backend-node/node_modules/express-rate-limit/dist/index.mjs:782:20)
    at file:///root/v6/backend-node/node_modules/express-rate-limit/dist/index.mjs:864:32
    at process.processTicksAndRejections (node:internal/process/task_queues:103:5)
    at async file:///root/v6/backend-node/node_modules/express-rate-limit/dist/index.mjs:825:5 {
  code: 'ERR_ERL_UNEXPECTED_X_FORWARDED_FOR',
  help: 'https://express-rate-limit.github.io/ERR_ERL_UNEXPECTED_X_FORWARDED_FOR/'
}
2026-07-16T13:26:55: [Agent] Pre-compilando agentes para todas las plataformas...
2026-07-16T13:26:56:   [OK] win-x64 (15.7 MB)
2026-07-16T13:26:56:   [OK] linux-x64 (15.2 MB)
2026-07-16T13:26:57:   [OK] mac-x64 (15.5 MB)
2026-07-16T13:26:57:   [OK] mac-arm64 (14.8 MB)
2026-07-16T13:26:58: ╔══════════════════════════════════════╗
2026-07-16T13:26:58: ║     Compliance API                       ║
2026-07-16T13:26:58: ╚══════════════════════════════════════╝
2026-07-16T13:26:58: [Agent] Pre-compilación completada: 4/4 plataformas
2026-07-16T13:26:58: (node:1405150) [MONGOOSE] Warning: Duplicate schema index on {"domain":1} found. This is often due to declaring an index using both "index: true" and "schema.index()". Please remove the duplicate index definition.
(Use `node --trace-warnings ...` to show where the warning was created)
2026-07-16T13:26:59: [OK] MongoDB Atlas connected: securelab.sytes.net
2026-07-16T13:27:02: [OK] Admin password synced
2026-07-16T13:27:03: [SERVER] Marked 1 agent(s) as offline (server restart)
2026-07-16T13:27:04: [DATA-RETENTION] Starting data retention scheduler (interval: 1h)
2026-07-16T13:27:04: [REPORT-SCHEDULER] Starting report scheduler (interval: 1h)
2026-07-16T13:27:04: [SERVER] Running on http://localhost:3838
2026-07-16T13:27:05: ValidationError: The 'X-Forwarded-For' header is set but the Express 'trust proxy' setting is false (default). This could indicate a misconfiguration which would prevent express-rate-limit from accurately identifying users. See https://express-rate-limit.github.io/ERR_ERL_UNEXPECTED_X_FORWARDED_FOR/ for more information.
    at Object.xForwardedForHeader (file:///root/v6/backend-node/node_modules/express-rate-limit/dist/index.mjs:352:13)
    at wrappedValidations.<computed> [as xForwardedForHeader] (file:///root/v6/backend-node/node_modules/express-rate-limit/dist/index.mjs:675:22)
    at Object.keyGenerator (file:///root/v6/backend-node/node_modules/express-rate-limit/dist/index.mjs:782:20)
    at file:///root/v6/backend-node/node_modules/express-rate-limit/dist/index.mjs:864:32
    at process.processTicksAndRejections (node:internal/process/task_queues:103:5)
    at async file:///root/v6/backend-node/node_modules/express-rate-limit/dist/index.mjs:825:5 {
  code: 'ERR_ERL_UNEXPECTED_X_FORWARDED_FOR',
  help: 'https://express-rate-limit.github.io/ERR_ERL_UNEXPECTED_X_FORWARDED_FOR/'
}
2026-07-16T13:28:58: [Agent] Pre-compilando agentes para todas las plataformas...
2026-07-16T13:28:58:   [OK] win-x64 (15.7 MB)
2026-07-16T13:28:58:   [OK] linux-x64 (15.2 MB)
2026-07-16T13:28:59:   [OK] mac-x64 (15.5 MB)
2026-07-16T13:28:59:   [OK] mac-arm64 (14.8 MB)
2026-07-16T13:28:59: ╔══════════════════════════════════════╗
2026-07-16T13:28:59: ║     Compliance API                       ║
2026-07-16T13:28:59: ╚══════════════════════════════════════╝
2026-07-16T13:28:59: [Agent] Pre-compilación completada: 4/4 plataformas
2026-07-16T13:28:59: (node:1405924) [MONGOOSE] Warning: Duplicate schema index on {"domain":1} found. This is often due to declaring an index using both "index: true" and "schema.index()". Please remove the duplicate index definition.
(Use `node --trace-warnings ...` to show where the warning was created)
2026-07-16T13:29:00: [OK] MongoDB Atlas connected: securelab.sytes.net
2026-07-16T13:29:04: [OK] Admin password synced
2026-07-16T13:29:05: [SERVER] Marked 1 agent(s) as offline (server restart)
2026-07-16T13:29:05: [DATA-RETENTION] Starting data retention scheduler (interval: 1h)
2026-07-16T13:29:05: [REPORT-SCHEDULER] Starting report scheduler (interval: 1h)
2026-07-16T13:29:05: [SERVER] Running on http://localhost:3838
2026-07-16T13:29:24: [Agent] Pre-compilando agentes para todas las plataformas...
2026-07-16T13:29:24:   [OK] win-x64 (15.7 MB)
2026-07-16T13:29:25:   [OK] linux-x64 (15.2 MB)
2026-07-16T13:29:25:   [OK] mac-x64 (15.5 MB)
2026-07-16T13:29:25:   [OK] mac-arm64 (14.8 MB)
2026-07-16T13:29:25: ╔══════════════════════════════════════╗
2026-07-16T13:29:25: ║     Compliance API                       ║
2026-07-16T13:29:25: ╚══════════════════════════════════════╝
2026-07-16T13:29:25: [Agent] Pre-compilación completada: 4/4 plataformas
2026-07-16T13:29:25: (node:1406306) [MONGOOSE] Warning: Duplicate schema index on {"domain":1} found. This is often due to declaring an index using both "index: true" and "schema.index()". Please remove the duplicate index definition.
(Use `node --trace-warnings ...` to show where the warning was created)
2026-07-16T13:29:27: [OK] MongoDB Atlas connected: securelab.sytes.net
2026-07-16T13:29:30: [OK] Admin password synced
2026-07-16T13:29:31: [SERVER] Marked 1 agent(s) as offline (server restart)
2026-07-16T13:29:32: [DATA-RETENTION] Starting data retention scheduler (interval: 1h)
2026-07-16T13:29:32: [REPORT-SCHEDULER] Starting report scheduler (interval: 1h)
2026-07-16T13:29:32: [SERVER] Running on http://localhost:3838
2026-07-16T13:29:32: ValidationError: The 'X-Forwarded-For' header is set but the Express 'trust proxy' setting is false (default). This could indicate a misconfiguration which would prevent express-rate-limit from accurately identifying users. See https://express-rate-limit.github.io/ERR_ERL_UNEXPECTED_X_FORWARDED_FOR/ for more information.
    at Object.xForwardedForHeader (file:///root/v6/backend-node/node_modules/express-rate-limit/dist/index.mjs:352:13)
    at wrappedValidations.<computed> [as xForwardedForHeader] (file:///root/v6/backend-node/node_modules/express-rate-limit/dist/index.mjs:675:22)
    at Object.keyGenerator (file:///root/v6/backend-node/node_modules/express-rate-limit/dist/index.mjs:782:20)
    at file:///root/v6/backend-node/node_modules/express-rate-limit/dist/index.mjs:864:32
    at process.processTicksAndRejections (node:internal/process/task_queues:103:5)
    at async file:///root/v6/backend-node/node_modules/express-rate-limit/dist/index.mjs:825:5 {
  code: 'ERR_ERL_UNEXPECTED_X_FORWARDED_FOR',
  help: 'https://express-rate-limit.github.io/ERR_ERL_UNEXPECTED_X_FORWARDED_FOR/'
}
2026-07-16T13:31:19: [Agent] Pre-compilando agentes para todas las plataformas...
2026-07-16T13:31:20:   [OK] win-x64 (15.7 MB)
2026-07-16T13:31:20:   [OK] linux-x64 (15.2 MB)
2026-07-16T13:31:20:   [OK] mac-x64 (15.5 MB)
2026-07-16T13:31:21:   [OK] mac-arm64 (14.8 MB)
2026-07-16T13:31:21: ╔══════════════════════════════════════╗
2026-07-16T13:31:21: ║     Compliance API                       ║
2026-07-16T13:31:21: ╚══════════════════════════════════════╝
2026-07-16T13:31:21: [Agent] Pre-compilación completada: 4/4 plataformas
2026-07-16T13:31:21: (node:1406892) [MONGOOSE] Warning: Duplicate schema index on {"domain":1} found. This is often due to declaring an index using both "index: true" and "schema.index()". Please remove the duplicate index definition.
(Use `node --trace-warnings ...` to show where the warning was created)
2026-07-16T13:31:22: [OK] MongoDB Atlas connected: securelab.sytes.net
2026-07-16T13:31:26: [OK] Admin password synced
2026-07-16T13:31:26: [SERVER] Marked 1 agent(s) as offline (server restart)
2026-07-16T13:31:27: [DATA-RETENTION] Starting data retention scheduler (interval: 1h)
2026-07-16T13:31:27: [REPORT-SCHEDULER] Starting report scheduler (interval: 1h)
2026-07-16T13:31:27: [SERVER] Running on http://localhost:3838
2026-07-16T13:32:31: [Agent] Pre-compilando agentes para todas las plataformas...
2026-07-16T13:32:31:   [OK] win-x64 (15.7 MB)
2026-07-16T13:32:31:   [OK] linux-x64 (15.2 MB)
2026-07-16T13:32:31:   [OK] mac-x64 (15.5 MB)
2026-07-16T13:32:32:   [OK] mac-arm64 (14.8 MB)
2026-07-16T13:32:32: ╔══════════════════════════════════════╗
2026-07-16T13:32:32: ║     Compliance API                       ║
2026-07-16T13:32:32: ╚══════════════════════════════════════╝
2026-07-16T13:32:32: [Agent] Pre-compilación completada: 4/4 plataformas
2026-07-16T13:32:32: (node:1407625) [MONGOOSE] Warning: Duplicate schema index on {"domain":1} found. This is often due to declaring an index using both "index: true" and "schema.index()". Please remove the duplicate index definition.
(Use `node --trace-warnings ...` to show where the warning was created)
2026-07-16T13:32:33: [Agent] Pre-compilando agentes para todas las plataformas...
2026-07-16T13:32:33:   [OK] win-x64 (15.7 MB)
2026-07-16T13:32:34:   [OK] linux-x64 (15.2 MB)
2026-07-16T13:32:34:   [OK] mac-x64 (15.5 MB)
2026-07-16T13:32:34:   [OK] mac-arm64 (14.8 MB)
2026-07-16T13:32:34: ╔══════════════════════════════════════╗
2026-07-16T13:32:34: ║     Compliance API                       ║
2026-07-16T13:32:34: ╚══════════════════════════════════════╝
2026-07-16T13:32:34: [Agent] Pre-compilación completada: 4/4 plataformas
2026-07-16T13:32:34: (node:1407805) [MONGOOSE] Warning: Duplicate schema index on {"domain":1} found. This is often due to declaring an index using both "index: true" and "schema.index()". Please remove the duplicate index definition.
(Use `node --trace-warnings ...` to show where the warning was created)
2026-07-16T13:32:36: [OK] MongoDB Atlas connected: securelab.sytes.net
2026-07-16T13:32:39: [OK] Admin password synced
2026-07-16T13:32:41: [SERVER] Marked 1 agent(s) as offline (server restart)
2026-07-16T13:32:41: [DATA-RETENTION] Starting data retention scheduler (interval: 1h)
2026-07-16T13:32:41: [REPORT-SCHEDULER] Starting report scheduler (interval: 1h)
2026-07-16T13:32:41: [SERVER] Running on http://localhost:3838
2026-07-16T13:34:16: [Agent] Pre-compilando agentes para todas las plataformas...
2026-07-16T13:34:17:   [OK] win-x64 (15.7 MB)
2026-07-16T13:34:17:   [OK] linux-x64 (15.2 MB)
2026-07-16T13:34:17:   [OK] mac-x64 (15.5 MB)
2026-07-16T13:34:18:   [OK] mac-arm64 (14.8 MB)
2026-07-16T13:34:18: ╔══════════════════════════════════════╗
2026-07-16T13:34:18: ║     Compliance API                       ║
2026-07-16T13:34:18: ╚══════════════════════════════════════╝
2026-07-16T13:34:18: [Agent] Pre-compilación completada: 4/4 plataformas
2026-07-16T13:34:18: (node:1408518) [MONGOOSE] Warning: Duplicate schema index on {"domain":1} found. This is often due to declaring an index using both "index: true" and "schema.index()". Please remove the duplicate index definition.
(Use `node --trace-warnings ...` to show where the warning was created)
2026-07-16T13:34:19: [OK] MongoDB Atlas connected: securelab.sytes.net
2026-07-16T13:34:23: [OK] Admin password synced
2026-07-16T13:34:23: [SERVER] Marked 1 agent(s) as offline (server restart)
2026-07-16T13:34:24: [DATA-RETENTION] Starting data retention scheduler (interval: 1h)
2026-07-16T13:34:24: [REPORT-SCHEDULER] Starting report scheduler (interval: 1h)
2026-07-16T13:34:24: [SERVER] Running on http://localhost:3838
2026-07-16T13:36:17: [Agent] Pre-compilando agentes para todas las plataformas...
2026-07-16T13:36:18:   [OK] win-x64 (15.7 MB)
2026-07-16T13:36:18:   [OK] linux-x64 (15.2 MB)
2026-07-16T13:36:18:   [OK] mac-x64 (15.5 MB)
2026-07-16T13:36:19:   [OK] mac-arm64 (14.8 MB)
2026-07-16T13:36:19: ╔══════════════════════════════════════╗
2026-07-16T13:36:19: ║     Compliance API                       ║
2026-07-16T13:36:19: ╚══════════════════════════════════════╝
2026-07-16T13:36:19: [Agent] Pre-compilación completada: 4/4 plataformas
2026-07-16T13:36:19: (node:1409149) [MONGOOSE] Warning: Duplicate schema index on {"domain":1} found. This is often due to declaring an index using both "index: true" and "schema.index()". Please remove the duplicate index definition.
(Use `node --trace-warnings ...` to show where the warning was created)
2026-07-16T13:36:20: [OK] MongoDB Atlas connected: securelab.sytes.net
2026-07-16T13:36:24: [OK] Admin password synced
2026-07-16T13:36:24: [SERVER] Marked 1 agent(s) as offline (server restart)
2026-07-16T13:36:25: [DATA-RETENTION] Starting data retention scheduler (interval: 1h)
2026-07-16T13:36:25: [REPORT-SCHEDULER] Starting report scheduler (interval: 1h)
2026-07-16T13:36:25: [SERVER] Running on http://localhost:3838
2026-07-16T13:37:39: [Agent] Pre-compilando agentes para todas las plataformas...
2026-07-16T13:37:40:   [OK] win-x64 (15.7 MB)
2026-07-16T13:37:40:   [OK] linux-x64 (15.2 MB)
2026-07-16T13:37:40:   [OK] mac-x64 (15.5 MB)
2026-07-16T13:37:41:   [OK] mac-arm64 (14.8 MB)
2026-07-16T13:37:41: ╔══════════════════════════════════════╗
2026-07-16T13:37:41: ║     Compliance API                       ║
2026-07-16T13:37:41: ╚══════════════════════════════════════╝
2026-07-16T13:37:41: [Agent] Pre-compilación completada: 4/4 plataformas
2026-07-16T13:37:41: (node:1409705) [MONGOOSE] Warning: Duplicate schema index on {"domain":1} found. This is often due to declaring an index using both "index: true" and "schema.index()". Please remove the duplicate index definition.
(Use `node --trace-warnings ...` to show where the warning was created)
2026-07-16T13:37:42: [OK] MongoDB Atlas connected: securelab.sytes.net
2026-07-16T13:37:46: [OK] Admin password synced
2026-07-16T13:37:46: [SERVER] Marked 1 agent(s) as offline (server restart)
2026-07-16T13:37:47: [DATA-RETENTION] Starting data retention scheduler (interval: 1h)
2026-07-16T13:37:47: [REPORT-SCHEDULER] Starting report scheduler (interval: 1h)
2026-07-16T13:37:47: [SERVER] Running on http://localhost:3838
2026-07-16T13:37:47: ValidationError: The 'X-Forwarded-For' header is set but the Express 'trust proxy' setting is false (default). This could indicate a misconfiguration which would prevent express-rate-limit from accurately identifying users. See https://express-rate-limit.github.io/ERR_ERL_UNEXPECTED_X_FORWARDED_FOR/ for more information.
    at Object.xForwardedForHeader (file:///root/v6/backend-node/node_modules/express-rate-limit/dist/index.mjs:352:13)
    at wrappedValidations.<computed> [as xForwardedForHeader] (file:///root/v6/backend-node/node_modules/express-rate-limit/dist/index.mjs:675:22)
    at Object.keyGenerator (file:///root/v6/backend-node/node_modules/express-rate-limit/dist/index.mjs:782:20)
    at file:///root/v6/backend-node/node_modules/express-rate-limit/dist/index.mjs:864:32
    at process.processTicksAndRejections (node:internal/process/task_queues:103:5)
    at async file:///root/v6/backend-node/node_modules/express-rate-limit/dist/index.mjs:825:5 {
  code: 'ERR_ERL_UNEXPECTED_X_FORWARDED_FOR',
  help: 'https://express-rate-limit.github.io/ERR_ERL_UNEXPECTED_X_FORWARDED_FOR/'
}
2026-07-16T13:39:58: [Agent] Pre-compilando agentes para todas las plataformas...
2026-07-16T13:39:59:   [OK] win-x64 (15.7 MB)
2026-07-16T13:39:59:   [OK] linux-x64 (15.2 MB)
2026-07-16T13:39:59:   [OK] mac-x64 (15.5 MB)
2026-07-16T13:40:00:   [OK] mac-arm64 (14.8 MB)
2026-07-16T13:40:00: ╔══════════════════════════════════════╗
2026-07-16T13:40:00: ║     Compliance API                       ║
2026-07-16T13:40:00: ╚══════════════════════════════════════╝
2026-07-16T13:40:00: [Agent] Pre-compilación completada: 4/4 plataformas
2026-07-16T13:40:00: (node:1410436) [MONGOOSE] Warning: Duplicate schema index on {"domain":1} found. This is often due to declaring an index using both "index: true" and "schema.index()". Please remove the duplicate index definition.
(Use `node --trace-warnings ...` to show where the warning was created)
2026-07-16T13:40:01: [OK] MongoDB Atlas connected: securelab.sytes.net
2026-07-16T13:40:05: [OK] Admin password synced
2026-07-16T13:40:05: [SERVER] Marked 1 agent(s) as offline (server restart)
2026-07-16T13:40:06: [DATA-RETENTION] Starting data retention scheduler (interval: 1h)
2026-07-16T13:40:06: [REPORT-SCHEDULER] Starting report scheduler (interval: 1h)
2026-07-16T13:40:06: [SERVER] Running on http://localhost:3838
2026-07-16T13:40:07: ValidationError: The 'X-Forwarded-For' header is set but the Express 'trust proxy' setting is false (default). This could indicate a misconfiguration which would prevent express-rate-limit from accurately identifying users. See https://express-rate-limit.github.io/ERR_ERL_UNEXPECTED_X_FORWARDED_FOR/ for more information.
    at Object.xForwardedForHeader (file:///root/v6/backend-node/node_modules/express-rate-limit/dist/index.mjs:352:13)
    at wrappedValidations.<computed> [as xForwardedForHeader] (file:///root/v6/backend-node/node_modules/express-rate-limit/dist/index.mjs:675:22)
    at Object.keyGenerator (file:///root/v6/backend-node/node_modules/express-rate-limit/dist/index.mjs:782:20)
    at file:///root/v6/backend-node/node_modules/express-rate-limit/dist/index.mjs:864:32
    at process.processTicksAndRejections (node:internal/process/task_queues:103:5)
    at async file:///root/v6/backend-node/node_modules/express-rate-limit/dist/index.mjs:825:5 {
  code: 'ERR_ERL_UNEXPECTED_X_FORWARDED_FOR',
  help: 'https://express-rate-limit.github.io/ERR_ERL_UNEXPECTED_X_FORWARDED_FOR/'
}
2026-07-16T13:42:16: [Agent] Pre-compilando agentes para todas las plataformas...
2026-07-16T13:42:17:   [OK] win-x64 (15.7 MB)
2026-07-16T13:42:17:   [OK] linux-x64 (15.2 MB)
2026-07-16T13:42:17:   [OK] mac-x64 (15.5 MB)
2026-07-16T13:42:18:   [OK] mac-arm64 (14.8 MB)
2026-07-16T13:42:18: ╔══════════════════════════════════════╗
2026-07-16T13:42:18: ║     Compliance API                       ║
2026-07-16T13:42:18: ╚══════════════════════════════════════╝
2026-07-16T13:42:18: [Agent] Pre-compilación completada: 4/4 plataformas
2026-07-16T13:42:18: (node:1411154) [MONGOOSE] Warning: Duplicate schema index on {"domain":1} found. This is often due to declaring an index using both "index: true" and "schema.index()". Please remove the duplicate index definition.
(Use `node --trace-warnings ...` to show where the warning was created)
2026-07-16T13:42:19: [OK] MongoDB Atlas connected: securelab.sytes.net
2026-07-16T13:42:23: [OK] Admin password synced
2026-07-16T13:42:23: [SERVER] Marked 1 agent(s) as offline (server restart)
2026-07-16T13:42:24: [DATA-RETENTION] Starting data retention scheduler (interval: 1h)
2026-07-16T13:42:24: [REPORT-SCHEDULER] Starting report scheduler (interval: 1h)
2026-07-16T13:42:24: [SERVER] Running on http://localhost:3838
2026-07-16T13:42:25: ValidationError: The 'X-Forwarded-For' header is set but the Express 'trust proxy' setting is false (default). This could indicate a misconfiguration which would prevent express-rate-limit from accurately identifying users. See https://express-rate-limit.github.io/ERR_ERL_UNEXPECTED_X_FORWARDED_FOR/ for more information.
    at Object.xForwardedForHeader (file:///root/v6/backend-node/node_modules/express-rate-limit/dist/index.mjs:352:13)
    at wrappedValidations.<computed> [as xForwardedForHeader] (file:///root/v6/backend-node/node_modules/express-rate-limit/dist/index.mjs:675:22)
    at Object.keyGenerator (file:///root/v6/backend-node/node_modules/express-rate-limit/dist/index.mjs:782:20)
    at file:///root/v6/backend-node/node_modules/express-rate-limit/dist/index.mjs:864:32
    at process.processTicksAndRejections (node:internal/process/task_queues:103:5)
    at async file:///root/v6/backend-node/node_modules/express-rate-limit/dist/index.mjs:825:5 {
  code: 'ERR_ERL_UNEXPECTED_X_FORWARDED_FOR',
  help: 'https://express-rate-limit.github.io/ERR_ERL_UNEXPECTED_X_FORWARDED_FOR/'
}
2026-07-16T13:43:04: [Agent] Pre-compilando agentes para todas las plataformas...
2026-07-16T13:43:04:   [OK] win-x64 (15.7 MB)
2026-07-16T13:43:05:   [OK] linux-x64 (15.2 MB)
2026-07-16T13:43:05:   [OK] mac-x64 (15.5 MB)
2026-07-16T13:43:05:   [OK] mac-arm64 (14.8 MB)
2026-07-16T13:43:05: ╔══════════════════════════════════════╗
2026-07-16T13:43:05: ║     Compliance API                       ║
2026-07-16T13:43:05: ╚══════════════════════════════════════╝
2026-07-16T13:43:05: [Agent] Pre-compilación completada: 4/4 plataformas
2026-07-16T13:43:05: (node:1411606) [MONGOOSE] Warning: Duplicate schema index on {"domain":1} found. This is often due to declaring an index using both "index: true" and "schema.index()". Please remove the duplicate index definition.
(Use `node --trace-warnings ...` to show where the warning was created)
2026-07-16T13:43:07: [OK] MongoDB Atlas connected: securelab.sytes.net
2026-07-16T13:43:10: [OK] Admin password synced
2026-07-16T13:43:11: [SERVER] Marked 1 agent(s) as offline (server restart)
2026-07-16T13:43:11: [DATA-RETENTION] Starting data retention scheduler (interval: 1h)
2026-07-16T13:43:11: [REPORT-SCHEDULER] Starting report scheduler (interval: 1h)
2026-07-16T13:43:11: [SERVER] Running on http://localhost:3838
2026-07-16T13:43:44: [Agent] Pre-compilando agentes para todas las plataformas...
2026-07-16T13:43:45:   [OK] win-x64 (15.7 MB)
2026-07-16T13:43:45:   [OK] linux-x64 (15.2 MB)
2026-07-16T13:43:45:   [OK] mac-x64 (15.5 MB)
2026-07-16T13:43:46:   [OK] mac-arm64 (14.8 MB)
2026-07-16T13:43:46: ╔══════════════════════════════════════╗
2026-07-16T13:43:46: ║     Compliance API                       ║
2026-07-16T13:43:46: ╚══════════════════════════════════════╝
2026-07-16T13:43:46: [Agent] Pre-compilación completada: 4/4 plataformas
2026-07-16T13:43:46: (node:1411973) [MONGOOSE] Warning: Duplicate schema index on {"domain":1} found. This is often due to declaring an index using both "index: true" and "schema.index()". Please remove the duplicate index definition.
(Use `node --trace-warnings ...` to show where the warning was created)
2026-07-16T13:43:47: [OK] MongoDB Atlas connected: securelab.sytes.net
2026-07-16T13:43:51: [OK] Admin password synced
2026-07-16T13:43:51: [SERVER] Marked 1 agent(s) as offline (server restart)
2026-07-16T13:43:52: [DATA-RETENTION] Starting data retention scheduler (interval: 1h)
2026-07-16T13:43:52: [REPORT-SCHEDULER] Starting report scheduler (interval: 1h)
2026-07-16T13:43:52: [SERVER] Running on http://localhost:3838
2026-07-16T13:43:53: ValidationError: The 'X-Forwarded-For' header is set but the Express 'trust proxy' setting is false (default). This could indicate a misconfiguration which would prevent express-rate-limit from accurately identifying users. See https://express-rate-limit.github.io/ERR_ERL_UNEXPECTED_X_FORWARDED_FOR/ for more information.
    at Object.xForwardedForHeader (file:///root/v6/backend-node/node_modules/express-rate-limit/dist/index.mjs:352:13)
    at wrappedValidations.<computed> [as xForwardedForHeader] (file:///root/v6/backend-node/node_modules/express-rate-limit/dist/index.mjs:675:22)
    at Object.keyGenerator (file:///root/v6/backend-node/node_modules/express-rate-limit/dist/index.mjs:782:20)
    at file:///root/v6/backend-node/node_modules/express-rate-limit/dist/index.mjs:864:32
    at process.processTicksAndRejections (node:internal/process/task_queues:103:5)
    at async file:///root/v6/backend-node/node_modules/express-rate-limit/dist/index.mjs:825:5 {
  code: 'ERR_ERL_UNEXPECTED_X_FORWARDED_FOR',
  help: 'https://express-rate-limit.github.io/ERR_ERL_UNEXPECTED_X_FORWARDED_FOR/'
}
2026-07-16T13:45:31: [Agent] Pre-compilando agentes para todas las plataformas...
2026-07-16T13:45:31:   [OK] win-x64 (15.7 MB)
2026-07-16T13:45:31:   [OK] linux-x64 (15.2 MB)
2026-07-16T13:45:31:   [OK] mac-x64 (15.5 MB)
2026-07-16T13:45:32:   [OK] mac-arm64 (14.8 MB)
2026-07-16T13:45:32: ╔══════════════════════════════════════╗
2026-07-16T13:45:32: ║     Compliance API                       ║
2026-07-16T13:45:32: ╚══════════════════════════════════════╝
2026-07-16T13:45:32: [Agent] Pre-compilación completada: 4/4 plataformas
2026-07-16T13:45:32: (node:1412787) [MONGOOSE] Warning: Duplicate schema index on {"domain":1} found. This is often due to declaring an index using both "index: true" and "schema.index()". Please remove the duplicate index definition.
(Use `node --trace-warnings ...` to show where the warning was created)
2026-07-16T13:45:33: [OK] MongoDB Atlas connected: securelab.sytes.net
2026-07-16T13:45:37: [OK] Admin password synced
2026-07-16T13:45:37: [SERVER] Marked 1 agent(s) as offline (server restart)
2026-07-16T13:45:38: [DATA-RETENTION] Starting data retention scheduler (interval: 1h)
2026-07-16T13:45:38: [REPORT-SCHEDULER] Starting report scheduler (interval: 1h)
2026-07-16T13:45:38: [SERVER] Running on http://localhost:3838
2026-07-16T13:47:04: [Agent] Pre-compilando agentes para todas las plataformas...
2026-07-16T13:47:05:   [OK] win-x64 (15.7 MB)
2026-07-16T13:47:05:   [OK] linux-x64 (15.2 MB)
2026-07-16T13:47:05:   [OK] mac-x64 (15.5 MB)
2026-07-16T13:47:06:   [OK] mac-arm64 (14.8 MB)
2026-07-16T13:47:06: ╔══════════════════════════════════════╗
2026-07-16T13:47:06: ║     Compliance API                       ║
2026-07-16T13:47:06: ╚══════════════════════════════════════╝
2026-07-16T13:47:06: [Agent] Pre-compilación completada: 4/4 plataformas
2026-07-16T13:47:06: (node:1413535) [MONGOOSE] Warning: Duplicate schema index on {"domain":1} found. This is often due to declaring an index using both "index: true" and "schema.index()". Please remove the duplicate index definition.
(Use `node --trace-warnings ...` to show where the warning was created)
2026-07-16T13:47:07: [OK] MongoDB Atlas connected: securelab.sytes.net
2026-07-16T13:47:11: [OK] Admin password synced
2026-07-16T13:47:11: [SERVER] Marked 1 agent(s) as offline (server restart)
2026-07-16T13:47:12: [DATA-RETENTION] Starting data retention scheduler (interval: 1h)
2026-07-16T13:47:12: [REPORT-SCHEDULER] Starting report scheduler (interval: 1h)
2026-07-16T13:47:12: [SERVER] Running on http://localhost:3838
2026-07-16T13:47:34: [Agent] Pre-compilando agentes para todas las plataformas...
2026-07-16T13:47:34:   [OK] win-x64 (15.7 MB)
2026-07-16T13:47:34:   [OK] linux-x64 (15.2 MB)
2026-07-16T13:47:35:   [OK] mac-x64 (15.5 MB)
2026-07-16T13:47:35:   [OK] mac-arm64 (14.8 MB)
2026-07-16T13:47:35: ╔══════════════════════════════════════╗
2026-07-16T13:47:35: ║     Compliance API                       ║
2026-07-16T13:47:35: ╚══════════════════════════════════════╝
2026-07-16T13:47:35: [Agent] Pre-compilación completada: 4/4 plataformas
2026-07-16T13:47:35: (node:1413931) [MONGOOSE] Warning: Duplicate schema index on {"domain":1} found. This is often due to declaring an index using both "index: true" and "schema.index()". Please remove the duplicate index definition.
(Use `node --trace-warnings ...` to show where the warning was created)
2026-07-16T13:47:36: [OK] MongoDB Atlas connected: securelab.sytes.net
2026-07-16T13:47:40: [OK] Admin password synced
2026-07-16T13:47:41: [SERVER] Marked 1 agent(s) as offline (server restart)
2026-07-16T13:47:41: [DATA-RETENTION] Starting data retention scheduler (interval: 1h)
2026-07-16T13:47:41: [REPORT-SCHEDULER] Starting report scheduler (interval: 1h)
2026-07-16T13:47:41: [SERVER] Running on http://localhost:3838
2026-07-16T13:47:42: ValidationError: The 'X-Forwarded-For' header is set but the Express 'trust proxy' setting is false (default). This could indicate a misconfiguration which would prevent express-rate-limit from accurately identifying users. See https://express-rate-limit.github.io/ERR_ERL_UNEXPECTED_X_FORWARDED_FOR/ for more information.
    at Object.xForwardedForHeader (file:///root/v6/backend-node/node_modules/express-rate-limit/dist/index.mjs:352:13)
    at wrappedValidations.<computed> [as xForwardedForHeader] (file:///root/v6/backend-node/node_modules/express-rate-limit/dist/index.mjs:675:22)
    at Object.keyGenerator (file:///root/v6/backend-node/node_modules/express-rate-limit/dist/index.mjs:782:20)
    at file:///root/v6/backend-node/node_modules/express-rate-limit/dist/index.mjs:864:32
    at process.processTicksAndRejections (node:internal/process/task_queues:103:5)
    at async file:///root/v6/backend-node/node_modules/express-rate-limit/dist/index.mjs:825:5 {
  code: 'ERR_ERL_UNEXPECTED_X_FORWARDED_FOR',
  help: 'https://express-rate-limit.github.io/ERR_ERL_UNEXPECTED_X_FORWARDED_FOR/'
}
2026-07-16T13:50:02: [Agent] Pre-compilando agentes para todas las plataformas...
2026-07-16T13:50:02:   [OK] win-x64 (15.7 MB)
2026-07-16T13:50:03:   [OK] linux-x64 (15.2 MB)
2026-07-16T13:50:03:   [OK] mac-x64 (15.5 MB)
2026-07-16T13:50:04:   [OK] mac-arm64 (14.8 MB)
2026-07-16T13:50:04: ╔══════════════════════════════════════╗
2026-07-16T13:50:04: ║     Compliance API                       ║
2026-07-16T13:50:04: ╚══════════════════════════════════════╝
2026-07-16T13:50:04: [Agent] Pre-compilación completada: 4/4 plataformas
2026-07-16T13:50:04: (node:1414695) [MONGOOSE] Warning: Duplicate schema index on {"domain":1} found. This is often due to declaring an index using both "index: true" and "schema.index()". Please remove the duplicate index definition.
(Use `node --trace-warnings ...` to show where the warning was created)
2026-07-16T13:50:05: [OK] MongoDB Atlas connected: securelab.sytes.net
2026-07-16T13:50:09: [OK] Admin password synced
2026-07-16T13:50:09: [SERVER] Marked 1 agent(s) as offline (server restart)
2026-07-16T13:50:10: [DATA-RETENTION] Starting data retention scheduler (interval: 1h)
2026-07-16T13:50:10: [REPORT-SCHEDULER] Starting report scheduler (interval: 1h)
2026-07-16T13:50:10: [SERVER] Running on http://localhost:3838
2026-07-16T13:50:10: ValidationError: The 'X-Forwarded-For' header is set but the Express 'trust proxy' setting is false (default). This could indicate a misconfiguration which would prevent express-rate-limit from accurately identifying users. See https://express-rate-limit.github.io/ERR_ERL_UNEXPECTED_X_FORWARDED_FOR/ for more information.
    at Object.xForwardedForHeader (file:///root/v6/backend-node/node_modules/express-rate-limit/dist/index.mjs:352:13)
    at wrappedValidations.<computed> [as xForwardedForHeader] (file:///root/v6/backend-node/node_modules/express-rate-limit/dist/index.mjs:675:22)
    at Object.keyGenerator (file:///root/v6/backend-node/node_modules/express-rate-limit/dist/index.mjs:782:20)
    at file:///root/v6/backend-node/node_modules/express-rate-limit/dist/index.mjs:864:32
    at process.processTicksAndRejections (node:internal/process/task_queues:103:5)
    at async file:///root/v6/backend-node/node_modules/express-rate-limit/dist/index.mjs:825:5 {
  code: 'ERR_ERL_UNEXPECTED_X_FORWARDED_FOR',
  help: 'https://express-rate-limit.github.io/ERR_ERL_UNEXPECTED_X_FORWARDED_FOR/'
}
2026-07-16T13:50:15: [Agent] Pre-compilando agentes para todas las plataformas...
2026-07-16T13:50:15:   [OK] win-x64 (15.7 MB)
2026-07-16T13:50:15:   [OK] linux-x64 (15.2 MB)
2026-07-16T13:50:16:   [OK] mac-x64 (15.5 MB)
2026-07-16T13:50:16:   [OK] mac-arm64 (14.8 MB)
2026-07-16T13:50:16: ╔══════════════════════════════════════╗
2026-07-16T13:50:16: ║     Compliance API                       ║
2026-07-16T13:50:16: ╚══════════════════════════════════════╝
2026-07-16T13:50:16: [Agent] Pre-compilación completada: 4/4 plataformas
2026-07-16T13:50:16: (node:1415005) [MONGOOSE] Warning: Duplicate schema index on {"domain":1} found. This is often due to declaring an index using both "index: true" and "schema.index()". Please remove the duplicate index definition.
(Use `node --trace-warnings ...` to show where the warning was created)
2026-07-16T13:50:18: [OK] MongoDB Atlas connected: securelab.sytes.net
2026-07-16T13:50:21: [OK] Admin password synced
2026-07-16T13:50:23: [SERVER] Marked 1 agent(s) as offline (server restart)
2026-07-16T13:50:23: [DATA-RETENTION] Starting data retention scheduler (interval: 1h)
2026-07-16T13:50:23: [REPORT-SCHEDULER] Starting report scheduler (interval: 1h)
2026-07-16T13:50:23: [SERVER] Running on http://localhost:3838
2026-07-16T13:53:23: [Agent] Pre-compilando agentes para todas las plataformas...
2026-07-16T13:53:24:   [OK] win-x64 (15.7 MB)
2026-07-16T13:53:24:   [OK] linux-x64 (15.2 MB)
2026-07-16T13:53:24:   [OK] mac-x64 (15.5 MB)
2026-07-16T13:53:25:   [OK] mac-arm64 (14.8 MB)
2026-07-16T13:53:25: ╔══════════════════════════════════════╗
2026-07-16T13:53:25: ║     Compliance API                       ║
2026-07-16T13:53:25: ╚══════════════════════════════════════╝
2026-07-16T13:53:25: [Agent] Pre-compilación completada: 4/4 plataformas
2026-07-16T13:53:25: (node:1416019) [MONGOOSE] Warning: Duplicate schema index on {"domain":1} found. This is often due to declaring an index using both "index: true" and "schema.index()". Please remove the duplicate index definition.
(Use `node --trace-warnings ...` to show where the warning was created)
2026-07-16T13:53:26: [OK] MongoDB Atlas connected: securelab.sytes.net
2026-07-16T13:53:30: [OK] Admin password synced
2026-07-16T13:53:30: [SERVER] Marked 1 agent(s) as offline (server restart)
2026-07-16T13:53:31: [DATA-RETENTION] Starting data retention scheduler (interval: 1h)
2026-07-16T13:53:31: [REPORT-SCHEDULER] Starting report scheduler (interval: 1h)
2026-07-16T13:53:31: [SERVER] Running on http://localhost:3838
2026-07-16T13:53:31: ValidationError: The 'X-Forwarded-For' header is set but the Express 'trust proxy' setting is false (default). This could indicate a misconfiguration which would prevent express-rate-limit from accurately identifying users. See https://express-rate-limit.github.io/ERR_ERL_UNEXPECTED_X_FORWARDED_FOR/ for more information.
    at Object.xForwardedForHeader (file:///root/v6/backend-node/node_modules/express-rate-limit/dist/index.mjs:352:13)
    at wrappedValidations.<computed> [as xForwardedForHeader] (file:///root/v6/backend-node/node_modules/express-rate-limit/dist/index.mjs:675:22)
    at Object.keyGenerator (file:///root/v6/backend-node/node_modules/express-rate-limit/dist/index.mjs:782:20)
    at file:///root/v6/backend-node/node_modules/express-rate-limit/dist/index.mjs:864:32
    at process.processTicksAndRejections (node:internal/process/task_queues:103:5)
    at async file:///root/v6/backend-node/node_modules/express-rate-limit/dist/index.mjs:825:5 {
  code: 'ERR_ERL_UNEXPECTED_X_FORWARDED_FOR',
  help: 'https://express-rate-limit.github.io/ERR_ERL_UNEXPECTED_X_FORWARDED_FOR/'
}
2026-07-16T13:55:08: [Agent] Pre-compilando agentes para todas las plataformas...
2026-07-16T13:55:08:   [OK] win-x64 (15.7 MB)
2026-07-16T13:55:08:   [OK] linux-x64 (15.2 MB)
2026-07-16T13:55:09:   [OK] mac-x64 (15.5 MB)
2026-07-16T13:55:09:   [OK] mac-arm64 (14.8 MB)
2026-07-16T13:55:09: ╔══════════════════════════════════════╗
2026-07-16T13:55:09: ║     Compliance API                       ║
2026-07-16T13:55:09: ╚══════════════════════════════════════╝
2026-07-16T13:55:09: [Agent] Pre-compilación completada: 4/4 plataformas
2026-07-16T13:55:09: (node:1416760) [MONGOOSE] Warning: Duplicate schema index on {"domain":1} found. This is often due to declaring an index using both "index: true" and "schema.index()". Please remove the duplicate index definition.
(Use `node --trace-warnings ...` to show where the warning was created)
2026-07-16T13:55:11: [OK] MongoDB Atlas connected: securelab.sytes.net
2026-07-16T13:55:14: [OK] Admin password synced
2026-07-16T13:55:15: [SERVER] Marked 1 agent(s) as offline (server restart)
2026-07-16T13:55:15: [DATA-RETENTION] Starting data retention scheduler (interval: 1h)
2026-07-16T13:55:15: [REPORT-SCHEDULER] Starting report scheduler (interval: 1h)
2026-07-16T13:55:15: [SERVER] Running on http://localhost:3838
2026-07-16T13:55:17: ValidationError: The 'X-Forwarded-For' header is set but the Express 'trust proxy' setting is false (default). This could indicate a misconfiguration which would prevent express-rate-limit from accurately identifying users. See https://express-rate-limit.github.io/ERR_ERL_UNEXPECTED_X_FORWARDED_FOR/ for more information.
    at Object.xForwardedForHeader (file:///root/v6/backend-node/node_modules/express-rate-limit/dist/index.mjs:352:13)
    at wrappedValidations.<computed> [as xForwardedForHeader] (file:///root/v6/backend-node/node_modules/express-rate-limit/dist/index.mjs:675:22)
    at Object.keyGenerator (file:///root/v6/backend-node/node_modules/express-rate-limit/dist/index.mjs:782:20)
    at file:///root/v6/backend-node/node_modules/express-rate-limit/dist/index.mjs:864:32
    at process.processTicksAndRejections (node:internal/process/task_queues:103:5)
    at async file:///root/v6/backend-node/node_modules/express-rate-limit/dist/index.mjs:825:5 {
  code: 'ERR_ERL_UNEXPECTED_X_FORWARDED_FOR',
  help: 'https://express-rate-limit.github.io/ERR_ERL_UNEXPECTED_X_FORWARDED_FOR/'
}
2026-07-16T13:55:42: [Agent] Pre-compilando agentes para todas las plataformas...
2026-07-16T13:55:42:   [OK] win-x64 (15.7 MB)
2026-07-16T13:55:42:   [OK] linux-x64 (15.2 MB)
2026-07-16T13:55:43:   [OK] mac-x64 (15.5 MB)
2026-07-16T13:55:43:   [OK] mac-arm64 (14.8 MB)
2026-07-16T13:55:43: ╔══════════════════════════════════════╗
2026-07-16T13:55:43: ║     Compliance API                       ║
2026-07-16T13:55:43: ╚══════════════════════════════════════╝
2026-07-16T13:55:43: [Agent] Pre-compilación completada: 4/4 plataformas
2026-07-16T13:55:43: (node:1417166) [MONGOOSE] Warning: Duplicate schema index on {"domain":1} found. This is often due to declaring an index using both "index: true" and "schema.index()". Please remove the duplicate index definition.
(Use `node --trace-warnings ...` to show where the warning was created)
2026-07-16T13:55:44: [OK] MongoDB Atlas connected: securelab.sytes.net
2026-07-16T13:55:48: [OK] Admin password synced
2026-07-16T13:55:49: [SERVER] Marked 1 agent(s) as offline (server restart)
2026-07-16T13:55:49: [DATA-RETENTION] Starting data retention scheduler (interval: 1h)
2026-07-16T13:55:49: [REPORT-SCHEDULER] Starting report scheduler (interval: 1h)
2026-07-16T13:55:49: [SERVER] Running on http://localhost:3838
2026-07-16T13:55:50: ValidationError: The 'X-Forwarded-For' header is set but the Express 'trust proxy' setting is false (default). This could indicate a misconfiguration which would prevent express-rate-limit from accurately identifying users. See https://express-rate-limit.github.io/ERR_ERL_UNEXPECTED_X_FORWARDED_FOR/ for more information.
    at Object.xForwardedForHeader (file:///root/v6/backend-node/node_modules/express-rate-limit/dist/index.mjs:352:13)
    at wrappedValidations.<computed> [as xForwardedForHeader] (file:///root/v6/backend-node/node_modules/express-rate-limit/dist/index.mjs:675:22)
    at Object.keyGenerator (file:///root/v6/backend-node/node_modules/express-rate-limit/dist/index.mjs:782:20)
    at file:///root/v6/backend-node/node_modules/express-rate-limit/dist/index.mjs:864:32
    at process.processTicksAndRejections (node:internal/process/task_queues:103:5)
    at async file:///root/v6/backend-node/node_modules/express-rate-limit/dist/index.mjs:825:5 {
  code: 'ERR_ERL_UNEXPECTED_X_FORWARDED_FOR',
  help: 'https://express-rate-limit.github.io/ERR_ERL_UNEXPECTED_X_FORWARDED_FOR/'
}
2026-07-16T13:58:28: [Agent] Pre-compilando agentes para todas las plataformas...
2026-07-16T13:58:28:   [OK] win-x64 (15.7 MB)
2026-07-16T13:58:28:   [OK] linux-x64 (15.2 MB)
2026-07-16T13:58:29:   [OK] mac-x64 (15.5 MB)
2026-07-16T13:58:29:   [OK] mac-arm64 (14.8 MB)
2026-07-16T13:58:29: ╔══════════════════════════════════════╗
2026-07-16T13:58:29: ║     Compliance API                       ║
2026-07-16T13:58:29: ╚══════════════════════════════════════╝
2026-07-16T13:58:29: [Agent] Pre-compilación completada: 4/4 plataformas
2026-07-16T13:58:29: (node:1418035) [MONGOOSE] Warning: Duplicate schema index on {"domain":1} found. This is often due to declaring an index using both "index: true" and "schema.index()". Please remove the duplicate index definition.
(Use `node --trace-warnings ...` to show where the warning was created)
2026-07-16T13:58:30: [OK] MongoDB Atlas connected: securelab.sytes.net
2026-07-16T13:58:34: [OK] Admin password synced
2026-07-16T13:58:35: [SERVER] Marked 1 agent(s) as offline (server restart)
2026-07-16T13:58:35: [DATA-RETENTION] Starting data retention scheduler (interval: 1h)
2026-07-16T13:58:35: [REPORT-SCHEDULER] Starting report scheduler (interval: 1h)
2026-07-16T13:58:35: [SERVER] Running on http://localhost:3838
2026-07-16T13:58:36: ValidationError: The 'X-Forwarded-For' header is set but the Express 'trust proxy' setting is false (default). This could indicate a misconfiguration which would prevent express-rate-limit from accurately identifying users. See https://express-rate-limit.github.io/ERR_ERL_UNEXPECTED_X_FORWARDED_FOR/ for more information.
    at Object.xForwardedForHeader (file:///root/v6/backend-node/node_modules/express-rate-limit/dist/index.mjs:352:13)
    at wrappedValidations.<computed> [as xForwardedForHeader] (file:///root/v6/backend-node/node_modules/express-rate-limit/dist/index.mjs:675:22)
    at Object.keyGenerator (file:///root/v6/backend-node/node_modules/express-rate-limit/dist/index.mjs:782:20)
    at file:///root/v6/backend-node/node_modules/express-rate-limit/dist/index.mjs:864:32
    at process.processTicksAndRejections (node:internal/process/task_queues:103:5)
    at async file:///root/v6/backend-node/node_modules/express-rate-limit/dist/index.mjs:825:5 {
  code: 'ERR_ERL_UNEXPECTED_X_FORWARDED_FOR',
  help: 'https://express-rate-limit.github.io/ERR_ERL_UNEXPECTED_X_FORWARDED_FOR/'
}
2026-07-16T14:00:04: [Agent] Pre-compilando agentes para todas las plataformas...
2026-07-16T14:00:05:   [OK] win-x64 (15.7 MB)
2026-07-16T14:00:05:   [OK] linux-x64 (15.2 MB)
2026-07-16T14:00:05:   [OK] mac-x64 (15.5 MB)
2026-07-16T14:00:05:   [OK] mac-arm64 (14.8 MB)
2026-07-16T14:00:06: ╔══════════════════════════════════════╗
2026-07-16T14:00:06: ║     Compliance API                       ║
2026-07-16T14:00:06: ╚══════════════════════════════════════╝
2026-07-16T14:00:06: [Agent] Pre-compilación completada: 4/4 plataformas
2026-07-16T14:00:06: (node:1418721) [MONGOOSE] Warning: Duplicate schema index on {"domain":1} found. This is often due to declaring an index using both "index: true" and "schema.index()". Please remove the duplicate index definition.
(Use `node --trace-warnings ...` to show where the warning was created)
2026-07-16T14:00:07: [OK] MongoDB Atlas connected: securelab.sytes.net
2026-07-16T14:00:10: [OK] Admin password synced
2026-07-16T14:00:11: [SERVER] Marked 1 agent(s) as offline (server restart)
2026-07-16T14:00:12: [DATA-RETENTION] Starting data retention scheduler (interval: 1h)
2026-07-16T14:00:12: [REPORT-SCHEDULER] Starting report scheduler (interval: 1h)
2026-07-16T14:00:12: [SERVER] Running on http://localhost:3838
2026-07-16T14:00:12: ValidationError: The 'X-Forwarded-For' header is set but the Express 'trust proxy' setting is false (default). This could indicate a misconfiguration which would prevent express-rate-limit from accurately identifying users. See https://express-rate-limit.github.io/ERR_ERL_UNEXPECTED_X_FORWARDED_FOR/ for more information.
    at Object.xForwardedForHeader (file:///root/v6/backend-node/node_modules/express-rate-limit/dist/index.mjs:352:13)
    at wrappedValidations.<computed> [as xForwardedForHeader] (file:///root/v6/backend-node/node_modules/express-rate-limit/dist/index.mjs:675:22)
    at Object.keyGenerator (file:///root/v6/backend-node/node_modules/express-rate-limit/dist/index.mjs:782:20)
    at file:///root/v6/backend-node/node_modules/express-rate-limit/dist/index.mjs:864:32
    at process.processTicksAndRejections (node:internal/process/task_queues:103:5)
    at async file:///root/v6/backend-node/node_modules/express-rate-limit/dist/index.mjs:825:5 {
  code: 'ERR_ERL_UNEXPECTED_X_FORWARDED_FOR',
  help: 'https://express-rate-limit.github.io/ERR_ERL_UNEXPECTED_X_FORWARDED_FOR/'
}
2026-07-16T14:01:40: [Agent] Pre-compilando agentes para todas las plataformas...
2026-07-16T14:01:40:   [OK] win-x64 (15.7 MB)
2026-07-16T14:01:40:   [OK] linux-x64 (15.2 MB)
2026-07-16T14:01:41:   [OK] mac-x64 (15.5 MB)
2026-07-16T14:01:41:   [OK] mac-arm64 (14.8 MB)
2026-07-16T14:01:41: ╔══════════════════════════════════════╗
2026-07-16T14:01:41: ║     Compliance API                       ║
2026-07-16T14:01:41: ╚══════════════════════════════════════╝
2026-07-16T14:01:41: [Agent] Pre-compilación completada: 4/4 plataformas
2026-07-16T14:01:41: (node:1419410) [MONGOOSE] Warning: Duplicate schema index on {"domain":1} found. This is often due to declaring an index using both "index: true" and "schema.index()". Please remove the duplicate index definition.
(Use `node --trace-warnings ...` to show where the warning was created)
2026-07-16T14:01:43: [OK] MongoDB Atlas connected: securelab.sytes.net
2026-07-16T14:01:46: [OK] Admin password synced
2026-07-16T14:01:47: [SERVER] Marked 1 agent(s) as offline (server restart)
2026-07-16T14:01:47: [DATA-RETENTION] Starting data retention scheduler (interval: 1h)
2026-07-16T14:01:47: [REPORT-SCHEDULER] Starting report scheduler (interval: 1h)
2026-07-16T14:01:47: [SERVER] Running on http://localhost:3838
2026-07-16T14:01:48: ValidationError: The 'X-Forwarded-For' header is set but the Express 'trust proxy' setting is false (default). This could indicate a misconfiguration which would prevent express-rate-limit from accurately identifying users. See https://express-rate-limit.github.io/ERR_ERL_UNEXPECTED_X_FORWARDED_FOR/ for more information.
    at Object.xForwardedForHeader (file:///root/v6/backend-node/node_modules/express-rate-limit/dist/index.mjs:352:13)
    at wrappedValidations.<computed> [as xForwardedForHeader] (file:///root/v6/backend-node/node_modules/express-rate-limit/dist/index.mjs:675:22)
    at Object.keyGenerator (file:///root/v6/backend-node/node_modules/express-rate-limit/dist/index.mjs:782:20)
    at file:///root/v6/backend-node/node_modules/express-rate-limit/dist/index.mjs:864:32
    at process.processTicksAndRejections (node:internal/process/task_queues:103:5)
    at async file:///root/v6/backend-node/node_modules/express-rate-limit/dist/index.mjs:825:5 {
  code: 'ERR_ERL_UNEXPECTED_X_FORWARDED_FOR',
  help: 'https://express-rate-limit.github.io/ERR_ERL_UNEXPECTED_X_FORWARDED_FOR/'
}
2026-07-16T14:01:51: [Agent] Pre-compilando agentes para todas las plataformas...
2026-07-16T14:01:52:   [OK] win-x64 (15.7 MB)
2026-07-16T14:01:52:   [OK] linux-x64 (15.2 MB)
2026-07-16T14:01:52:   [OK] mac-x64 (15.5 MB)
2026-07-16T14:01:53:   [OK] mac-arm64 (14.8 MB)
2026-07-16T14:01:53: ╔══════════════════════════════════════╗
2026-07-16T14:01:53: ║     Compliance API                       ║
2026-07-16T14:01:53: ╚══════════════════════════════════════╝
2026-07-16T14:01:53: [Agent] Pre-compilación completada: 4/4 plataformas
2026-07-16T14:01:53: (node:1419603) [MONGOOSE] Warning: Duplicate schema index on {"domain":1} found. This is often due to declaring an index using both "index: true" and "schema.index()". Please remove the duplicate index definition.
(Use `node --trace-warnings ...` to show where the warning was created)
2026-07-16T14:01:54: [OK] MongoDB Atlas connected: securelab.sytes.net
2026-07-16T14:01:58: [OK] Admin password synced
2026-07-16T14:01:58: [SERVER] Marked 1 agent(s) as offline (server restart)
2026-07-16T14:01:59: [DATA-RETENTION] Starting data retention scheduler (interval: 1h)
2026-07-16T14:01:59: [REPORT-SCHEDULER] Starting report scheduler (interval: 1h)
2026-07-16T14:01:59: [SERVER] Running on http://localhost:3838
2026-07-16T14:05:40: [Agent] Pre-compilando agentes para todas las plataformas...
2026-07-16T14:05:40:   [OK] win-x64 (15.7 MB)
2026-07-16T14:05:41:   [OK] linux-x64 (15.2 MB)
2026-07-16T14:05:41:   [OK] mac-x64 (15.5 MB)
2026-07-16T14:05:41:   [OK] mac-arm64 (14.8 MB)
2026-07-16T14:05:41: ╔══════════════════════════════════════╗
2026-07-16T14:05:41: ║     Compliance API                       ║
2026-07-16T14:05:41: ╚══════════════════════════════════════╝
2026-07-16T14:05:41: [Agent] Pre-compilación completada: 4/4 plataformas
2026-07-16T14:05:41: (node:1420947) [MONGOOSE] Warning: Duplicate schema index on {"domain":1} found. This is often due to declaring an index using both "index: true" and "schema.index()". Please remove the duplicate index definition.
(Use `node --trace-warnings ...` to show where the warning was created)
2026-07-16T14:05:43: [OK] MongoDB Atlas connected: securelab.sytes.net
2026-07-16T14:05:46: [OK] Admin password synced
2026-07-16T14:05:47: [SERVER] Marked 1 agent(s) as offline (server restart)
2026-07-16T14:05:47: [DATA-RETENTION] Starting data retention scheduler (interval: 1h)
2026-07-16T14:05:47: [REPORT-SCHEDULER] Starting report scheduler (interval: 1h)
2026-07-16T14:05:47: [SERVER] Running on http://localhost:3838
2026-07-16T14:06:11: [Agent] Pre-compilando agentes para todas las plataformas...
2026-07-16T14:06:11:   [OK] win-x64 (15.7 MB)
2026-07-16T14:06:12:   [OK] linux-x64 (15.2 MB)
2026-07-16T14:06:12:   [OK] mac-x64 (15.5 MB)
2026-07-16T14:06:13:   [OK] mac-arm64 (14.8 MB)
2026-07-16T14:06:13: ╔══════════════════════════════════════╗
2026-07-16T14:06:13: ║     Compliance API                       ║
2026-07-16T14:06:13: ╚══════════════════════════════════════╝
2026-07-16T14:06:13: [Agent] Pre-compilación completada: 4/4 plataformas
2026-07-16T14:06:13: (node:1421242) [MONGOOSE] Warning: Duplicate schema index on {"domain":1} found. This is often due to declaring an index using both "index: true" and "schema.index()". Please remove the duplicate index definition.
(Use `node --trace-warnings ...` to show where the warning was created)
2026-07-16T14:06:14: [OK] MongoDB Atlas connected: securelab.sytes.net
2026-07-16T14:06:18: [OK] Admin password synced
2026-07-16T14:06:18: [SERVER] Marked 1 agent(s) as offline (server restart)
2026-07-16T14:06:19: [DATA-RETENTION] Starting data retention scheduler (interval: 1h)
2026-07-16T14:06:19: [REPORT-SCHEDULER] Starting report scheduler (interval: 1h)
2026-07-16T14:06:19: [SERVER] Running on http://localhost:3838
2026-07-16T14:06:20: ValidationError: The 'X-Forwarded-For' header is set but the Express 'trust proxy' setting is false (default). This could indicate a misconfiguration which would prevent express-rate-limit from accurately identifying users. See https://express-rate-limit.github.io/ERR_ERL_UNEXPECTED_X_FORWARDED_FOR/ for more information.
    at Object.xForwardedForHeader (file:///root/v6/backend-node/node_modules/express-rate-limit/dist/index.mjs:352:13)
    at wrappedValidations.<computed> [as xForwardedForHeader] (file:///root/v6/backend-node/node_modules/express-rate-limit/dist/index.mjs:675:22)
    at Object.keyGenerator (file:///root/v6/backend-node/node_modules/express-rate-limit/dist/index.mjs:782:20)
    at file:///root/v6/backend-node/node_modules/express-rate-limit/dist/index.mjs:864:32
    at process.processTicksAndRejections (node:internal/process/task_queues:103:5)
    at async file:///root/v6/backend-node/node_modules/express-rate-limit/dist/index.mjs:825:5 {
  code: 'ERR_ERL_UNEXPECTED_X_FORWARDED_FOR',
  help: 'https://express-rate-limit.github.io/ERR_ERL_UNEXPECTED_X_FORWARDED_FOR/'
}
2026-07-16T14:07:31: [Agent] Pre-compilando agentes para todas las plataformas...
2026-07-16T14:07:31:   [OK] win-x64 (15.7 MB)
2026-07-16T14:07:31:   [OK] linux-x64 (15.2 MB)
2026-07-16T14:07:32:   [OK] mac-x64 (15.5 MB)
2026-07-16T14:07:32:   [OK] mac-arm64 (14.8 MB)
2026-07-16T14:07:32: ╔══════════════════════════════════════╗
2026-07-16T14:07:32: ║     Compliance API                       ║
2026-07-16T14:07:32: ╚══════════════════════════════════════╝
2026-07-16T14:07:32: [Agent] Pre-compilación completada: 4/4 plataformas
2026-07-16T14:07:32: (node:1421722) [MONGOOSE] Warning: Duplicate schema index on {"domain":1} found. This is often due to declaring an index using both "index: true" and "schema.index()". Please remove the duplicate index definition.
(Use `node --trace-warnings ...` to show where the warning was created)
2026-07-16T14:07:33: [OK] MongoDB Atlas connected: securelab.sytes.net
2026-07-16T14:07:37: [OK] Admin password synced
2026-07-16T14:07:38: [SERVER] Marked 1 agent(s) as offline (server restart)
2026-07-16T14:07:38: [DATA-RETENTION] Starting data retention scheduler (interval: 1h)
2026-07-16T14:07:38: [REPORT-SCHEDULER] Starting report scheduler (interval: 1h)
2026-07-16T14:07:38: [SERVER] Running on http://localhost:3838
2026-07-16T14:07:44: [Agent] Pre-compilando agentes para todas las plataformas...
2026-07-16T14:07:44:   [OK] win-x64 (15.7 MB)
2026-07-16T14:07:45:   [OK] linux-x64 (15.2 MB)
2026-07-16T14:07:45:   [OK] mac-x64 (15.5 MB)
2026-07-16T14:07:46:   [OK] mac-arm64 (14.8 MB)
2026-07-16T14:07:46: ╔══════════════════════════════════════╗
2026-07-16T14:07:46: ║     Compliance API                       ║
2026-07-16T14:07:46: ╚══════════════════════════════════════╝
2026-07-16T14:07:46: [Agent] Pre-compilación completada: 4/4 plataformas
2026-07-16T14:07:46: (node:1422022) [MONGOOSE] Warning: Duplicate schema index on {"domain":1} found. This is often due to declaring an index using both "index: true" and "schema.index()". Please remove the duplicate index definition.
(Use `node --trace-warnings ...` to show where the warning was created)
2026-07-16T14:07:47: [OK] MongoDB Atlas connected: securelab.sytes.net
2026-07-16T14:07:51: [OK] Admin password synced
2026-07-16T14:07:52: [SERVER] Marked 1 agent(s) as offline (server restart)
2026-07-16T14:07:52: [DATA-RETENTION] Starting data retention scheduler (interval: 1h)
2026-07-16T14:07:52: [REPORT-SCHEDULER] Starting report scheduler (interval: 1h)
2026-07-16T14:07:52: [SERVER] Running on http://localhost:3838
2026-07-16T14:07:53: ValidationError: The 'X-Forwarded-For' header is set but the Express 'trust proxy' setting is false (default). This could indicate a misconfiguration which would prevent express-rate-limit from accurately identifying users. See https://express-rate-limit.github.io/ERR_ERL_UNEXPECTED_X_FORWARDED_FOR/ for more information.
    at Object.xForwardedForHeader (file:///root/v6/backend-node/node_modules/express-rate-limit/dist/index.mjs:352:13)
    at wrappedValidations.<computed> [as xForwardedForHeader] (file:///root/v6/backend-node/node_modules/express-rate-limit/dist/index.mjs:675:22)
    at Object.keyGenerator (file:///root/v6/backend-node/node_modules/express-rate-limit/dist/index.mjs:782:20)
    at file:///root/v6/backend-node/node_modules/express-rate-limit/dist/index.mjs:864:32
    at process.processTicksAndRejections (node:internal/process/task_queues:103:5)
    at async file:///root/v6/backend-node/node_modules/express-rate-limit/dist/index.mjs:825:5 {
  code: 'ERR_ERL_UNEXPECTED_X_FORWARDED_FOR',
  help: 'https://express-rate-limit.github.io/ERR_ERL_UNEXPECTED_X_FORWARDED_FOR/'
}
2026-07-16T14:08:34: [Agent] Pre-compilando agentes para todas las plataformas...
2026-07-16T14:08:34:   [OK] win-x64 (15.7 MB)
2026-07-16T14:08:34:   [OK] linux-x64 (15.2 MB)
2026-07-16T14:08:35:   [OK] mac-x64 (15.5 MB)
2026-07-16T14:08:35:   [OK] mac-arm64 (14.8 MB)
2026-07-16T14:08:35: ╔══════════════════════════════════════╗
2026-07-16T14:08:35: ║     Compliance API                       ║
2026-07-16T14:08:35: ╚══════════════════════════════════════╝
2026-07-16T14:08:35: [Agent] Pre-compilación completada: 4/4 plataformas
2026-07-16T14:08:35: (node:1422418) [MONGOOSE] Warning: Duplicate schema index on {"domain":1} found. This is often due to declaring an index using both "index: true" and "schema.index()". Please remove the duplicate index definition.
(Use `node --trace-warnings ...` to show where the warning was created)
2026-07-16T14:08:36: [OK] MongoDB Atlas connected: securelab.sytes.net
2026-07-16T14:08:40: [OK] Admin password synced
2026-07-16T14:08:41: [SERVER] Marked 1 agent(s) as offline (server restart)
2026-07-16T14:08:41: [DATA-RETENTION] Starting data retention scheduler (interval: 1h)
2026-07-16T14:08:41: [REPORT-SCHEDULER] Starting report scheduler (interval: 1h)
2026-07-16T14:08:41: [SERVER] Running on http://localhost:3838
2026-07-16T14:11:47: [Agent] Pre-compilando agentes para todas las plataformas...
2026-07-16T14:11:47:   [OK] win-x64 (15.7 MB)
2026-07-16T14:11:47:   [OK] linux-x64 (15.2 MB)
2026-07-16T14:11:48:   [OK] mac-x64 (15.5 MB)
2026-07-16T14:11:48:   [OK] mac-arm64 (14.8 MB)
2026-07-16T14:11:48: ╔══════════════════════════════════════╗
2026-07-16T14:11:48: ║     Compliance API                       ║
2026-07-16T14:11:48: ╚══════════════════════════════════════╝
2026-07-16T14:11:48: [Agent] Pre-compilación completada: 4/4 plataformas
2026-07-16T14:11:48: (node:1423571) [MONGOOSE] Warning: Duplicate schema index on {"domain":1} found. This is often due to declaring an index using both "index: true" and "schema.index()". Please remove the duplicate index definition.
(Use `node --trace-warnings ...` to show where the warning was created)
2026-07-16T14:11:49: [OK] MongoDB Atlas connected: securelab.sytes.net
2026-07-16T14:11:53: [OK] Admin password synced
2026-07-16T14:11:54: [SERVER] Marked 1 agent(s) as offline (server restart)
2026-07-16T14:11:54: [DATA-RETENTION] Starting data retention scheduler (interval: 1h)
2026-07-16T14:11:54: [REPORT-SCHEDULER] Starting report scheduler (interval: 1h)
2026-07-16T14:11:54: [SERVER] Running on http://localhost:3838
2026-07-16T14:11:57: ValidationError: The 'X-Forwarded-For' header is set but the Express 'trust proxy' setting is false (default). This could indicate a misconfiguration which would prevent express-rate-limit from accurately identifying users. See https://express-rate-limit.github.io/ERR_ERL_UNEXPECTED_X_FORWARDED_FOR/ for more information.
    at Object.xForwardedForHeader (file:///root/v6/backend-node/node_modules/express-rate-limit/dist/index.mjs:352:13)
    at wrappedValidations.<computed> [as xForwardedForHeader] (file:///root/v6/backend-node/node_modules/express-rate-limit/dist/index.mjs:675:22)
    at Object.keyGenerator (file:///root/v6/backend-node/node_modules/express-rate-limit/dist/index.mjs:782:20)
    at file:///root/v6/backend-node/node_modules/express-rate-limit/dist/index.mjs:864:32
    at process.processTicksAndRejections (node:internal/process/task_queues:103:5)
    at async file:///root/v6/backend-node/node_modules/express-rate-limit/dist/index.mjs:825:5 {
  code: 'ERR_ERL_UNEXPECTED_X_FORWARDED_FOR',
  help: 'https://express-rate-limit.github.io/ERR_ERL_UNEXPECTED_X_FORWARDED_FOR/'
}
2026-07-16T14:12:14: [Agent] Pre-compilando agentes para todas las plataformas...
2026-07-16T14:12:14:   [OK] win-x64 (15.7 MB)
2026-07-16T14:12:14:   [OK] linux-x64 (15.2 MB)
2026-07-16T14:12:14:   [OK] mac-x64 (15.5 MB)
2026-07-16T14:12:15:   [OK] mac-arm64 (14.8 MB)
2026-07-16T14:12:15: ╔══════════════════════════════════════╗
2026-07-16T14:12:15: ║     Compliance API                       ║
2026-07-16T14:12:15: ╚══════════════════════════════════════╝
2026-07-16T14:12:15: [Agent] Pre-compilación completada: 4/4 plataformas
2026-07-16T14:12:15: (node:1423928) [MONGOOSE] Warning: Duplicate schema index on {"domain":1} found. This is often due to declaring an index using both "index: true" and "schema.index()". Please remove the duplicate index definition.
(Use `node --trace-warnings ...` to show where the warning was created)
2026-07-16T14:12:16: [OK] MongoDB Atlas connected: securelab.sytes.net
2026-07-16T14:12:20: [OK] Admin password synced
2026-07-16T14:12:20: [SERVER] Marked 1 agent(s) as offline (server restart)
2026-07-16T14:12:21: [DATA-RETENTION] Starting data retention scheduler (interval: 1h)
2026-07-16T14:12:21: [REPORT-SCHEDULER] Starting report scheduler (interval: 1h)
2026-07-16T14:12:21: [SERVER] Running on http://localhost:3838
2026-07-16T14:12:21: ValidationError: The 'X-Forwarded-For' header is set but the Express 'trust proxy' setting is false (default). This could indicate a misconfiguration which would prevent express-rate-limit from accurately identifying users. See https://express-rate-limit.github.io/ERR_ERL_UNEXPECTED_X_FORWARDED_FOR/ for more information.
    at Object.xForwardedForHeader (file:///root/v6/backend-node/node_modules/express-rate-limit/dist/index.mjs:352:13)
    at wrappedValidations.<computed> [as xForwardedForHeader] (file:///root/v6/backend-node/node_modules/express-rate-limit/dist/index.mjs:675:22)
    at Object.keyGenerator (file:///root/v6/backend-node/node_modules/express-rate-limit/dist/index.mjs:782:20)
    at file:///root/v6/backend-node/node_modules/express-rate-limit/dist/index.mjs:864:32
    at process.processTicksAndRejections (node:internal/process/task_queues:103:5)
    at async file:///root/v6/backend-node/node_modules/express-rate-limit/dist/index.mjs:825:5 {
  code: 'ERR_ERL_UNEXPECTED_X_FORWARDED_FOR',
  help: 'https://express-rate-limit.github.io/ERR_ERL_UNEXPECTED_X_FORWARDED_FOR/'
}
2026-07-16T14:15:18: [Agent] Pre-compilando agentes para todas las plataformas...
2026-07-16T14:15:19:   [OK] win-x64 (15.7 MB)
2026-07-16T14:15:19:   [OK] linux-x64 (15.2 MB)
2026-07-16T14:15:19:   [OK] mac-x64 (15.5 MB)
2026-07-16T14:15:19:   [OK] mac-arm64 (14.8 MB)
2026-07-16T14:15:20: ╔══════════════════════════════════════╗
2026-07-16T14:15:20: ║     Compliance API                       ║
2026-07-16T14:15:20: ╚══════════════════════════════════════╝
2026-07-16T14:15:20: [Agent] Pre-compilación completada: 4/4 plataformas
2026-07-16T14:15:20: (node:1424825) [MONGOOSE] Warning: Duplicate schema index on {"domain":1} found. This is often due to declaring an index using both "index: true" and "schema.index()". Please remove the duplicate index definition.
(Use `node --trace-warnings ...` to show where the warning was created)
2026-07-16T14:15:21: [OK] MongoDB Atlas connected: securelab.sytes.net
2026-07-16T14:15:24: [OK] Admin password synced
2026-07-16T14:15:25: [SERVER] Marked 1 agent(s) as offline (server restart)
2026-07-16T14:15:26: [DATA-RETENTION] Starting data retention scheduler (interval: 1h)
2026-07-16T14:15:26: [REPORT-SCHEDULER] Starting report scheduler (interval: 1h)
2026-07-16T14:15:26: [SERVER] Running on http://localhost:3838
2026-07-16T14:15:27: ValidationError: The 'X-Forwarded-For' header is set but the Express 'trust proxy' setting is false (default). This could indicate a misconfiguration which would prevent express-rate-limit from accurately identifying users. See https://express-rate-limit.github.io/ERR_ERL_UNEXPECTED_X_FORWARDED_FOR/ for more information.
    at Object.xForwardedForHeader (file:///root/v6/backend-node/node_modules/express-rate-limit/dist/index.mjs:352:13)
    at wrappedValidations.<computed> [as xForwardedForHeader] (file:///root/v6/backend-node/node_modules/express-rate-limit/dist/index.mjs:675:22)
    at Object.keyGenerator (file:///root/v6/backend-node/node_modules/express-rate-limit/dist/index.mjs:782:20)
    at file:///root/v6/backend-node/node_modules/express-rate-limit/dist/index.mjs:864:32
    at process.processTicksAndRejections (node:internal/process/task_queues:103:5)
    at async file:///root/v6/backend-node/node_modules/express-rate-limit/dist/index.mjs:825:5 {
  code: 'ERR_ERL_UNEXPECTED_X_FORWARDED_FOR',
  help: 'https://express-rate-limit.github.io/ERR_ERL_UNEXPECTED_X_FORWARDED_FOR/'
}
2026-07-16T14:20:26: [DATA-RETENTION] Running retention check...
2026-07-16T14:20:26: [DATA-RETENTION] Check complete. 0 consent(s) revoked across 1 user(s)
2026-07-16T14:22:02: [Agent] Pre-compilando agentes para todas las plataformas...
2026-07-16T14:22:02:   [OK] win-x64 (15.7 MB)
2026-07-16T14:22:03:   [OK] linux-x64 (15.2 MB)
2026-07-16T14:22:03:   [OK] mac-x64 (15.5 MB)
2026-07-16T14:22:03:   [OK] mac-arm64 (14.8 MB)
2026-07-16T14:22:04: ╔══════════════════════════════════════╗
2026-07-16T14:22:04: ║     Compliance API                       ║
2026-07-16T14:22:04: ╚══════════════════════════════════════╝
2026-07-16T14:22:04: [Agent] Pre-compilación completada: 4/4 plataformas
2026-07-16T14:22:04: (node:1426512) [MONGOOSE] Warning: Duplicate schema index on {"domain":1} found. This is often due to declaring an index using both "index: true" and "schema.index()". Please remove the duplicate index definition.
(Use `node --trace-warnings ...` to show where the warning was created)
2026-07-16T14:22:05: [OK] MongoDB Atlas connected: securelab.sytes.net
2026-07-16T14:22:08: [OK] Admin password synced
2026-07-16T14:22:09: [SERVER] Marked 1 agent(s) as offline (server restart)
2026-07-16T14:22:10: [DATA-RETENTION] Starting data retention scheduler (interval: 1h)
2026-07-16T14:22:10: [REPORT-SCHEDULER] Starting report scheduler (interval: 1h)
2026-07-16T14:22:10: [SERVER] Running on http://localhost:3838
2026-07-16T14:27:10: [DATA-RETENTION] Running retention check...
2026-07-16T14:27:10: [DATA-RETENTION] Check complete. 0 consent(s) revoked across 1 user(s)
2026-07-16T15:22:10: [DATA-RETENTION] Running retention check...
2026-07-16T15:22:10: [DATA-RETENTION] Check complete. 0 consent(s) revoked across 1 user(s)
2026-07-16T16:22:10: [DATA-RETENTION] Running retention check...
2026-07-16T16:22:10: [DATA-RETENTION] Check complete. 0 consent(s) revoked across 1 user(s)
2026-07-16T17:22:10: [DATA-RETENTION] Running retention check...
2026-07-16T17:22:10: [DATA-RETENTION] Check complete. 0 consent(s) revoked across 1 user(s)
2026-07-16T18:22:10: [DATA-RETENTION] Running retention check...
2026-07-16T18:22:10: [DATA-RETENTION] Check complete. 0 consent(s) revoked across 1 user(s)
2026-07-16T18:41:21: [ASSISTANT] Ollama error: Request failed with status code 500
2026-07-16T18:41:43: [ASSISTANT] Ollama error: Request failed with status code 500
2026-07-16T18:41:57: [ASSISTANT] Ollama error: Request failed with status code 500
You have triggered an unhandledRejection, you may have forgotten to catch a Promise rejection:
PoolClearedOnNetworkError: Connection to securelab.sytes.net:27017 interrupted due to server monitor timeout
    at ConnectionPool.interruptInUseConnections (/root/v6/backend-node/node_modules/mongodb/src/cmap/connection_pool.ts:487:28)
    at <anonymous> (/root/v6/backend-node/node_modules/mongodb/src/cmap/connection_pool.ts:473:35)
    at process.processTicksAndRejections (node:internal/process/task_queues:84:11)
You have triggered an unhandledRejection, you may have forgotten to catch a Promise rejection:
PoolClearedOnNetworkError: Connection to securelab.sytes.net:27017 interrupted due to server monitor timeout
    at ConnectionPool.interruptInUseConnections (/root/v6/backend-node/node_modules/mongodb/src/cmap/connection_pool.ts:487:28)
    at <anonymous> (/root/v6/backend-node/node_modules/mongodb/src/cmap/connection_pool.ts:473:35)
    at process.processTicksAndRejections (node:internal/process/task_queues:84:11)
2026-07-16T18:57:22: [HealthCheck] Error: Socket 'connect' timed out after 30023ms (connectTimeoutMS: 30000)
You have triggered an unhandledRejection, you may have forgotten to catch a Promise rejection:
MongoServerSelectionError: Socket 'connect' timed out after 30021ms (connectTimeoutMS: 30000)
    at Topology.selectServer (/root/v6/backend-node/node_modules/mongodb/src/sdam/topology.ts:635:30)
    at async tryOperation (/root/v6/backend-node/node_modules/mongodb/src/operations/execute_operation.ts:202:16)
    at async executeOperation (/root/v6/backend-node/node_modules/mongodb/src/operations/execute_operation.ts:119:12)
    at async Collection.updateMany (/root/v6/backend-node/node_modules/mongodb/src/collection.ts:450:12)
    at async model.Query.exec (/root/v6/backend-node/node_modules/mongoose/lib/query.js:4627:63)
    at async Timeout.markStaleAgentsOffline [as _onTimeout] (file:///root/v6/backend-node/routes/agents.js:69:18)
You have triggered an unhandledRejection, you may have forgotten to catch a Promise rejection:
MongoServerSelectionError: Socket 'connect' timed out after 30022ms (connectTimeoutMS: 30000)
    at Topology.selectServer (/root/v6/backend-node/node_modules/mongodb/src/sdam/topology.ts:635:30)
    at async tryOperation (/root/v6/backend-node/node_modules/mongodb/src/operations/execute_operation.ts:202:16)
    at async executeOperation (/root/v6/backend-node/node_modules/mongodb/src/operations/execute_operation.ts:119:12)
    at async FindCursor._initialize (/root/v6/backend-node/node_modules/mongodb/src/cursor/find_cursor.ts:92:22)
    at async FindCursor.cursorInit (/root/v6/backend-node/node_modules/mongodb/src/cursor/abstract_cursor.ts:949:21)
    at async FindCursor.fetchBatch (/root/v6/backend-node/node_modules/mongodb/src/cursor/abstract_cursor.ts:987:7)
    at async FindCursor.next (/root/v6/backend-node/node_modules/mongodb/src/cursor/abstract_cursor.ts:608:9)
    at async Collection.findOne (/root/v6/backend-node/node_modules/mongodb/src/collection.ts:552:20)
    at async model.Query._findOne (/root/v6/backend-node/node_modules/mongoose/lib/query.js:2710:15)
    at async model.Query.exec (/root/v6/backend-node/node_modules/mongoose/lib/query.js:4627:63)
You have triggered an unhandledRejection, you may have forgotten to catch a Promise rejection:
MongoServerSelectionError: Socket 'connect' timed out after 30020ms (connectTimeoutMS: 30000)
    at Topology.selectServer (/root/v6/backend-node/node_modules/mongodb/src/sdam/topology.ts:635:30)
    at async tryOperation (/root/v6/backend-node/node_modules/mongodb/src/operations/execute_operation.ts:202:16)
    at async executeOperation (/root/v6/backend-node/node_modules/mongodb/src/operations/execute_operation.ts:119:12)
    at async Collection.updateMany (/root/v6/backend-node/node_modules/mongodb/src/collection.ts:450:12)
    at async model.Query.exec (/root/v6/backend-node/node_modules/mongoose/lib/query.js:4627:63)
    at async Timeout.markStaleAgentsOffline [as _onTimeout] (file:///root/v6/backend-node/routes/agents.js:69:18)
You have triggered an unhandledRejection, you may have forgotten to catch a Promise rejection:
MongoServerSelectionError: Socket 'connect' timed out after 30020ms (connectTimeoutMS: 30000)
    at Topology.selectServer (/root/v6/backend-node/node_modules/mongodb/src/sdam/topology.ts:635:30)
    at async tryOperation (/root/v6/backend-node/node_modules/mongodb/src/operations/execute_operation.ts:202:16)
    at async executeOperation (/root/v6/backend-node/node_modules/mongodb/src/operations/execute_operation.ts:119:12)
    at async Collection.updateMany (/root/v6/backend-node/node_modules/mongodb/src/collection.ts:450:12)
    at async model.Query.exec (/root/v6/backend-node/node_modules/mongoose/lib/query.js:4627:63)
    at async Timeout.markStaleAgentsOffline [as _onTimeout] (file:///root/v6/backend-node/routes/agents.js:69:18)
2026-07-16T19:02:22: [HealthCheck] Error: Socket 'connect' timed out after 30020ms (connectTimeoutMS: 30000)
You have triggered an unhandledRejection, you may have forgotten to catch a Promise rejection:
MongoServerSelectionError: Socket 'connect' timed out after 30022ms (connectTimeoutMS: 30000)
    at Topology.selectServer (/root/v6/backend-node/node_modules/mongodb/src/sdam/topology.ts:635:30)
    at async tryOperation (/root/v6/backend-node/node_modules/mongodb/src/operations/execute_operation.ts:202:16)
    at async executeOperation (/root/v6/backend-node/node_modules/mongodb/src/operations/execute_operation.ts:119:12)
    at async Collection.updateMany (/root/v6/backend-node/node_modules/mongodb/src/collection.ts:450:12)
    at async model.Query.exec (/root/v6/backend-node/node_modules/mongoose/lib/query.js:4627:63)
    at async Timeout.markStaleAgentsOffline [as _onTimeout] (file:///root/v6/backend-node/routes/agents.js:69:18)
2026-07-16T19:05:06: [Agent] Pre-compilando agentes para todas las plataformas...
2026-07-16T19:05:07:   [OK] win-x64 (15.7 MB)
2026-07-16T19:05:08:   [OK] linux-x64 (15.2 MB)
2026-07-16T19:05:08:   [OK] mac-x64 (15.5 MB)
2026-07-16T19:05:09:   [OK] mac-arm64 (14.8 MB)
2026-07-16T19:05:09: ╔══════════════════════════════════════╗
2026-07-16T19:05:09: ║     Compliance API                       ║
2026-07-16T19:05:09: ╚══════════════════════════════════════╝
2026-07-16T19:05:09: [Agent] Pre-compilación completada: 4/4 plataformas
2026-07-16T19:05:09: (node:1479079) [MONGOOSE] Warning: Duplicate schema index on {"domain":1} found. This is often due to declaring an index using both "index: true" and "schema.index()". Please remove the duplicate index definition.
(Use `node --trace-warnings ...` to show where the warning was created)
2026-07-16T19:05:10: [OK] MongoDB Atlas connected: cluster0-shard-00-02.rwmqt.mongodb.net
2026-07-16T19:05:13: [OK] Admin password synced
2026-07-16T19:05:14: [DATA-RETENTION] Starting data retention scheduler (interval: 1h)
2026-07-16T19:05:14: [REPORT-SCHEDULER] Starting report scheduler (interval: 1h)
2026-07-16T19:05:14: [SERVER] Running on http://localhost:3838
2026-07-16T19:06:23: ValidationError: The 'X-Forwarded-For' header is set but the Express 'trust proxy' setting is false (default). This could indicate a misconfiguration which would prevent express-rate-limit from accurately identifying users. See https://express-rate-limit.github.io/ERR_ERL_UNEXPECTED_X_FORWARDED_FOR/ for more information.
    at Object.xForwardedForHeader (file:///root/v6/backend-node/node_modules/express-rate-limit/dist/index.mjs:352:13)
    at wrappedValidations.<computed> [as xForwardedForHeader] (file:///root/v6/backend-node/node_modules/express-rate-limit/dist/index.mjs:675:22)
    at Object.keyGenerator (file:///root/v6/backend-node/node_modules/express-rate-limit/dist/index.mjs:782:20)
    at file:///root/v6/backend-node/node_modules/express-rate-limit/dist/index.mjs:864:32
    at process.processTicksAndRejections (node:internal/process/task_queues:103:5)
    at async file:///root/v6/backend-node/node_modules/express-rate-limit/dist/index.mjs:825:5 {
  code: 'ERR_ERL_UNEXPECTED_X_FORWARDED_FOR',
  help: 'https://express-rate-limit.github.io/ERR_ERL_UNEXPECTED_X_FORWARDED_FOR/'
}
2026-07-16T19:10:14: [DATA-RETENTION] Running retention check...
2026-07-16T19:10:16: [DATA-RETENTION] Check complete. 0 consent(s) revoked across 6 user(s)
2026-07-16T19:39:02: [ASSISTANT] Ollama error: Request failed with status code 500
2026-07-16T20:05:14: [DATA-RETENTION] Running retention check...
2026-07-16T20:05:16: [DATA-RETENTION] Check complete. 0 consent(s) revoked across 6 user(s)
2026-07-16T20:36:01: ValidationError: The 'X-Forwarded-For' header is set but the Express 'trust proxy' setting is false (default). This could indicate a misconfiguration which would prevent express-rate-limit from accurately identifying users. See https://express-rate-limit.github.io/ERR_ERL_UNEXPECTED_X_FORWARDED_FOR/ for more information.
    at Object.xForwardedForHeader (file:///root/v6/backend-node/node_modules/express-rate-limit/dist/index.mjs:352:13)
    at wrappedValidations.<computed> [as xForwardedForHeader] (file:///root/v6/backend-node/node_modules/express-rate-limit/dist/index.mjs:675:22)
    at Object.keyGenerator (file:///root/v6/backend-node/node_modules/express-rate-limit/dist/index.mjs:782:20)
    at file:///root/v6/backend-node/node_modules/express-rate-limit/dist/index.mjs:864:32
    at process.processTicksAndRejections (node:internal/process/task_queues:103:5)
    at async file:///root/v6/backend-node/node_modules/express-rate-limit/dist/index.mjs:825:5 {
  code: 'ERR_ERL_UNEXPECTED_X_FORWARDED_FOR',
  help: 'https://express-rate-limit.github.io/ERR_ERL_UNEXPECTED_X_FORWARDED_FOR/'
}
2026-07-16T21:05:14: [DATA-RETENTION] Running retention check...
2026-07-16T21:05:16: [DATA-RETENTION] Check complete. 0 consent(s) revoked across 6 user(s)
2026-07-16T22:05:14: [DATA-RETENTION] Running retention check...
2026-07-16T22:05:16: [DATA-RETENTION] Check complete. 0 consent(s) revoked across 6 user(s)
2026-07-16T23:05:14: [DATA-RETENTION] Running retention check...
2026-07-16T23:05:16: [DATA-RETENTION] Check complete. 0 consent(s) revoked across 6 user(s)
2026-07-17T00:05:14: [DATA-RETENTION] Running retention check...
2026-07-17T00:05:16: [DATA-RETENTION] Check complete. 0 consent(s) revoked across 6 user(s)
2026-07-17T01:05:14: [DATA-RETENTION] Running retention check...
2026-07-17T01:05:16: [DATA-RETENTION] Check complete. 0 consent(s) revoked across 6 user(s)
2026-07-17T02:05:14: [DATA-RETENTION] Running retention check...
2026-07-17T02:05:16: [DATA-RETENTION] Check complete. 0 consent(s) revoked across 6 user(s)
2026-07-17T03:05:14: [DATA-RETENTION] Running retention check...
2026-07-17T03:05:16: [DATA-RETENTION] Check complete. 0 consent(s) revoked across 6 user(s)
2026-07-17T04:05:14: [DATA-RETENTION] Running retention check...
2026-07-17T04:05:16: [DATA-RETENTION] Check complete. 0 consent(s) revoked across 6 user(s)
2026-07-17T05:05:14: [DATA-RETENTION] Running retention check...
2026-07-17T05:05:16: [DATA-RETENTION] Check complete. 0 consent(s) revoked across 6 user(s)
2026-07-17T06:05:14: [DATA-RETENTION] Running retention check...
2026-07-17T06:05:16: [DATA-RETENTION] Check complete. 0 consent(s) revoked across 6 user(s)
2026-07-17T06:21:34: [ERROR] ENOENT: no such file or directory, stat '/root/v6/frontend-react/dist/index.html'
2026-07-17T06:21:35: [ERROR] ENOENT: no such file or directory, stat '/root/v6/frontend-react/dist/index.html'
2026-07-17T06:21:38: [Agent] Pre-compilando agentes para todas las plataformas...
2026-07-17T06:21:39:   [OK] win-x64 (15.7 MB)
2026-07-17T06:21:40:   [OK] linux-x64 (15.2 MB)
2026-07-17T06:21:40:   [OK] mac-x64 (15.5 MB)
2026-07-17T06:21:40:   [OK] mac-arm64 (14.8 MB)
2026-07-17T06:21:40: ╔══════════════════════════════════════╗
2026-07-17T06:21:40: ║     Compliance API                       ║
2026-07-17T06:21:40: ╚══════════════════════════════════════╝
2026-07-17T06:21:40: [Agent] Pre-compilación completada: 4/4 plataformas
2026-07-17T06:21:40: (node:1527860) [MONGOOSE] Warning: Duplicate schema index on {"domain":1} found. This is often due to declaring an index using both "index: true" and "schema.index()". Please remove the duplicate index definition.
(Use `node --trace-warnings ...` to show where the warning was created)
2026-07-17T06:21:42: [OK] MongoDB Atlas connected: cluster0-shard-00-02.rwmqt.mongodb.net
2026-07-17T06:21:44: [OK] Admin password synced
2026-07-17T06:21:45: [DATA-RETENTION] Starting data retention scheduler (interval: 1h)
2026-07-17T06:21:45: [REPORT-SCHEDULER] Starting report scheduler (interval: 1h)
2026-07-17T06:21:45: [SERVER] Running on http://localhost:3838
2026-07-17T06:21:48: ValidationError: The 'X-Forwarded-For' header is set but the Express 'trust proxy' setting is false (default). This could indicate a misconfiguration which would prevent express-rate-limit from accurately identifying users. See https://express-rate-limit.github.io/ERR_ERL_UNEXPECTED_X_FORWARDED_FOR/ for more information.
    at Object.xForwardedForHeader (file:///root/v6/backend-node/node_modules/express-rate-limit/dist/index.mjs:352:13)
    at wrappedValidations.<computed> [as xForwardedForHeader] (file:///root/v6/backend-node/node_modules/express-rate-limit/dist/index.mjs:675:22)
    at Object.keyGenerator (file:///root/v6/backend-node/node_modules/express-rate-limit/dist/index.mjs:782:20)
    at file:///root/v6/backend-node/node_modules/express-rate-limit/dist/index.mjs:864:32
    at process.processTicksAndRejections (node:internal/process/task_queues:103:5)
    at async file:///root/v6/backend-node/node_modules/express-rate-limit/dist/index.mjs:825:5 {
  code: 'ERR_ERL_UNEXPECTED_X_FORWARDED_FOR',
  help: 'https://express-rate-limit.github.io/ERR_ERL_UNEXPECTED_X_FORWARDED_FOR/'
}
2026-07-17T06:26:45: [DATA-RETENTION] Running retention check...
2026-07-17T06:26:47: [DATA-RETENTION] Check complete. 0 consent(s) revoked across 6 user(s)
2026-07-17T06:31:31: [SMTP] Test email error: Can't send mail - all recipients were rejected: 550 [E3] Message rejected because sender's email is not confirmed.
2026-07-17T06:31:36: [SMTP] Test email error: Can't send mail - all recipients were rejected: 550 [E3] Message rejected because sender's email is not confirmed.
2026-07-17T06:33:15: [SMTP] Test email error: Can't send mail - all recipients were rejected: 550 [E3] Message rejected because sender's email is not confirmed.
2026-07-17T06:33:20: [SMTP] Test email sent to asiersinmas2004@gmail.com
2026-07-17T06:33:53: [SMTP] Test email sent to asiersinmas2004@gmail.com
2026-07-17T06:37:41: [Agent] Pre-compilando agentes para todas las plataformas...
2026-07-17T06:37:42:   [OK] win-x64 (15.7 MB)
2026-07-17T06:37:42:   [OK] linux-x64 (15.2 MB)
2026-07-17T06:37:43:   [OK] mac-x64 (15.5 MB)
2026-07-17T06:37:43:   [OK] mac-arm64 (14.8 MB)
2026-07-17T06:37:43: ╔══════════════════════════════════════╗
2026-07-17T06:37:43: ║     Compliance API                       ║
2026-07-17T06:37:43: ╚══════════════════════════════════════╝
2026-07-17T06:37:43: [Agent] Pre-compilación completada: 4/4 plataformas
2026-07-17T06:37:43: (node:1531555) [MONGOOSE] Warning: Duplicate schema index on {"domain":1} found. This is often due to declaring an index using both "index: true" and "schema.index()". Please remove the duplicate index definition.
(Use `node --trace-warnings ...` to show where the warning was created)
2026-07-17T06:37:44: [OK] MongoDB Atlas connected: cluster0-shard-00-00.rwmqt.mongodb.net
2026-07-17T06:37:47: [OK] Admin password synced
2026-07-17T06:37:48: [DATA-RETENTION] Starting data retention scheduler (interval: 1h)
2026-07-17T06:37:48: [REPORT-SCHEDULER] Starting report scheduler (interval: 1h)
2026-07-17T06:37:48: [SERVER] Running on http://localhost:3838
2026-07-17T06:37:51: ValidationError: The 'X-Forwarded-For' header is set but the Express 'trust proxy' setting is false (default). This could indicate a misconfiguration which would prevent express-rate-limit from accurately identifying users. See https://express-rate-limit.github.io/ERR_ERL_UNEXPECTED_X_FORWARDED_FOR/ for more information.
    at Object.xForwardedForHeader (file:///root/v6/backend-node/node_modules/express-rate-limit/dist/index.mjs:352:13)
    at wrappedValidations.<computed> [as xForwardedForHeader] (file:///root/v6/backend-node/node_modules/express-rate-limit/dist/index.mjs:675:22)
    at Object.keyGenerator (file:///root/v6/backend-node/node_modules/express-rate-limit/dist/index.mjs:782:20)
    at file:///root/v6/backend-node/node_modules/express-rate-limit/dist/index.mjs:864:32
    at process.processTicksAndRejections (node:internal/process/task_queues:103:5)
    at async file:///root/v6/backend-node/node_modules/express-rate-limit/dist/index.mjs:825:5 {
  code: 'ERR_ERL_UNEXPECTED_X_FORWARDED_FOR',
  help: 'https://express-rate-limit.github.io/ERR_ERL_UNEXPECTED_X_FORWARDED_FOR/'
}
2026-07-17T06:40:03: [ASSISTANT] Ollama error: Request failed with status code 500
2026-07-17T06:42:48: [DATA-RETENTION] Running retention check...
2026-07-17T06:42:49: [DATA-RETENTION] Check complete. 0 consent(s) revoked across 6 user(s)
2026-07-17T06:44:31: [Agent] Pre-compilando agentes para todas las plataformas...
2026-07-17T06:44:32:   [OK] win-x64 (15.7 MB)
2026-07-17T06:44:33:   [OK] linux-x64 (15.2 MB)
2026-07-17T06:44:33:   [OK] mac-x64 (15.5 MB)
2026-07-17T06:44:34:   [OK] mac-arm64 (14.8 MB)
2026-07-17T06:44:34: ╔══════════════════════════════════════╗
2026-07-17T06:44:34: ║     Compliance API                       ║
2026-07-17T06:44:34: ╚══════════════════════════════════════╝
2026-07-17T06:44:34: [Agent] Pre-compilación completada: 4/4 plataformas
2026-07-17T06:44:34: (node:1534368) [MONGOOSE] Warning: Duplicate schema index on {"domain":1} found. This is often due to declaring an index using both "index: true" and "schema.index()". Please remove the duplicate index definition.
(Use `node --trace-warnings ...` to show where the warning was created)
2026-07-17T06:44:35: [OK] MongoDB Atlas connected: cluster0-shard-00-00.rwmqt.mongodb.net
2026-07-17T06:44:38: [OK] Admin password synced
2026-07-17T06:44:39: [DATA-RETENTION] Starting data retention scheduler (interval: 1h)
2026-07-17T06:44:39: [REPORT-SCHEDULER] Starting report scheduler (interval: 1h)
2026-07-17T06:44:39: [SERVER] Running on http://localhost:3838
2026-07-17T06:44:44: ValidationError: The 'X-Forwarded-For' header is set but the Express 'trust proxy' setting is false (default). This could indicate a misconfiguration which would prevent express-rate-limit from accurately identifying users. See https://express-rate-limit.github.io/ERR_ERL_UNEXPECTED_X_FORWARDED_FOR/ for more information.
    at Object.xForwardedForHeader (file:///root/v6/backend-node/node_modules/express-rate-limit/dist/index.mjs:352:13)
    at wrappedValidations.<computed> [as xForwardedForHeader] (file:///root/v6/backend-node/node_modules/express-rate-limit/dist/index.mjs:675:22)
    at Object.keyGenerator (file:///root/v6/backend-node/node_modules/express-rate-limit/dist/index.mjs:782:20)
    at file:///root/v6/backend-node/node_modules/express-rate-limit/dist/index.mjs:864:32
    at process.processTicksAndRejections (node:internal/process/task_queues:103:5)
    at async file:///root/v6/backend-node/node_modules/express-rate-limit/dist/index.mjs:825:5 {
  code: 'ERR_ERL_UNEXPECTED_X_FORWARDED_FOR',
  help: 'https://express-rate-limit.github.io/ERR_ERL_UNEXPECTED_X_FORWARDED_FOR/'
}
2026-07-17T06:49:39: [DATA-RETENTION] Running retention check...
2026-07-17T06:49:41: [DATA-RETENTION] Check complete. 0 consent(s) revoked across 6 user(s)
You have triggered an unhandledRejection, you may have forgotten to catch a Promise rejection:
SyntaxError: Missing catch or finally after try
    at compileSourceTextModule (node:internal/modules/esm/utils:346:16)
    at ModuleLoader.moduleStrategy (node:internal/modules/esm/translators:110:18)
    at #translate (node:internal/modules/esm/loader:559:20)
    at afterLoad (node:internal/modules/esm/loader:612:29)
    at ModuleLoader.loadAndTranslate (node:internal/modules/esm/loader:617:12)
    at #createModuleJob (node:internal/modules/esm/loader:640:36)
    at #getJobFromResolveResult (node:internal/modules/esm/loader:353:34)
    at ModuleLoader.getModuleJobForImport (node:internal/modules/esm/loader:321:41)
    at process.processTicksAndRejections (node:internal/process/task_queues:103:5)
You have triggered an unhandledRejection, you may have forgotten to catch a Promise rejection:
SyntaxError: Missing catch or finally after try
    at compileSourceTextModule (node:internal/modules/esm/utils:346:16)
    at ModuleLoader.moduleStrategy (node:internal/modules/esm/translators:110:18)
    at #translate (node:internal/modules/esm/loader:559:20)
    at afterLoad (node:internal/modules/esm/loader:612:29)
    at ModuleLoader.loadAndTranslate (node:internal/modules/esm/loader:617:12)
    at #createModuleJob (node:internal/modules/esm/loader:640:36)
    at #getJobFromResolveResult (node:internal/modules/esm/loader:353:34)
    at ModuleLoader.getModuleJobForImport (node:internal/modules/esm/loader:321:41)
    at process.processTicksAndRejections (node:internal/process/task_queues:103:5)
You have triggered an unhandledRejection, you may have forgotten to catch a Promise rejection:
SyntaxError: Missing catch or finally after try
    at compileSourceTextModule (node:internal/modules/esm/utils:346:16)
    at ModuleLoader.moduleStrategy (node:internal/modules/esm/translators:110:18)
    at #translate (node:internal/modules/esm/loader:559:20)
    at afterLoad (node:internal/modules/esm/loader:612:29)
    at ModuleLoader.loadAndTranslate (node:internal/modules/esm/loader:617:12)
    at #createModuleJob (node:internal/modules/esm/loader:640:36)
    at #getJobFromResolveResult (node:internal/modules/esm/loader:353:34)
    at ModuleLoader.getModuleJobForImport (node:internal/modules/esm/loader:321:41)
    at process.processTicksAndRejections (node:internal/process/task_queues:103:5)
2026-07-17T06:59:02: [Agent] Pre-compilando agentes para todas las plataformas...
2026-07-17T06:59:02:   [OK] win-x64 (15.7 MB)
2026-07-17T06:59:02:   [OK] linux-x64 (15.2 MB)
2026-07-17T06:59:03:   [OK] mac-x64 (15.5 MB)
2026-07-17T06:59:03:   [OK] mac-arm64 (14.8 MB)
2026-07-17T06:59:03: ╔══════════════════════════════════════╗
2026-07-17T06:59:03: ║     Compliance API                       ║
2026-07-17T06:59:03: ╚══════════════════════════════════════╝
2026-07-17T06:59:03: [Agent] Pre-compilación completada: 4/4 plataformas
2026-07-17T06:59:03: (node:1540992) [MONGOOSE] Warning: Duplicate schema index on {"domain":1} found. This is often due to declaring an index using both "index: true" and "schema.index()". Please remove the duplicate index definition.
(Use `node --trace-warnings ...` to show where the warning was created)
2026-07-17T06:59:04: [OK] MongoDB Atlas connected: cluster0-shard-00-02.rwmqt.mongodb.net
2026-07-17T06:59:07: [OK] Admin password synced
2026-07-17T06:59:08: [DATA-RETENTION] Starting data retention scheduler (interval: 1h)
2026-07-17T06:59:08: [REPORT-SCHEDULER] Starting report scheduler (interval: 1h)
2026-07-17T06:59:08: [SERVER] Running on http://localhost:3838
2026-07-17T06:59:10: ValidationError: The 'X-Forwarded-For' header is set but the Express 'trust proxy' setting is false (default). This could indicate a misconfiguration which would prevent express-rate-limit from accurately identifying users. See https://express-rate-limit.github.io/ERR_ERL_UNEXPECTED_X_FORWARDED_FOR/ for more information.
    at Object.xForwardedForHeader (file:///root/v6/backend-node/node_modules/express-rate-limit/dist/index.mjs:352:13)
    at wrappedValidations.<computed> [as xForwardedForHeader] (file:///root/v6/backend-node/node_modules/express-rate-limit/dist/index.mjs:675:22)
    at Object.keyGenerator (file:///root/v6/backend-node/node_modules/express-rate-limit/dist/index.mjs:782:20)
    at file:///root/v6/backend-node/node_modules/express-rate-limit/dist/index.mjs:864:32
    at process.processTicksAndRejections (node:internal/process/task_queues:103:5)
    at async file:///root/v6/backend-node/node_modules/express-rate-limit/dist/index.mjs:825:5 {
  code: 'ERR_ERL_UNEXPECTED_X_FORWARDED_FOR',
  help: 'https://express-rate-limit.github.io/ERR_ERL_UNEXPECTED_X_FORWARDED_FOR/'
}
2026-07-17T07:04:08: [DATA-RETENTION] Running retention check...
2026-07-17T07:04:10: [DATA-RETENTION] Check complete. 0 consent(s) revoked across 6 user(s)
2026-07-17T07:59:08: [DATA-RETENTION] Running retention check...
2026-07-17T07:59:10: [DATA-RETENTION] Check complete. 0 consent(s) revoked across 6 user(s)
2026-07-17T08:59:08: [DATA-RETENTION] Running retention check...
2026-07-17T08:59:10: [DATA-RETENTION] Check complete. 0 consent(s) revoked across 6 user(s)
2026-07-17T09:59:08: [DATA-RETENTION] Running retention check...
2026-07-17T09:59:10: [DATA-RETENTION] Check complete. 0 consent(s) revoked across 6 user(s)
2026-07-17T10:59:08: [DATA-RETENTION] Running retention check...
2026-07-17T10:59:10: [DATA-RETENTION] Check complete. 0 consent(s) revoked across 6 user(s)
2026-07-17T11:49:44: ValidationError: The 'X-Forwarded-For' header is set but the Express 'trust proxy' setting is false (default). This could indicate a misconfiguration which would prevent express-rate-limit from accurately identifying users. See https://express-rate-limit.github.io/ERR_ERL_UNEXPECTED_X_FORWARDED_FOR/ for more information.
    at Object.xForwardedForHeader (file:///root/v6/backend-node/node_modules/express-rate-limit/dist/index.mjs:352:13)
    at wrappedValidations.<computed> [as xForwardedForHeader] (file:///root/v6/backend-node/node_modules/express-rate-limit/dist/index.mjs:675:22)
    at Object.keyGenerator (file:///root/v6/backend-node/node_modules/express-rate-limit/dist/index.mjs:782:20)
    at file:///root/v6/backend-node/node_modules/express-rate-limit/dist/index.mjs:864:32
    at process.processTicksAndRejections (node:internal/process/task_queues:103:5)
    at async file:///root/v6/backend-node/node_modules/express-rate-limit/dist/index.mjs:825:5 {
  code: 'ERR_ERL_UNEXPECTED_X_FORWARDED_FOR',
  help: 'https://express-rate-limit.github.io/ERR_ERL_UNEXPECTED_X_FORWARDED_FOR/'
}
2026-07-17T11:59:08: [DATA-RETENTION] Running retention check...
2026-07-17T11:59:10: [DATA-RETENTION] Check complete. 0 consent(s) revoked across 6 user(s)
2026-07-17T12:59:08: [DATA-RETENTION] Running retention check...
2026-07-17T12:59:10: [DATA-RETENTION] Check complete. 0 consent(s) revoked across 6 user(s)
2026-07-17T13:59:08: [DATA-RETENTION] Running retention check...
2026-07-17T13:59:10: [DATA-RETENTION] Check complete. 0 consent(s) revoked across 6 user(s)
2026-07-17T14:59:08: [DATA-RETENTION] Running retention check...
2026-07-17T14:59:10: [DATA-RETENTION] Check complete. 0 consent(s) revoked across 6 user(s)
2026-07-17T15:59:08: [DATA-RETENTION] Running retention check...
2026-07-17T15:59:10: [DATA-RETENTION] Check complete. 0 consent(s) revoked across 6 user(s)
2026-07-17T16:59:08: [DATA-RETENTION] Running retention check...
2026-07-17T16:59:10: [DATA-RETENTION] Check complete. 0 consent(s) revoked across 6 user(s)
2026-07-17T17:59:08: [DATA-RETENTION] Running retention check...
2026-07-17T17:59:10: [DATA-RETENTION] Check complete. 0 consent(s) revoked across 6 user(s)
2026-07-17T18:59:08: [DATA-RETENTION] Running retention check...
2026-07-17T18:59:10: [DATA-RETENTION] Check complete. 0 consent(s) revoked across 6 user(s)
2026-07-17T19:59:08: [DATA-RETENTION] Running retention check...
2026-07-17T19:59:10: [DATA-RETENTION] Check complete. 0 consent(s) revoked across 6 user(s)
2026-07-17T20:59:08: [DATA-RETENTION] Running retention check...
2026-07-17T20:59:10: [DATA-RETENTION] Check complete. 0 consent(s) revoked across 6 user(s)
2026-07-17T21:59:08: [DATA-RETENTION] Running retention check...
2026-07-17T21:59:10: [DATA-RETENTION] Check complete. 0 consent(s) revoked across 6 user(s)
2026-07-17T22:59:08: [DATA-RETENTION] Running retention check...
2026-07-17T22:59:10: [DATA-RETENTION] Check complete. 0 consent(s) revoked across 6 user(s)
2026-07-17T23:59:08: [DATA-RETENTION] Running retention check...
2026-07-17T23:59:10: [DATA-RETENTION] Check complete. 0 consent(s) revoked across 6 user(s)
2026-07-18T00:59:08: [DATA-RETENTION] Running retention check...
2026-07-18T00:59:10: [DATA-RETENTION] Check complete. 0 consent(s) revoked across 6 user(s)
2026-07-18T01:59:08: [DATA-RETENTION] Running retention check...
2026-07-18T01:59:10: [DATA-RETENTION] Check complete. 0 consent(s) revoked across 6 user(s)
2026-07-18T02:59:08: [DATA-RETENTION] Running retention check...
2026-07-18T02:59:10: [DATA-RETENTION] Check complete. 0 consent(s) revoked across 6 user(s)
2026-07-18T03:59:08: [DATA-RETENTION] Running retention check...
2026-07-18T03:59:10: [DATA-RETENTION] Check complete. 0 consent(s) revoked across 6 user(s)
2026-07-18T04:59:08: [DATA-RETENTION] Running retention check...
2026-07-18T04:59:10: [DATA-RETENTION] Check complete. 0 consent(s) revoked across 6 user(s)
2026-07-18T05:59:08: [DATA-RETENTION] Running retention check...
2026-07-18T05:59:10: [DATA-RETENTION] Check complete. 0 consent(s) revoked across 6 user(s)
2026-07-18T06:59:08: [DATA-RETENTION] Running retention check...
2026-07-18T06:59:10: [DATA-RETENTION] Check complete. 0 consent(s) revoked across 6 user(s)
You have triggered an unhandledRejection, you may have forgotten to catch a Promise rejection:
SyntaxError: Invalid or unexpected token
    at compileSourceTextModule (node:internal/modules/esm/utils:346:16)
    at ModuleLoader.moduleStrategy (node:internal/modules/esm/translators:110:18)
    at #translate (node:internal/modules/esm/loader:559:20)
    at afterLoad (node:internal/modules/esm/loader:612:29)
    at ModuleLoader.loadAndTranslate (node:internal/modules/esm/loader:617:12)
    at #createModuleJob (node:internal/modules/esm/loader:640:36)
    at #getJobFromResolveResult (node:internal/modules/esm/loader:353:34)
    at ModuleLoader.getModuleJobForImport (node:internal/modules/esm/loader:321:41)
    at process.processTicksAndRejections (node:internal/process/task_queues:103:5)
You have triggered an unhandledRejection, you may have forgotten to catch a Promise rejection:
SyntaxError: Invalid or unexpected token
    at compileSourceTextModule (node:internal/modules/esm/utils:346:16)
    at ModuleLoader.moduleStrategy (node:internal/modules/esm/translators:110:18)
    at #translate (node:internal/modules/esm/loader:559:20)
    at afterLoad (node:internal/modules/esm/loader:612:29)
    at ModuleLoader.loadAndTranslate (node:internal/modules/esm/loader:617:12)
    at #createModuleJob (node:internal/modules/esm/loader:640:36)
    at #getJobFromResolveResult (node:internal/modules/esm/loader:353:34)
    at ModuleLoader.getModuleJobForImport (node:internal/modules/esm/loader:321:41)
    at process.processTicksAndRejections (node:internal/process/task_queues:103:5)
You have triggered an unhandledRejection, you may have forgotten to catch a Promise rejection:
SyntaxError: Invalid or unexpected token
    at compileSourceTextModule (node:internal/modules/esm/utils:346:16)
    at ModuleLoader.moduleStrategy (node:internal/modules/esm/translators:110:18)
    at #translate (node:internal/modules/esm/loader:559:20)
    at afterLoad (node:internal/modules/esm/loader:612:29)
    at ModuleLoader.loadAndTranslate (node:internal/modules/esm/loader:617:12)
    at #createModuleJob (node:internal/modules/esm/loader:640:36)
    at #getJobFromResolveResult (node:internal/modules/esm/loader:353:34)
    at ModuleLoader.getModuleJobForImport (node:internal/modules/esm/loader:321:41)
    at process.processTicksAndRejections (node:internal/process/task_queues:103:5)
2026-07-18T07:44:05: [Agent] Pre-compilando agentes para todas las plataformas...
2026-07-18T07:44:05:   [OK] win-x64 (15.7 MB)
2026-07-18T07:44:06:   [OK] linux-x64 (15.2 MB)
2026-07-18T07:44:06:   [OK] mac-x64 (15.5 MB)
2026-07-18T07:44:06:   [OK] mac-arm64 (14.8 MB)
2026-07-18T07:44:07: ╔══════════════════════════════════════╗
2026-07-18T07:44:07: ║     Compliance API                       ║
2026-07-18T07:44:07: ╚══════════════════════════════════════╝
2026-07-18T07:44:07: [Agent] Pre-compilación completada: 4/4 plataformas
2026-07-18T07:44:07: (node:1584925) [MONGOOSE] Warning: Duplicate schema index on {"domain":1} found. This is often due to declaring an index using both "index: true" and "schema.index()". Please remove the duplicate index definition.
(Use `node --trace-warnings ...` to show where the warning was created)
2026-07-18T07:44:08: [OK] MongoDB Atlas connected: cluster0-shard-00-02.rwmqt.mongodb.net
2026-07-18T07:44:11: [OK] Admin password synced
2026-07-18T07:44:13: [SERVER] Marked 1 agent(s) as offline (server restart)
2026-07-18T07:44:13: [DATA-RETENTION] Starting data retention scheduler (interval: 1h)
2026-07-18T07:44:13: [REPORT-SCHEDULER] Starting report scheduler (interval: 1h)
2026-07-18T07:44:13: [SERVER] Running on http://localhost:3838
2026-07-18T07:47:18: [Agent] Pre-compilando agentes para todas las plataformas...
2026-07-18T07:47:18:   [OK] win-x64 (15.7 MB)
2026-07-18T07:47:19:   [OK] linux-x64 (15.2 MB)
2026-07-18T07:47:19:   [OK] mac-x64 (15.5 MB)
2026-07-18T07:47:19:   [OK] mac-arm64 (14.8 MB)
2026-07-18T07:47:19: ╔══════════════════════════════════════╗
2026-07-18T07:47:19: ║     Compliance API                       ║
2026-07-18T07:47:19: ╚══════════════════════════════════════╝
2026-07-18T07:47:19: [Agent] Pre-compilación completada: 4/4 plataformas
2026-07-18T07:47:19: (node:1586947) [MONGOOSE] Warning: Duplicate schema index on {"domain":1} found. This is often due to declaring an index using both "index: true" and "schema.index()". Please remove the duplicate index definition.
(Use `node --trace-warnings ...` to show where the warning was created)
2026-07-18T07:47:21: [OK] MongoDB Atlas connected: cluster0-shard-00-02.rwmqt.mongodb.net
2026-07-18T07:47:24: [OK] Admin password synced
2026-07-18T07:47:25: [SERVER] Marked 2 agent(s) as offline (server restart)
2026-07-18T07:47:25: [DATA-RETENTION] Starting data retention scheduler (interval: 1h)
2026-07-18T07:47:25: [REPORT-SCHEDULER] Starting report scheduler (interval: 1h)
2026-07-18T07:47:25: [SERVER] Running on http://localhost:3838
2026-07-18T07:52:25: [DATA-RETENTION] Running retention check...
2026-07-18T07:52:27: [DATA-RETENTION] Check complete. 0 consent(s) revoked across 6 user(s)
2026-07-18T07:53:51: [Agent] Pre-compilando agentes para todas las plataformas...
2026-07-18T07:53:51:   [OK] win-x64 (15.7 MB)
2026-07-18T07:53:51:   [OK] linux-x64 (15.2 MB)
2026-07-18T07:53:52:   [OK] mac-x64 (15.5 MB)
2026-07-18T07:53:52:   [OK] mac-arm64 (14.8 MB)
2026-07-18T07:53:52: ╔══════════════════════════════════════╗
2026-07-18T07:53:52: ║     Compliance API                       ║
2026-07-18T07:53:52: ╚══════════════════════════════════════╝
2026-07-18T07:53:52: [Agent] Pre-compilación completada: 4/4 plataformas
2026-07-18T07:53:52: (node:1587865) [MONGOOSE] Warning: Duplicate schema index on {"domain":1} found. This is often due to declaring an index using both "index: true" and "schema.index()". Please remove the duplicate index definition.
(Use `node --trace-warnings ...` to show where the warning was created)
2026-07-18T07:53:54: [OK] MongoDB Atlas connected: cluster0-shard-00-00.rwmqt.mongodb.net
2026-07-18T07:53:57: [OK] Admin password synced
2026-07-18T07:53:58: [SERVER] Marked 2 agent(s) as offline (server restart)
2026-07-18T07:53:58: [DATA-RETENTION] Starting data retention scheduler (interval: 1h)
2026-07-18T07:53:58: [REPORT-SCHEDULER] Starting report scheduler (interval: 1h)
2026-07-18T07:53:58: [SERVER] Running on http://localhost:3838
2026-07-18T07:58:58: [DATA-RETENTION] Running retention check...
2026-07-18T07:59:00: [DATA-RETENTION] Check complete. 0 consent(s) revoked across 6 user(s)
2026-07-18T08:53:58: [DATA-RETENTION] Running retention check...
2026-07-18T08:54:00: [DATA-RETENTION] Check complete. 0 consent(s) revoked across 6 user(s)
2026-07-18T09:32:57: [Agent] Pre-compilando agentes para todas las plataformas...
2026-07-18T09:32:57:   [OK] win-x64 (15.7 MB)
2026-07-18T09:32:58:   [OK] linux-x64 (15.2 MB)
2026-07-18T09:32:58:   [OK] mac-x64 (15.5 MB)
2026-07-18T09:32:59:   [OK] mac-arm64 (14.8 MB)
2026-07-18T09:32:59: ╔══════════════════════════════════════╗
2026-07-18T09:32:59: ║     Compliance API                       ║
2026-07-18T09:32:59: ╚══════════════════════════════════════╝
2026-07-18T09:32:59: [Agent] Pre-compilación completada: 4/4 plataformas
2026-07-18T09:32:59: (node:1603837) [MONGOOSE] Warning: Duplicate schema index on {"domain":1} found. This is often due to declaring an index using both "index: true" and "schema.index()". Please remove the duplicate index definition.
(Use `node --trace-warnings ...` to show where the warning was created)
2026-07-18T09:33:00: [OK] MongoDB Atlas connected: cluster0-shard-00-00.rwmqt.mongodb.net
2026-07-18T09:33:04: [OK] Admin password synced
2026-07-18T09:33:04: [SERVER] Marked 2 agent(s) as offline (server restart)
2026-07-18T09:33:05: [DATA-RETENTION] Starting data retention scheduler (interval: 1h)
2026-07-18T09:33:05: [REPORT-SCHEDULER] Starting report scheduler (interval: 1h)
2026-07-18T09:33:05: [SERVER] Running on http://localhost:3838
2026-07-18T09:38:05: [DATA-RETENTION] Running retention check...
2026-07-18T09:38:06: [DATA-RETENTION] Check complete. 0 consent(s) revoked across 6 user(s)
2026-07-18T09:43:31: [Agent] Pre-compilando agentes para todas las plataformas...
2026-07-18T09:43:31:   [OK] win-x64 (15.7 MB)
2026-07-18T09:43:32:   [OK] linux-x64 (15.2 MB)
2026-07-18T09:43:32:   [OK] mac-x64 (15.5 MB)
2026-07-18T09:43:32:   [OK] mac-arm64 (14.8 MB)
2026-07-18T09:43:32: ╔══════════════════════════════════════╗
2026-07-18T09:43:32: ║     Compliance API                       ║
2026-07-18T09:43:32: ╚══════════════════════════════════════╝
2026-07-18T09:43:32: [Agent] Pre-compilación completada: 4/4 plataformas
2026-07-18T09:43:32: (node:1606774) [MONGOOSE] Warning: Duplicate schema index on {"domain":1} found. This is often due to declaring an index using both "index: true" and "schema.index()". Please remove the duplicate index definition.
(Use `node --trace-warnings ...` to show where the warning was created)
2026-07-18T09:43:34: [OK] MongoDB Atlas connected: cluster0-shard-00-01.rwmqt.mongodb.net
2026-07-18T09:43:37: [OK] Admin password synced
2026-07-18T09:43:38: [SERVER] Marked 1 agent(s) as offline (server restart)
2026-07-18T09:43:38: [DATA-RETENTION] Starting data retention scheduler (interval: 1h)
2026-07-18T09:43:38: [REPORT-SCHEDULER] Starting report scheduler (interval: 1h)
2026-07-18T09:43:38: [SERVER] Running on http://localhost:3838
2026-07-18T09:48:38: [DATA-RETENTION] Running retention check...
2026-07-18T09:48:40: [DATA-RETENTION] Check complete. 0 consent(s) revoked across 6 user(s)
2026-07-18T09:49:32: [Agent] Pre-compilando agentes para todas las plataformas...
2026-07-18T09:49:32:   [OK] win-x64 (15.7 MB)
2026-07-18T09:49:33:   [OK] linux-x64 (15.2 MB)
2026-07-18T09:49:33:   [OK] mac-x64 (15.5 MB)
2026-07-18T09:49:33:   [OK] mac-arm64 (14.8 MB)
2026-07-18T09:49:33: ╔══════════════════════════════════════╗
2026-07-18T09:49:33: ║     Compliance API                       ║
2026-07-18T09:49:33: ╚══════════════════════════════════════╝
2026-07-18T09:49:33: [Agent] Pre-compilación completada: 4/4 plataformas
2026-07-18T09:49:33: (node:1608989) [MONGOOSE] Warning: Duplicate schema index on {"domain":1} found. This is often due to declaring an index using both "index: true" and "schema.index()". Please remove the duplicate index definition.
(Use `node --trace-warnings ...` to show where the warning was created)
2026-07-18T09:49:35: [OK] MongoDB Atlas connected: cluster0-shard-00-02.rwmqt.mongodb.net
2026-07-18T09:49:38: [OK] Admin password synced
2026-07-18T09:49:39: [SERVER] Marked 2 agent(s) as offline (server restart)
2026-07-18T09:49:39: [DATA-RETENTION] Starting data retention scheduler (interval: 1h)
2026-07-18T09:49:39: [REPORT-SCHEDULER] Starting report scheduler (interval: 1h)
Error: bind EADDRINUSE null:3838
    at listenOnPrimaryHandle (node:net:2022:18)
    at rr (node:internal/cluster/child:163:12)
    at Worker.<anonymous> (node:internal/cluster/child:113:7)
    at process.onInternalMessage (node:internal/cluster/utils:49:5)
    at process.emit (node:events:531:35)
    at emit (node:internal/child_process:949:14)
    at process.processTicksAndRejections (node:internal/process/task_queues:90:21)
2026-07-18T09:49:40: [Agent] Pre-compilando agentes para todas las plataformas...
2026-07-18T09:49:41:   [OK] win-x64 (15.7 MB)
2026-07-18T09:49:41:   [OK] linux-x64 (15.2 MB)
2026-07-18T09:49:41:   [OK] mac-x64 (15.5 MB)
2026-07-18T09:49:42:   [OK] mac-arm64 (14.8 MB)
2026-07-18T09:49:42: ╔══════════════════════════════════════╗
2026-07-18T09:49:42: ║     Compliance API                       ║
2026-07-18T09:49:42: ╚══════════════════════════════════════╝
2026-07-18T09:49:42: [Agent] Pre-compilación completada: 4/4 plataformas
2026-07-18T09:49:42: (node:1609221) [MONGOOSE] Warning: Duplicate schema index on {"domain":1} found. This is often due to declaring an index using both "index: true" and "schema.index()". Please remove the duplicate index definition.
(Use `node --trace-warnings ...` to show where the warning was created)
2026-07-18T09:49:43: [OK] MongoDB Atlas connected: cluster0-shard-00-00.rwmqt.mongodb.net
2026-07-18T09:49:47: [OK] Admin password synced
2026-07-18T09:49:47: [DATA-RETENTION] Starting data retention scheduler (interval: 1h)
2026-07-18T09:49:47: [REPORT-SCHEDULER] Starting report scheduler (interval: 1h)
2026-07-18T09:49:49: [Agent] Pre-compilando agentes para todas las plataformas...
2026-07-18T09:49:50:   [OK] win-x64 (15.7 MB)
2026-07-18T09:49:50:   [OK] linux-x64 (15.2 MB)
2026-07-18T09:49:51:   [OK] mac-x64 (15.5 MB)
2026-07-18T09:49:51:   [OK] mac-arm64 (14.8 MB)
2026-07-18T09:49:51: ╔══════════════════════════════════════╗
2026-07-18T09:49:51: ║     Compliance API                       ║
2026-07-18T09:49:51: ╚══════════════════════════════════════╝
2026-07-18T09:49:51: [Agent] Pre-compilación completada: 4/4 plataformas
2026-07-18T09:49:51: (node:1609403) [MONGOOSE] Warning: Duplicate schema index on {"domain":1} found. This is often due to declaring an index using both "index: true" and "schema.index()". Please remove the duplicate index definition.
(Use `node --trace-warnings ...` to show where the warning was created)
2026-07-18T09:49:53: [OK] MongoDB Atlas connected: cluster0-shard-00-01.rwmqt.mongodb.net
2026-07-18T09:49:56: [OK] Admin password synced
2026-07-18T09:49:57: [DATA-RETENTION] Starting data retention scheduler (interval: 1h)
2026-07-18T09:49:57: [REPORT-SCHEDULER] Starting report scheduler (interval: 1h)
2026-07-18T09:49:58: [Agent] Pre-compilando agentes para todas las plataformas...
2026-07-18T09:49:59:   [OK] win-x64 (15.7 MB)
2026-07-18T09:49:59:   [OK] linux-x64 (15.2 MB)
2026-07-18T09:49:59:   [OK] mac-x64 (15.5 MB)
2026-07-18T09:50:00:   [OK] mac-arm64 (14.8 MB)
2026-07-18T09:50:00: ╔══════════════════════════════════════╗
2026-07-18T09:50:00: ║     Compliance API                       ║
2026-07-18T09:50:00: ╚══════════════════════════════════════╝
2026-07-18T09:50:00: [Agent] Pre-compilación completada: 4/4 plataformas
2026-07-18T09:50:00: (node:1609583) [MONGOOSE] Warning: Duplicate schema index on {"domain":1} found. This is often due to declaring an index using both "index: true" and "schema.index()". Please remove the duplicate index definition.
(Use `node --trace-warnings ...` to show where the warning was created)
2026-07-18T09:50:01: [OK] MongoDB Atlas connected: cluster0-shard-00-00.rwmqt.mongodb.net
2026-07-18T09:50:04: [OK] Admin password synced
2026-07-18T09:50:05: [DATA-RETENTION] Starting data retention scheduler (interval: 1h)
2026-07-18T09:50:05: [REPORT-SCHEDULER] Starting report scheduler (interval: 1h)
2026-07-18T09:50:07: [Agent] Pre-compilando agentes para todas las plataformas...
2026-07-18T09:50:07:   [OK] win-x64 (15.7 MB)
2026-07-18T09:50:07:   [OK] linux-x64 (15.2 MB)
2026-07-18T09:50:08:   [OK] mac-x64 (15.5 MB)
2026-07-18T09:50:08:   [OK] mac-arm64 (14.8 MB)
2026-07-18T09:50:08: ╔══════════════════════════════════════╗
2026-07-18T09:50:08: ║     Compliance API                       ║
2026-07-18T09:50:08: ╚══════════════════════════════════════╝
2026-07-18T09:50:08: [Agent] Pre-compilación completada: 4/4 plataformas
2026-07-18T09:50:08: (node:1609739) [MONGOOSE] Warning: Duplicate schema index on {"domain":1} found. This is often due to declaring an index using both "index: true" and "schema.index()". Please remove the duplicate index definition.
(Use `node --trace-warnings ...` to show where the warning was created)
2026-07-18T09:50:09: [OK] MongoDB Atlas connected: cluster0-shard-00-02.rwmqt.mongodb.net
2026-07-18T09:50:13: [OK] Admin password synced
2026-07-18T09:50:14: [DATA-RETENTION] Starting data retention scheduler (interval: 1h)
2026-07-18T09:50:14: [REPORT-SCHEDULER] Starting report scheduler (interval: 1h)
2026-07-18T09:50:15: [Agent] Pre-compilando agentes para todas las plataformas...
2026-07-18T09:50:15:   [OK] win-x64 (15.7 MB)
2026-07-18T09:50:15:   [OK] linux-x64 (15.2 MB)
2026-07-18T09:50:16:   [OK] mac-x64 (15.5 MB)
2026-07-18T09:50:16:   [OK] mac-arm64 (14.8 MB)
2026-07-18T09:50:16: ╔══════════════════════════════════════╗
2026-07-18T09:50:16: ║     Compliance API                       ║
2026-07-18T09:50:16: ╚══════════════════════════════════════╝
2026-07-18T09:50:16: [Agent] Pre-compilación completada: 4/4 plataformas
2026-07-18T09:50:16: (node:1609884) [MONGOOSE] Warning: Duplicate schema index on {"domain":1} found. This is often due to declaring an index using both "index: true" and "schema.index()". Please remove the duplicate index definition.
(Use `node --trace-warnings ...` to show where the warning was created)
2026-07-18T09:50:18: [OK] MongoDB Atlas connected: cluster0-shard-00-02.rwmqt.mongodb.net
2026-07-18T09:50:21: [OK] Admin password synced
2026-07-18T09:50:22: [DATA-RETENTION] Starting data retention scheduler (interval: 1h)
2026-07-18T09:50:22: [REPORT-SCHEDULER] Starting report scheduler (interval: 1h)
2026-07-18T09:50:23: [Agent] Pre-compilando agentes para todas las plataformas...
2026-07-18T09:50:24:   [OK] win-x64 (15.7 MB)
2026-07-18T09:50:24:   [OK] linux-x64 (15.2 MB)
2026-07-18T09:50:24:   [OK] mac-x64 (15.5 MB)
2026-07-18T09:50:25:   [OK] mac-arm64 (14.8 MB)
2026-07-18T09:50:25: ╔══════════════════════════════════════╗
2026-07-18T09:50:25: ║     Compliance API                       ║
2026-07-18T09:50:25: ╚══════════════════════════════════════╝
2026-07-18T09:50:25: [Agent] Pre-compilación completada: 4/4 plataformas
2026-07-18T09:50:25: (node:1610026) [MONGOOSE] Warning: Duplicate schema index on {"domain":1} found. This is often due to declaring an index using both "index: true" and "schema.index()". Please remove the duplicate index definition.
(Use `node --trace-warnings ...` to show where the warning was created)
2026-07-18T09:50:26: [OK] MongoDB Atlas connected: cluster0-shard-00-01.rwmqt.mongodb.net
2026-07-18T09:50:30: [OK] Admin password synced
2026-07-18T09:50:31: [DATA-RETENTION] Starting data retention scheduler (interval: 1h)
2026-07-18T09:50:31: [REPORT-SCHEDULER] Starting report scheduler (interval: 1h)
2026-07-18T09:50:32: [Agent] Pre-compilando agentes para todas las plataformas...
2026-07-18T09:50:33:   [OK] win-x64 (15.7 MB)
2026-07-18T09:50:33:   [OK] linux-x64 (15.2 MB)
2026-07-18T09:50:33:   [OK] mac-x64 (15.5 MB)
2026-07-18T09:50:34:   [OK] mac-arm64 (14.8 MB)
2026-07-18T09:50:34: ╔══════════════════════════════════════╗
2026-07-18T09:50:34: ║     Compliance API                       ║
2026-07-18T09:50:34: ╚══════════════════════════════════════╝
2026-07-18T09:50:34: [Agent] Pre-compilación completada: 4/4 plataformas
2026-07-18T09:50:34: (node:1610172) [MONGOOSE] Warning: Duplicate schema index on {"domain":1} found. This is often due to declaring an index using both "index: true" and "schema.index()". Please remove the duplicate index definition.
(Use `node --trace-warnings ...` to show where the warning was created)
2026-07-18T09:50:35: [OK] MongoDB Atlas connected: cluster0-shard-00-00.rwmqt.mongodb.net
2026-07-18T09:50:39: [OK] Admin password synced
2026-07-18T09:50:40: [DATA-RETENTION] Starting data retention scheduler (interval: 1h)
2026-07-18T09:50:40: [REPORT-SCHEDULER] Starting report scheduler (interval: 1h)
2026-07-18T09:50:41: [Agent] Pre-compilando agentes para todas las plataformas...
2026-07-18T09:50:41:   [OK] win-x64 (15.7 MB)
2026-07-18T09:50:42:   [OK] linux-x64 (15.2 MB)
2026-07-18T09:50:42:   [OK] mac-x64 (15.5 MB)
2026-07-18T09:50:42:   [OK] mac-arm64 (14.8 MB)
2026-07-18T09:50:42: ╔══════════════════════════════════════╗
2026-07-18T09:50:42: ║     Compliance API                       ║
2026-07-18T09:50:42: ╚══════════════════════════════════════╝
2026-07-18T09:50:43: [Agent] Pre-compilación completada: 4/4 plataformas
2026-07-18T09:50:43: (node:1610316) [MONGOOSE] Warning: Duplicate schema index on {"domain":1} found. This is often due to declaring an index using both "index: true" and "schema.index()". Please remove the duplicate index definition.
(Use `node --trace-warnings ...` to show where the warning was created)
2026-07-18T09:50:44: [OK] MongoDB Atlas connected: cluster0-shard-00-01.rwmqt.mongodb.net
2026-07-18T09:50:47: [OK] Admin password synced
2026-07-18T09:50:48: [DATA-RETENTION] Starting data retention scheduler (interval: 1h)
2026-07-18T09:50:48: [REPORT-SCHEDULER] Starting report scheduler (interval: 1h)
Error: bind EADDRINUSE null:3838
    at listenOnPrimaryHandle (node:net:2022:18)
    at rr (node:internal/cluster/child:163:12)
    at Worker.<anonymous> (node:internal/cluster/child:113:7)
    at process.onInternalMessage (node:internal/cluster/utils:49:5)
    at process.emit (node:events:531:35)
    at emit (node:internal/child_process:949:14)
    at process.processTicksAndRejections (node:internal/process/task_queues:90:21)
2026-07-18T09:50:49: [Agent] Pre-compilando agentes para todas las plataformas...
2026-07-18T09:50:50:   [OK] win-x64 (15.7 MB)
2026-07-18T09:50:50:   [OK] linux-x64 (15.2 MB)
2026-07-18T09:50:51:   [OK] mac-x64 (15.5 MB)
2026-07-18T09:50:51:   [OK] mac-arm64 (14.8 MB)
2026-07-18T09:50:51: ╔══════════════════════════════════════╗
2026-07-18T09:50:51: ║     Compliance API                       ║
2026-07-18T09:50:51: ╚══════════════════════════════════════╝
2026-07-18T09:50:51: [Agent] Pre-compilación completada: 4/4 plataformas
2026-07-18T09:50:51: (node:1610464) [MONGOOSE] Warning: Duplicate schema index on {"domain":1} found. This is often due to declaring an index using both "index: true" and "schema.index()". Please remove the duplicate index definition.
(Use `node --trace-warnings ...` to show where the warning was created)
2026-07-18T09:50:52: [OK] MongoDB Atlas connected: cluster0-shard-00-01.rwmqt.mongodb.net
2026-07-18T09:50:56: [OK] Admin password synced
2026-07-18T09:50:58: [DATA-RETENTION] Starting data retention scheduler (interval: 1h)
2026-07-18T09:50:58: [REPORT-SCHEDULER] Starting report scheduler (interval: 1h)
2026-07-18T09:50:59: [Agent] Pre-compilando agentes para todas las plataformas...
2026-07-18T09:50:59:   [OK] win-x64 (15.7 MB)
2026-07-18T09:51:00:   [OK] linux-x64 (15.2 MB)
2026-07-18T09:51:00:   [OK] mac-x64 (15.5 MB)
2026-07-18T09:51:00:   [OK] mac-arm64 (14.8 MB)
2026-07-18T09:51:00: ╔══════════════════════════════════════╗
2026-07-18T09:51:00: ║     Compliance API                       ║
2026-07-18T09:51:00: ╚══════════════════════════════════════╝
2026-07-18T09:51:00: [Agent] Pre-compilación completada: 4/4 plataformas
2026-07-18T09:51:00: (node:1610612) [MONGOOSE] Warning: Duplicate schema index on {"domain":1} found. This is often due to declaring an index using both "index: true" and "schema.index()". Please remove the duplicate index definition.
(Use `node --trace-warnings ...` to show where the warning was created)
2026-07-18T09:51:02: [OK] MongoDB Atlas connected: cluster0-shard-00-00.rwmqt.mongodb.net
2026-07-18T09:51:05: [OK] Admin password synced
2026-07-18T09:51:06: [DATA-RETENTION] Starting data retention scheduler (interval: 1h)
2026-07-18T09:51:06: [REPORT-SCHEDULER] Starting report scheduler (interval: 1h)
2026-07-18T09:51:07: [Agent] Pre-compilando agentes para todas las plataformas...
2026-07-18T09:51:08:   [OK] win-x64 (15.7 MB)
2026-07-18T09:51:08:   [OK] linux-x64 (15.2 MB)
2026-07-18T09:51:08:   [OK] mac-x64 (15.5 MB)
2026-07-18T09:51:08:   [OK] mac-arm64 (14.8 MB)
2026-07-18T09:51:09: ╔══════════════════════════════════════╗
2026-07-18T09:51:09: ║     Compliance API                       ║
2026-07-18T09:51:09: ╚══════════════════════════════════════╝
2026-07-18T09:51:09: [Agent] Pre-compilación completada: 4/4 plataformas
2026-07-18T09:51:09: (node:1610754) [MONGOOSE] Warning: Duplicate schema index on {"domain":1} found. This is often due to declaring an index using both "index: true" and "schema.index()". Please remove the duplicate index definition.
(Use `node --trace-warnings ...` to show where the warning was created)
2026-07-18T09:51:10: [OK] MongoDB Atlas connected: cluster0-shard-00-01.rwmqt.mongodb.net
2026-07-18T09:51:13: [OK] Admin password synced
2026-07-18T09:51:14: [DATA-RETENTION] Starting data retention scheduler (interval: 1h)
2026-07-18T09:51:14: [REPORT-SCHEDULER] Starting report scheduler (interval: 1h)
2026-07-18T09:51:16: [Agent] Pre-compilando agentes para todas las plataformas...
2026-07-18T09:51:16:   [OK] win-x64 (15.7 MB)
2026-07-18T09:51:16:   [OK] linux-x64 (15.2 MB)
2026-07-18T09:51:16:   [OK] mac-x64 (15.5 MB)
2026-07-18T09:51:17:   [OK] mac-arm64 (14.8 MB)
2026-07-18T09:51:17: ╔══════════════════════════════════════╗
2026-07-18T09:51:17: ║     Compliance API                       ║
2026-07-18T09:51:17: ╚══════════════════════════════════════╝
2026-07-18T09:51:17: [Agent] Pre-compilación completada: 4/4 plataformas
2026-07-18T09:51:17: (node:1610901) [MONGOOSE] Warning: Duplicate schema index on {"domain":1} found. This is often due to declaring an index using both "index: true" and "schema.index()". Please remove the duplicate index definition.
(Use `node --trace-warnings ...` to show where the warning was created)
2026-07-18T09:51:18: [OK] MongoDB Atlas connected: cluster0-shard-00-02.rwmqt.mongodb.net
2026-07-18T09:51:22: [OK] Admin password synced
2026-07-18T09:51:23: [DATA-RETENTION] Starting data retention scheduler (interval: 1h)
2026-07-18T09:51:23: [REPORT-SCHEDULER] Starting report scheduler (interval: 1h)
2026-07-18T09:51:24: [Agent] Pre-compilando agentes para todas las plataformas...
2026-07-18T09:51:24:   [OK] win-x64 (15.7 MB)
2026-07-18T09:51:25:   [OK] linux-x64 (15.2 MB)
2026-07-18T09:51:25:   [OK] mac-x64 (15.5 MB)
2026-07-18T09:51:25:   [OK] mac-arm64 (14.8 MB)
2026-07-18T09:51:25: ╔══════════════════════════════════════╗
2026-07-18T09:51:25: ║     Compliance API                       ║
2026-07-18T09:51:25: ╚══════════════════════════════════════╝
2026-07-18T09:51:25: [Agent] Pre-compilación completada: 4/4 plataformas
2026-07-18T09:51:25: (node:1611038) [MONGOOSE] Warning: Duplicate schema index on {"domain":1} found. This is often due to declaring an index using both "index: true" and "schema.index()". Please remove the duplicate index definition.
(Use `node --trace-warnings ...` to show where the warning was created)
2026-07-18T09:51:27: [OK] MongoDB Atlas connected: cluster0-shard-00-00.rwmqt.mongodb.net
2026-07-18T09:51:30: [OK] Admin password synced
2026-07-18T09:51:32: [DATA-RETENTION] Starting data retention scheduler (interval: 1h)
2026-07-18T09:51:32: [REPORT-SCHEDULER] Starting report scheduler (interval: 1h)
2026-07-18T09:51:33: [Agent] Pre-compilando agentes para todas las plataformas...
2026-07-18T09:51:34:   [OK] win-x64 (15.7 MB)
2026-07-18T09:51:34:   [OK] linux-x64 (15.2 MB)
2026-07-18T09:51:34:   [OK] mac-x64 (15.5 MB)
2026-07-18T09:51:35:   [OK] mac-arm64 (14.8 MB)
2026-07-18T09:51:35: ╔══════════════════════════════════════╗
2026-07-18T09:51:35: ║     Compliance API                       ║
2026-07-18T09:51:35: ╚══════════════════════════════════════╝
2026-07-18T09:51:35: [Agent] Pre-compilación completada: 4/4 plataformas
2026-07-18T09:51:35: (node:1611189) [MONGOOSE] Warning: Duplicate schema index on {"domain":1} found. This is often due to declaring an index using both "index: true" and "schema.index()". Please remove the duplicate index definition.
(Use `node --trace-warnings ...` to show where the warning was created)
2026-07-18T09:51:36: [OK] MongoDB Atlas connected: cluster0-shard-00-01.rwmqt.mongodb.net
2026-07-18T09:51:40: [OK] Admin password synced
2026-07-18T09:51:40: [DATA-RETENTION] Starting data retention scheduler (interval: 1h)
2026-07-18T09:51:40: [REPORT-SCHEDULER] Starting report scheduler (interval: 1h)
2026-07-18T09:51:42: [Agent] Pre-compilando agentes para todas las plataformas...
2026-07-18T09:51:42:   [OK] win-x64 (15.7 MB)
2026-07-18T09:51:42:   [OK] linux-x64 (15.2 MB)
2026-07-18T09:51:43:   [OK] mac-x64 (15.5 MB)
2026-07-18T09:51:43:   [OK] mac-arm64 (14.8 MB)
2026-07-18T09:51:43: ╔══════════════════════════════════════╗
2026-07-18T09:51:43: ║     Compliance API                       ║
2026-07-18T09:51:43: ╚══════════════════════════════════════╝
2026-07-18T09:51:43: [Agent] Pre-compilación completada: 4/4 plataformas
2026-07-18T09:51:43: (node:1611326) [MONGOOSE] Warning: Duplicate schema index on {"domain":1} found. This is often due to declaring an index using both "index: true" and "schema.index()". Please remove the duplicate index definition.
(Use `node --trace-warnings ...` to show where the warning was created)
2026-07-18T09:51:45: [OK] MongoDB Atlas connected: cluster0-shard-00-01.rwmqt.mongodb.net
2026-07-18T09:51:48: [OK] Admin password synced
2026-07-18T09:51:50: [DATA-RETENTION] Starting data retention scheduler (interval: 1h)
2026-07-18T09:51:50: [REPORT-SCHEDULER] Starting report scheduler (interval: 1h)
2026-07-18T09:51:51: [Agent] Pre-compilando agentes para todas las plataformas...
2026-07-18T09:51:51:   [OK] win-x64 (15.7 MB)
2026-07-18T09:51:52:   [OK] linux-x64 (15.2 MB)
2026-07-18T09:51:52:   [OK] mac-x64 (15.5 MB)
2026-07-18T09:51:52:   [OK] mac-arm64 (14.8 MB)
2026-07-18T09:51:53: ╔══════════════════════════════════════╗
2026-07-18T09:51:53: ║     Compliance API                       ║
2026-07-18T09:51:53: ╚══════════════════════════════════════╝
2026-07-18T09:51:53: [Agent] Pre-compilación completada: 4/4 plataformas
2026-07-18T09:51:53: (node:1611472) [MONGOOSE] Warning: Duplicate schema index on {"domain":1} found. This is often due to declaring an index using both "index: true" and "schema.index()". Please remove the duplicate index definition.
(Use `node --trace-warnings ...` to show where the warning was created)
2026-07-18T09:51:54: [OK] MongoDB Atlas connected: cluster0-shard-00-02.rwmqt.mongodb.net
2026-07-18T09:51:57: [OK] Admin password synced
2026-07-18T09:51:58: [DATA-RETENTION] Starting data retention scheduler (interval: 1h)
2026-07-18T09:51:58: [REPORT-SCHEDULER] Starting report scheduler (interval: 1h)
2026-07-18T09:51:59: [Agent] Pre-compilando agentes para todas las plataformas...
2026-07-18T09:52:00:   [OK] win-x64 (15.7 MB)
2026-07-18T09:52:00:   [OK] linux-x64 (15.2 MB)
2026-07-18T09:52:01:   [OK] mac-x64 (15.5 MB)
2026-07-18T09:52:01:   [OK] mac-arm64 (14.8 MB)
2026-07-18T09:52:01: ╔══════════════════════════════════════╗
2026-07-18T09:52:01: ║     Compliance API                       ║
2026-07-18T09:52:01: ╚══════════════════════════════════════╝
2026-07-18T09:52:01: [Agent] Pre-compilación completada: 4/4 plataformas
2026-07-18T09:52:01: (node:1611618) [MONGOOSE] Warning: Duplicate schema index on {"domain":1} found. This is often due to declaring an index using both "index: true" and "schema.index()". Please remove the duplicate index definition.
(Use `node --trace-warnings ...` to show where the warning was created)
2026-07-18T09:52:02: [OK] MongoDB Atlas connected: cluster0-shard-00-02.rwmqt.mongodb.net
2026-07-18T09:52:06: [OK] Admin password synced
2026-07-18T09:52:07: [DATA-RETENTION] Starting data retention scheduler (interval: 1h)
2026-07-18T09:52:07: [REPORT-SCHEDULER] Starting report scheduler (interval: 1h)
2026-07-18T09:52:08: [Agent] Pre-compilando agentes para todas las plataformas...
2026-07-18T09:52:08:   [OK] win-x64 (15.7 MB)
2026-07-18T09:52:09:   [OK] linux-x64 (15.2 MB)
2026-07-18T09:52:09:   [OK] mac-x64 (15.5 MB)
2026-07-18T09:52:09:   [OK] mac-arm64 (14.8 MB)
2026-07-18T09:52:09: ╔══════════════════════════════════════╗
2026-07-18T09:52:09: ║     Compliance API                       ║
2026-07-18T09:52:09: ╚══════════════════════════════════════╝
2026-07-18T09:52:09: [Agent] Pre-compilación completada: 4/4 plataformas
2026-07-18T09:52:09: (node:1611763) [MONGOOSE] Warning: Duplicate schema index on {"domain":1} found. This is often due to declaring an index using both "index: true" and "schema.index()". Please remove the duplicate index definition.
(Use `node --trace-warnings ...` to show where the warning was created)
2026-07-18T09:52:11: [OK] MongoDB Atlas connected: cluster0-shard-00-00.rwmqt.mongodb.net
2026-07-18T09:52:14: [OK] Admin password synced
2026-07-18T09:52:15: [DATA-RETENTION] Starting data retention scheduler (interval: 1h)
2026-07-18T09:52:15: [REPORT-SCHEDULER] Starting report scheduler (interval: 1h)
2026-07-18T09:52:16: [Agent] Pre-compilando agentes para todas las plataformas...
2026-07-18T09:52:17:   [OK] win-x64 (15.7 MB)
2026-07-18T09:52:17:   [OK] linux-x64 (15.2 MB)
2026-07-18T09:52:17:   [OK] mac-x64 (15.5 MB)
2026-07-18T09:52:17:   [OK] mac-arm64 (14.8 MB)
2026-07-18T09:52:18: ╔══════════════════════════════════════╗
2026-07-18T09:52:18: ║     Compliance API                       ║
2026-07-18T09:52:18: ╚══════════════════════════════════════╝
2026-07-18T09:52:18: [Agent] Pre-compilación completada: 4/4 plataformas
2026-07-18T09:52:18: (node:1611911) [MONGOOSE] Warning: Duplicate schema index on {"domain":1} found. This is often due to declaring an index using both "index: true" and "schema.index()". Please remove the duplicate index definition.
(Use `node --trace-warnings ...` to show where the warning was created)
2026-07-18T09:52:19: [OK] MongoDB Atlas connected: cluster0-shard-00-02.rwmqt.mongodb.net
2026-07-18T09:52:22: [OK] Admin password synced
2026-07-18T09:52:23: [DATA-RETENTION] Starting data retention scheduler (interval: 1h)
2026-07-18T09:52:23: [REPORT-SCHEDULER] Starting report scheduler (interval: 1h)
2026-07-18T09:52:24: [Agent] Pre-compilando agentes para todas las plataformas...
2026-07-18T09:52:25:   [OK] win-x64 (15.7 MB)
2026-07-18T09:52:25:   [OK] linux-x64 (15.2 MB)
2026-07-18T09:52:26:   [OK] mac-x64 (15.5 MB)
2026-07-18T09:52:26:   [OK] mac-arm64 (14.8 MB)
2026-07-18T09:52:26: ╔══════════════════════════════════════╗
2026-07-18T09:52:26: ║     Compliance API                       ║
2026-07-18T09:52:26: ╚══════════════════════════════════════╝
2026-07-18T09:52:26: [Agent] Pre-compilación completada: 4/4 plataformas
2026-07-18T09:52:26: (node:1612047) [MONGOOSE] Warning: Duplicate schema index on {"domain":1} found. This is often due to declaring an index using both "index: true" and "schema.index()". Please remove the duplicate index definition.
(Use `node --trace-warnings ...` to show where the warning was created)
2026-07-18T09:52:27: [OK] MongoDB Atlas connected: cluster0-shard-00-00.rwmqt.mongodb.net
2026-07-18T09:52:31: [OK] Admin password synced
2026-07-18T09:52:32: [DATA-RETENTION] Starting data retention scheduler (interval: 1h)
2026-07-18T09:52:32: [REPORT-SCHEDULER] Starting report scheduler (interval: 1h)
2026-07-18T09:52:34: [Agent] Pre-compilando agentes para todas las plataformas...
2026-07-18T09:52:34:   [OK] win-x64 (15.7 MB)
2026-07-18T09:52:34:   [OK] linux-x64 (15.2 MB)
2026-07-18T09:52:35:   [OK] mac-x64 (15.5 MB)
2026-07-18T09:52:35:   [OK] mac-arm64 (14.8 MB)
2026-07-18T09:52:35: ╔══════════════════════════════════════╗
2026-07-18T09:52:35: ║     Compliance API                       ║
2026-07-18T09:52:35: ╚══════════════════════════════════════╝
2026-07-18T09:52:35: [Agent] Pre-compilación completada: 4/4 plataformas
2026-07-18T09:52:35: (node:1612197) [MONGOOSE] Warning: Duplicate schema index on {"domain":1} found. This is often due to declaring an index using both "index: true" and "schema.index()". Please remove the duplicate index definition.
(Use `node --trace-warnings ...` to show where the warning was created)
2026-07-18T09:52:37: [OK] MongoDB Atlas connected: cluster0-shard-00-00.rwmqt.mongodb.net
2026-07-18T09:52:42: [OK] Admin password synced
2026-07-18T09:52:43: [DATA-RETENTION] Starting data retention scheduler (interval: 1h)
2026-07-18T09:52:43: [REPORT-SCHEDULER] Starting report scheduler (interval: 1h)
2026-07-18T09:52:44: [Agent] Pre-compilando agentes para todas las plataformas...
2026-07-18T09:52:45:   [OK] win-x64 (15.7 MB)
2026-07-18T09:52:45:   [OK] linux-x64 (15.2 MB)
2026-07-18T09:52:45:   [OK] mac-x64 (15.5 MB)
2026-07-18T09:52:46:   [OK] mac-arm64 (14.8 MB)
2026-07-18T09:52:46: ╔══════════════════════════════════════╗
2026-07-18T09:52:46: ║     Compliance API                       ║
2026-07-18T09:52:46: ╚══════════════════════════════════════╝
2026-07-18T09:52:46: [Agent] Pre-compilación completada: 4/4 plataformas
2026-07-18T09:52:46: (node:1612343) [MONGOOSE] Warning: Duplicate schema index on {"domain":1} found. This is often due to declaring an index using both "index: true" and "schema.index()". Please remove the duplicate index definition.
(Use `node --trace-warnings ...` to show where the warning was created)
2026-07-18T09:52:47: [OK] MongoDB Atlas connected: cluster0-shard-00-01.rwmqt.mongodb.net
2026-07-18T09:52:51: [OK] Admin password synced
2026-07-18T09:52:52: [DATA-RETENTION] Starting data retention scheduler (interval: 1h)
2026-07-18T09:52:52: [REPORT-SCHEDULER] Starting report scheduler (interval: 1h)
2026-07-18T09:52:53: [Agent] Pre-compilando agentes para todas las plataformas...
2026-07-18T09:52:54:   [OK] win-x64 (15.7 MB)
2026-07-18T09:52:54:   [OK] linux-x64 (15.2 MB)
2026-07-18T09:52:54:   [OK] mac-x64 (15.5 MB)
2026-07-18T09:52:55:   [OK] mac-arm64 (14.8 MB)
2026-07-18T09:52:55: ╔══════════════════════════════════════╗
2026-07-18T09:52:55: ║     Compliance API                       ║
2026-07-18T09:52:55: ╚══════════════════════════════════════╝
2026-07-18T09:52:55: [Agent] Pre-compilación completada: 4/4 plataformas
2026-07-18T09:52:55: (node:1612483) [MONGOOSE] Warning: Duplicate schema index on {"domain":1} found. This is often due to declaring an index using both "index: true" and "schema.index()". Please remove the duplicate index definition.
(Use `node --trace-warnings ...` to show where the warning was created)
2026-07-18T09:52:56: [OK] MongoDB Atlas connected: cluster0-shard-00-00.rwmqt.mongodb.net
2026-07-18T09:52:59: [OK] Admin password synced
2026-07-18T09:53:00: [DATA-RETENTION] Starting data retention scheduler (interval: 1h)
2026-07-18T09:53:00: [REPORT-SCHEDULER] Starting report scheduler (interval: 1h)
2026-07-18T09:53:02: [Agent] Pre-compilando agentes para todas las plataformas...
2026-07-18T09:53:02:   [OK] win-x64 (15.7 MB)
2026-07-18T09:53:03:   [OK] linux-x64 (15.2 MB)
2026-07-18T09:53:03:   [OK] mac-x64 (15.5 MB)
2026-07-18T09:53:03:   [OK] mac-arm64 (14.8 MB)
2026-07-18T09:53:03: ╔══════════════════════════════════════╗
2026-07-18T09:53:03: ║     Compliance API                       ║
2026-07-18T09:53:03: ╚══════════════════════════════════════╝
2026-07-18T09:53:03: [Agent] Pre-compilación completada: 4/4 plataformas
2026-07-18T09:53:03: (node:1612632) [MONGOOSE] Warning: Duplicate schema index on {"domain":1} found. This is often due to declaring an index using both "index: true" and "schema.index()". Please remove the duplicate index definition.
(Use `node --trace-warnings ...` to show where the warning was created)
2026-07-18T09:53:05: [OK] MongoDB Atlas connected: cluster0-shard-00-00.rwmqt.mongodb.net
2026-07-18T09:53:08: [OK] Admin password synced
2026-07-18T09:53:10: [DATA-RETENTION] Starting data retention scheduler (interval: 1h)
2026-07-18T09:53:10: [REPORT-SCHEDULER] Starting report scheduler (interval: 1h)
2026-07-18T09:53:11: [Agent] Pre-compilando agentes para todas las plataformas...
2026-07-18T09:53:11:   [OK] win-x64 (15.7 MB)
2026-07-18T09:53:12:   [OK] linux-x64 (15.2 MB)
2026-07-18T09:53:12:   [OK] mac-x64 (15.5 MB)
2026-07-18T09:53:12:   [OK] mac-arm64 (14.8 MB)
2026-07-18T09:53:13: ╔══════════════════════════════════════╗
2026-07-18T09:53:13: ║     Compliance API                       ║
2026-07-18T09:53:13: ╚══════════════════════════════════════╝
2026-07-18T09:53:13: [Agent] Pre-compilación completada: 4/4 plataformas
2026-07-18T09:53:13: (node:1612779) [MONGOOSE] Warning: Duplicate schema index on {"domain":1} found. This is often due to declaring an index using both "index: true" and "schema.index()". Please remove the duplicate index definition.
(Use `node --trace-warnings ...` to show where the warning was created)
2026-07-18T09:53:14: [OK] MongoDB Atlas connected: cluster0-shard-00-02.rwmqt.mongodb.net
2026-07-18T09:53:17: [OK] Admin password synced
2026-07-18T09:53:18: [DATA-RETENTION] Starting data retention scheduler (interval: 1h)
2026-07-18T09:53:18: [REPORT-SCHEDULER] Starting report scheduler (interval: 1h)
2026-07-18T09:53:20: [Agent] Pre-compilando agentes para todas las plataformas...
2026-07-18T09:53:20:   [OK] win-x64 (15.7 MB)
2026-07-18T09:53:20:   [OK] linux-x64 (15.2 MB)
2026-07-18T09:53:21:   [OK] mac-x64 (15.5 MB)
2026-07-18T09:53:21:   [OK] mac-arm64 (14.8 MB)
2026-07-18T09:53:21: ╔══════════════════════════════════════╗
2026-07-18T09:53:21: ║     Compliance API                       ║
2026-07-18T09:53:21: ╚══════════════════════════════════════╝
2026-07-18T09:53:21: [Agent] Pre-compilación completada: 4/4 plataformas
2026-07-18T09:53:21: (node:1612923) [MONGOOSE] Warning: Duplicate schema index on {"domain":1} found. This is often due to declaring an index using both "index: true" and "schema.index()". Please remove the duplicate index definition.
(Use `node --trace-warnings ...` to show where the warning was created)
2026-07-18T09:53:23: [OK] MongoDB Atlas connected: cluster0-shard-00-01.rwmqt.mongodb.net
2026-07-18T09:53:26: [OK] Admin password synced
2026-07-18T09:53:27: [DATA-RETENTION] Starting data retention scheduler (interval: 1h)
2026-07-18T09:53:27: [REPORT-SCHEDULER] Starting report scheduler (interval: 1h)
2026-07-18T09:53:28: [Agent] Pre-compilando agentes para todas las plataformas...
2026-07-18T09:53:29:   [OK] win-x64 (15.7 MB)
2026-07-18T09:53:29:   [OK] linux-x64 (15.2 MB)
2026-07-18T09:53:29:   [OK] mac-x64 (15.5 MB)
2026-07-18T09:53:30:   [OK] mac-arm64 (14.8 MB)
2026-07-18T09:53:30: ╔══════════════════════════════════════╗
2026-07-18T09:53:30: ║     Compliance API                       ║
2026-07-18T09:53:30: ╚══════════════════════════════════════╝
2026-07-18T09:53:30: [Agent] Pre-compilación completada: 4/4 plataformas
2026-07-18T09:53:30: (node:1613068) [MONGOOSE] Warning: Duplicate schema index on {"domain":1} found. This is often due to declaring an index using both "index: true" and "schema.index()". Please remove the duplicate index definition.
(Use `node --trace-warnings ...` to show where the warning was created)
2026-07-18T09:53:31: [OK] MongoDB Atlas connected: cluster0-shard-00-01.rwmqt.mongodb.net
2026-07-18T09:53:35: [OK] Admin password synced
2026-07-18T09:53:37: [DATA-RETENTION] Starting data retention scheduler (interval: 1h)
2026-07-18T09:53:37: [REPORT-SCHEDULER] Starting report scheduler (interval: 1h)
2026-07-18T09:53:38: [Agent] Pre-compilando agentes para todas las plataformas...
2026-07-18T09:53:38:   [OK] win-x64 (15.7 MB)
2026-07-18T09:53:38:   [OK] linux-x64 (15.2 MB)
2026-07-18T09:53:39:   [OK] mac-x64 (15.5 MB)
2026-07-18T09:53:39:   [OK] mac-arm64 (14.8 MB)
2026-07-18T09:53:39: ╔══════════════════════════════════════╗
2026-07-18T09:53:39: ║     Compliance API                       ║
2026-07-18T09:53:39: ╚══════════════════════════════════════╝
2026-07-18T09:53:39: [Agent] Pre-compilación completada: 4/4 plataformas
2026-07-18T09:53:39: (node:1613215) [MONGOOSE] Warning: Duplicate schema index on {"domain":1} found. This is often due to declaring an index using both "index: true" and "schema.index()". Please remove the duplicate index definition.
(Use `node --trace-warnings ...` to show where the warning was created)
2026-07-18T09:53:41: [OK] MongoDB Atlas connected: cluster0-shard-00-01.rwmqt.mongodb.net
2026-07-18T09:53:44: [OK] Admin password synced
2026-07-18T09:53:45: [DATA-RETENTION] Starting data retention scheduler (interval: 1h)
2026-07-18T09:53:45: [REPORT-SCHEDULER] Starting report scheduler (interval: 1h)
2026-07-18T09:53:46: [Agent] Pre-compilando agentes para todas las plataformas...
2026-07-18T09:53:47:   [OK] win-x64 (15.7 MB)
2026-07-18T09:53:47:   [OK] linux-x64 (15.2 MB)
2026-07-18T09:53:47:   [OK] mac-x64 (15.5 MB)
2026-07-18T09:53:47:   [OK] mac-arm64 (14.8 MB)
2026-07-18T09:53:48: ╔══════════════════════════════════════╗
2026-07-18T09:53:48: ║     Compliance API                       ║
2026-07-18T09:53:48: ╚══════════════════════════════════════╝
2026-07-18T09:53:48: [Agent] Pre-compilación completada: 4/4 plataformas
2026-07-18T09:53:48: (node:1613366) [MONGOOSE] Warning: Duplicate schema index on {"domain":1} found. This is often due to declaring an index using both "index: true" and "schema.index()". Please remove the duplicate index definition.
(Use `node --trace-warnings ...` to show where the warning was created)
2026-07-18T09:53:49: [OK] MongoDB Atlas connected: cluster0-shard-00-02.rwmqt.mongodb.net
2026-07-18T09:53:52: [OK] Admin password synced
2026-07-18T09:53:53: [DATA-RETENTION] Starting data retention scheduler (interval: 1h)
2026-07-18T09:53:53: [REPORT-SCHEDULER] Starting report scheduler (interval: 1h)
2026-07-18T09:53:55: [Agent] Pre-compilando agentes para todas las plataformas...
2026-07-18T09:53:55:   [OK] win-x64 (15.7 MB)
2026-07-18T09:53:55:   [OK] linux-x64 (15.2 MB)
2026-07-18T09:53:56:   [OK] mac-x64 (15.5 MB)
2026-07-18T09:53:56:   [OK] mac-arm64 (14.8 MB)
2026-07-18T09:53:56: ╔══════════════════════════════════════╗
2026-07-18T09:53:56: ║     Compliance API                       ║
2026-07-18T09:53:56: ╚══════════════════════════════════════╝
2026-07-18T09:53:56: [Agent] Pre-compilación completada: 4/4 plataformas
2026-07-18T09:53:56: (node:1613508) [MONGOOSE] Warning: Duplicate schema index on {"domain":1} found. This is often due to declaring an index using both "index: true" and "schema.index()". Please remove the duplicate index definition.
(Use `node --trace-warnings ...` to show where the warning was created)
2026-07-18T09:53:58: [OK] MongoDB Atlas connected: cluster0-shard-00-01.rwmqt.mongodb.net
2026-07-18T09:54:01: [OK] Admin password synced
2026-07-18T09:54:03: [DATA-RETENTION] Starting data retention scheduler (interval: 1h)
2026-07-18T09:54:03: [REPORT-SCHEDULER] Starting report scheduler (interval: 1h)
2026-07-18T09:54:04: [Agent] Pre-compilando agentes para todas las plataformas...
2026-07-18T09:54:04:   [OK] win-x64 (15.7 MB)
2026-07-18T09:54:05:   [OK] linux-x64 (15.2 MB)
2026-07-18T09:54:05:   [OK] mac-x64 (15.5 MB)
2026-07-18T09:54:05:   [OK] mac-arm64 (14.8 MB)
2026-07-18T09:54:05: ╔══════════════════════════════════════╗
2026-07-18T09:54:05: ║     Compliance API                       ║
2026-07-18T09:54:05: ╚══════════════════════════════════════╝
2026-07-18T09:54:05: [Agent] Pre-compilación completada: 4/4 plataformas
2026-07-18T09:54:05: (node:1613657) [MONGOOSE] Warning: Duplicate schema index on {"domain":1} found. This is often due to declaring an index using both "index: true" and "schema.index()". Please remove the duplicate index definition.
(Use `node --trace-warnings ...` to show where the warning was created)
2026-07-18T09:54:07: [OK] MongoDB Atlas connected: cluster0-shard-00-00.rwmqt.mongodb.net
2026-07-18T09:54:10: [OK] Admin password synced
2026-07-18T09:54:11: [DATA-RETENTION] Starting data retention scheduler (interval: 1h)
2026-07-18T09:54:11: [REPORT-SCHEDULER] Starting report scheduler (interval: 1h)
2026-07-18T09:54:12: [Agent] Pre-compilando agentes para todas las plataformas...
2026-07-18T09:54:13:   [OK] win-x64 (15.7 MB)
2026-07-18T09:54:13:   [OK] linux-x64 (15.2 MB)
2026-07-18T09:54:13:   [OK] mac-x64 (15.5 MB)
2026-07-18T09:54:14:   [OK] mac-arm64 (14.8 MB)
2026-07-18T09:54:14: ╔══════════════════════════════════════╗
2026-07-18T09:54:14: ║     Compliance API                       ║
2026-07-18T09:54:14: ╚══════════════════════════════════════╝
2026-07-18T09:54:14: [Agent] Pre-compilación completada: 4/4 plataformas
2026-07-18T09:54:14: (node:1613799) [MONGOOSE] Warning: Duplicate schema index on {"domain":1} found. This is often due to declaring an index using both "index: true" and "schema.index()". Please remove the duplicate index definition.
(Use `node --trace-warnings ...` to show where the warning was created)
2026-07-18T09:54:15: [OK] MongoDB Atlas connected: cluster0-shard-00-01.rwmqt.mongodb.net
2026-07-18T09:54:19: [OK] Admin password synced
2026-07-18T09:54:20: [DATA-RETENTION] Starting data retention scheduler (interval: 1h)
2026-07-18T09:54:20: [REPORT-SCHEDULER] Starting report scheduler (interval: 1h)
2026-07-18T09:54:21: [Agent] Pre-compilando agentes para todas las plataformas...
2026-07-18T09:54:21:   [OK] win-x64 (15.7 MB)
2026-07-18T09:54:22:   [OK] linux-x64 (15.2 MB)
2026-07-18T09:54:22:   [OK] mac-x64 (15.5 MB)
2026-07-18T09:54:22:   [OK] mac-arm64 (14.8 MB)
2026-07-18T09:54:22: ╔══════════════════════════════════════╗
2026-07-18T09:54:22: ║     Compliance API                       ║
2026-07-18T09:54:22: ╚══════════════════════════════════════╝
2026-07-18T09:54:22: [Agent] Pre-compilación completada: 4/4 plataformas
2026-07-18T09:54:22: (node:1613970) [MONGOOSE] Warning: Duplicate schema index on {"domain":1} found. This is often due to declaring an index using both "index: true" and "schema.index()". Please remove the duplicate index definition.
(Use `node --trace-warnings ...` to show where the warning was created)
2026-07-18T09:54:24: [OK] MongoDB Atlas connected: cluster0-shard-00-01.rwmqt.mongodb.net
2026-07-18T09:54:27: [OK] Admin password synced
2026-07-18T09:54:28: [DATA-RETENTION] Starting data retention scheduler (interval: 1h)
2026-07-18T09:54:28: [REPORT-SCHEDULER] Starting report scheduler (interval: 1h)
2026-07-18T09:54:30: [Agent] Pre-compilando agentes para todas las plataformas...
2026-07-18T09:54:30:   [OK] win-x64 (15.7 MB)
2026-07-18T09:54:30:   [OK] linux-x64 (15.2 MB)
2026-07-18T09:54:31:   [OK] mac-x64 (15.5 MB)
2026-07-18T09:54:31:   [OK] mac-arm64 (14.8 MB)
2026-07-18T09:54:31: ╔══════════════════════════════════════╗
2026-07-18T09:54:31: ║     Compliance API                       ║
2026-07-18T09:54:31: ╚══════════════════════════════════════╝
2026-07-18T09:54:31: [Agent] Pre-compilación completada: 4/4 plataformas
2026-07-18T09:54:31: (node:1614119) [MONGOOSE] Warning: Duplicate schema index on {"domain":1} found. This is often due to declaring an index using both "index: true" and "schema.index()". Please remove the duplicate index definition.
(Use `node --trace-warnings ...` to show where the warning was created)
2026-07-18T09:54:33: [OK] MongoDB Atlas connected: cluster0-shard-00-02.rwmqt.mongodb.net
2026-07-18T09:54:36: [OK] Admin password synced
2026-07-18T09:54:37: [DATA-RETENTION] Starting data retention scheduler (interval: 1h)
2026-07-18T09:54:37: [REPORT-SCHEDULER] Starting report scheduler (interval: 1h)
2026-07-18T09:54:38: [Agent] Pre-compilando agentes para todas las plataformas...
2026-07-18T09:54:39:   [OK] win-x64 (15.7 MB)
2026-07-18T09:54:39:   [OK] linux-x64 (15.2 MB)
2026-07-18T09:54:39:   [OK] mac-x64 (15.5 MB)
2026-07-18T09:54:40:   [OK] mac-arm64 (14.8 MB)
2026-07-18T09:54:40: ╔══════════════════════════════════════╗
2026-07-18T09:54:40: ║     Compliance API                       ║
2026-07-18T09:54:40: ╚══════════════════════════════════════╝
2026-07-18T09:54:40: [Agent] Pre-compilación completada: 4/4 plataformas
2026-07-18T09:54:40: (node:1614261) [MONGOOSE] Warning: Duplicate schema index on {"domain":1} found. This is often due to declaring an index using both "index: true" and "schema.index()". Please remove the duplicate index definition.
(Use `node --trace-warnings ...` to show where the warning was created)
2026-07-18T09:54:41: [OK] MongoDB Atlas connected: cluster0-shard-00-02.rwmqt.mongodb.net
2026-07-18T09:54:44: [OK] Admin password synced
2026-07-18T09:54:46: [DATA-RETENTION] Starting data retention scheduler (interval: 1h)
2026-07-18T09:54:46: [REPORT-SCHEDULER] Starting report scheduler (interval: 1h)
2026-07-18T09:54:47: [Agent] Pre-compilando agentes para todas las plataformas...
2026-07-18T09:54:48:   [OK] win-x64 (15.7 MB)
2026-07-18T09:54:48:   [OK] linux-x64 (15.2 MB)
2026-07-18T09:54:49:   [OK] mac-x64 (15.5 MB)
2026-07-18T09:54:49:   [OK] mac-arm64 (14.8 MB)
2026-07-18T09:54:49: ╔══════════════════════════════════════╗
2026-07-18T09:54:49: ║     Compliance API                       ║
2026-07-18T09:54:49: ╚══════════════════════════════════════╝
2026-07-18T09:54:49: [Agent] Pre-compilación completada: 4/4 plataformas
2026-07-18T09:54:49: (node:1614411) [MONGOOSE] Warning: Duplicate schema index on {"domain":1} found. This is often due to declaring an index using both "index: true" and "schema.index()". Please remove the duplicate index definition.
(Use `node --trace-warnings ...` to show where the warning was created)
2026-07-18T09:54:51: [OK] MongoDB Atlas connected: cluster0-shard-00-02.rwmqt.mongodb.net
2026-07-18T09:54:54: [OK] Admin password synced
2026-07-18T09:54:55: [DATA-RETENTION] Starting data retention scheduler (interval: 1h)
2026-07-18T09:54:55: [REPORT-SCHEDULER] Starting report scheduler (interval: 1h)
2026-07-18T09:54:56: [Agent] Pre-compilando agentes para todas las plataformas...
2026-07-18T09:54:57:   [OK] win-x64 (15.7 MB)
2026-07-18T09:54:57:   [OK] linux-x64 (15.2 MB)
2026-07-18T09:54:57:   [OK] mac-x64 (15.5 MB)
2026-07-18T09:54:58:   [OK] mac-arm64 (14.8 MB)
2026-07-18T09:54:58: ╔══════════════════════════════════════╗
2026-07-18T09:54:58: ║     Compliance API                       ║
2026-07-18T09:54:58: ╚══════════════════════════════════════╝
2026-07-18T09:54:58: [Agent] Pre-compilación completada: 4/4 plataformas
2026-07-18T09:54:58: (node:1614552) [MONGOOSE] Warning: Duplicate schema index on {"domain":1} found. This is often due to declaring an index using both "index: true" and "schema.index()". Please remove the duplicate index definition.
(Use `node --trace-warnings ...` to show where the warning was created)
2026-07-18T09:55:00: [OK] MongoDB Atlas connected: cluster0-shard-00-02.rwmqt.mongodb.net
2026-07-18T09:55:03: [OK] Admin password synced
2026-07-18T09:55:05: [DATA-RETENTION] Starting data retention scheduler (interval: 1h)
2026-07-18T09:55:05: [REPORT-SCHEDULER] Starting report scheduler (interval: 1h)
2026-07-18T09:55:06: [Agent] Pre-compilando agentes para todas las plataformas...
2026-07-18T09:55:06:   [OK] win-x64 (15.7 MB)
2026-07-18T09:55:07:   [OK] linux-x64 (15.2 MB)
2026-07-18T09:55:07:   [OK] mac-x64 (15.5 MB)
2026-07-18T09:55:08:   [OK] mac-arm64 (14.8 MB)
2026-07-18T09:55:08: ╔══════════════════════════════════════╗
2026-07-18T09:55:08: ║     Compliance API                       ║
2026-07-18T09:55:08: ╚══════════════════════════════════════╝
2026-07-18T09:55:08: [Agent] Pre-compilación completada: 4/4 plataformas
2026-07-18T09:55:08: (node:1614703) [MONGOOSE] Warning: Duplicate schema index on {"domain":1} found. This is often due to declaring an index using both "index: true" and "schema.index()". Please remove the duplicate index definition.
(Use `node --trace-warnings ...` to show where the warning was created)
2026-07-18T09:55:09: [OK] MongoDB Atlas connected: cluster0-shard-00-02.rwmqt.mongodb.net
2026-07-18T09:55:12: [OK] Admin password synced
2026-07-18T09:55:14: [DATA-RETENTION] Starting data retention scheduler (interval: 1h)
2026-07-18T09:55:14: [REPORT-SCHEDULER] Starting report scheduler (interval: 1h)
2026-07-18T09:55:16: [Agent] Pre-compilando agentes para todas las plataformas...
2026-07-18T09:55:16:   [OK] win-x64 (15.7 MB)
2026-07-18T09:55:16:   [OK] linux-x64 (15.2 MB)
2026-07-18T09:55:17:   [OK] mac-x64 (15.5 MB)
2026-07-18T09:55:17:   [OK] mac-arm64 (14.8 MB)
2026-07-18T09:55:17: ╔══════════════════════════════════════╗
2026-07-18T09:55:17: ║     Compliance API                       ║
2026-07-18T09:55:17: ╚══════════════════════════════════════╝
2026-07-18T09:55:17: [Agent] Pre-compilación completada: 4/4 plataformas
2026-07-18T09:55:17: (node:1614849) [MONGOOSE] Warning: Duplicate schema index on {"domain":1} found. This is often due to declaring an index using both "index: true" and "schema.index()". Please remove the duplicate index definition.
(Use `node --trace-warnings ...` to show where the warning was created)
2026-07-18T09:55:19: [OK] MongoDB Atlas connected: cluster0-shard-00-01.rwmqt.mongodb.net
2026-07-18T09:55:22: [OK] Admin password synced
2026-07-18T09:55:24: [DATA-RETENTION] Starting data retention scheduler (interval: 1h)
2026-07-18T09:55:24: [REPORT-SCHEDULER] Starting report scheduler (interval: 1h)
2026-07-18T09:55:25: [Agent] Pre-compilando agentes para todas las plataformas...
2026-07-18T09:55:25:   [OK] win-x64 (15.7 MB)
2026-07-18T09:55:26:   [OK] linux-x64 (15.2 MB)
2026-07-18T09:55:26:   [OK] mac-x64 (15.5 MB)
2026-07-18T09:55:27:   [OK] mac-arm64 (14.8 MB)
2026-07-18T09:55:27: ╔══════════════════════════════════════╗
2026-07-18T09:55:27: ║     Compliance API                       ║
2026-07-18T09:55:27: ╚══════════════════════════════════════╝
2026-07-18T09:55:27: [Agent] Pre-compilación completada: 4/4 plataformas
2026-07-18T09:55:27: (node:1614999) [MONGOOSE] Warning: Duplicate schema index on {"domain":1} found. This is often due to declaring an index using both "index: true" and "schema.index()". Please remove the duplicate index definition.
(Use `node --trace-warnings ...` to show where the warning was created)
2026-07-18T09:55:28: [OK] MongoDB Atlas connected: cluster0-shard-00-01.rwmqt.mongodb.net
2026-07-18T09:55:31: [OK] Admin password synced
2026-07-18T09:55:32: [DATA-RETENTION] Starting data retention scheduler (interval: 1h)
2026-07-18T09:55:32: [REPORT-SCHEDULER] Starting report scheduler (interval: 1h)
2026-07-18T09:55:34: [Agent] Pre-compilando agentes para todas las plataformas...
2026-07-18T09:55:34:   [OK] win-x64 (15.7 MB)
2026-07-18T09:55:34:   [OK] linux-x64 (15.2 MB)
2026-07-18T09:55:35:   [OK] mac-x64 (15.5 MB)
2026-07-18T09:55:35:   [OK] mac-arm64 (14.8 MB)
2026-07-18T09:55:35: ╔══════════════════════════════════════╗
2026-07-18T09:55:35: ║     Compliance API                       ║
2026-07-18T09:55:35: ╚══════════════════════════════════════╝
2026-07-18T09:55:35: [Agent] Pre-compilación completada: 4/4 plataformas
2026-07-18T09:55:35: (node:1615142) [MONGOOSE] Warning: Duplicate schema index on {"domain":1} found. This is often due to declaring an index using both "index: true" and "schema.index()". Please remove the duplicate index definition.
(Use `node --trace-warnings ...` to show where the warning was created)
2026-07-18T09:55:37: [OK] MongoDB Atlas connected: cluster0-shard-00-01.rwmqt.mongodb.net
2026-07-18T09:55:40: [OK] Admin password synced
2026-07-18T09:55:42: [DATA-RETENTION] Starting data retention scheduler (interval: 1h)
2026-07-18T09:55:42: [REPORT-SCHEDULER] Starting report scheduler (interval: 1h)
2026-07-18T09:55:43: [Agent] Pre-compilando agentes para todas las plataformas...
2026-07-18T09:55:43:   [OK] win-x64 (15.7 MB)
2026-07-18T09:55:44:   [OK] linux-x64 (15.2 MB)
2026-07-18T09:55:44:   [OK] mac-x64 (15.5 MB)
2026-07-18T09:55:44:   [OK] mac-arm64 (14.8 MB)
2026-07-18T09:55:45: ╔══════════════════════════════════════╗
2026-07-18T09:55:45: ║     Compliance API                       ║
2026-07-18T09:55:45: ╚══════════════════════════════════════╝
2026-07-18T09:55:45: [Agent] Pre-compilación completada: 4/4 plataformas
2026-07-18T09:55:45: (node:1615283) [MONGOOSE] Warning: Duplicate schema index on {"domain":1} found. This is often due to declaring an index using both "index: true" and "schema.index()". Please remove the duplicate index definition.
(Use `node --trace-warnings ...` to show where the warning was created)
2026-07-18T09:55:46: [OK] MongoDB Atlas connected: cluster0-shard-00-01.rwmqt.mongodb.net
2026-07-18T09:55:49: [OK] Admin password synced
2026-07-18T09:55:50: [DATA-RETENTION] Starting data retention scheduler (interval: 1h)
2026-07-18T09:55:50: [REPORT-SCHEDULER] Starting report scheduler (interval: 1h)
2026-07-18T09:55:52: [Agent] Pre-compilando agentes para todas las plataformas...
2026-07-18T09:55:52:   [OK] win-x64 (15.7 MB)
2026-07-18T09:55:52:   [OK] linux-x64 (15.2 MB)
2026-07-18T09:55:53:   [OK] mac-x64 (15.5 MB)
2026-07-18T09:55:53:   [OK] mac-arm64 (14.8 MB)
2026-07-18T09:55:53: ╔══════════════════════════════════════╗
2026-07-18T09:55:53: ║     Compliance API                       ║
2026-07-18T09:55:53: ╚══════════════════════════════════════╝
2026-07-18T09:55:53: [Agent] Pre-compilación completada: 4/4 plataformas
2026-07-18T09:55:53: (node:1615432) [MONGOOSE] Warning: Duplicate schema index on {"domain":1} found. This is often due to declaring an index using both "index: true" and "schema.index()". Please remove the duplicate index definition.
(Use `node --trace-warnings ...` to show where the warning was created)
2026-07-18T09:55:54: [OK] MongoDB Atlas connected: cluster0-shard-00-01.rwmqt.mongodb.net
2026-07-18T09:55:58: [OK] Admin password synced
2026-07-18T09:56:00: [DATA-RETENTION] Starting data retention scheduler (interval: 1h)
2026-07-18T09:56:00: [REPORT-SCHEDULER] Starting report scheduler (interval: 1h)
2026-07-18T09:56:01: [Agent] Pre-compilando agentes para todas las plataformas...
2026-07-18T09:56:01:   [OK] win-x64 (15.7 MB)
2026-07-18T09:56:02:   [OK] linux-x64 (15.2 MB)
2026-07-18T09:56:02:   [OK] mac-x64 (15.5 MB)
2026-07-18T09:56:02:   [OK] mac-arm64 (14.8 MB)
2026-07-18T09:56:02: ╔══════════════════════════════════════╗
2026-07-18T09:56:02: ║     Compliance API                       ║
2026-07-18T09:56:02: ╚══════════════════════════════════════╝
2026-07-18T09:56:02: [Agent] Pre-compilación completada: 4/4 plataformas
2026-07-18T09:56:02: (node:1615577) [MONGOOSE] Warning: Duplicate schema index on {"domain":1} found. This is often due to declaring an index using both "index: true" and "schema.index()". Please remove the duplicate index definition.
(Use `node --trace-warnings ...` to show where the warning was created)
2026-07-18T09:56:04: [OK] MongoDB Atlas connected: cluster0-shard-00-01.rwmqt.mongodb.net
2026-07-18T09:56:07: [OK] Admin password synced
2026-07-18T09:56:08: [DATA-RETENTION] Starting data retention scheduler (interval: 1h)
2026-07-18T09:56:08: [REPORT-SCHEDULER] Starting report scheduler (interval: 1h)
2026-07-18T09:56:09: [Agent] Pre-compilando agentes para todas las plataformas...
2026-07-18T09:56:10:   [OK] win-x64 (15.7 MB)
2026-07-18T09:56:10:   [OK] linux-x64 (15.2 MB)
2026-07-18T09:56:10:   [OK] mac-x64 (15.5 MB)
2026-07-18T09:56:11:   [OK] mac-arm64 (14.8 MB)
2026-07-18T09:56:11: ╔══════════════════════════════════════╗
2026-07-18T09:56:11: ║     Compliance API                       ║
2026-07-18T09:56:11: ╚══════════════════════════════════════╝
2026-07-18T09:56:11: [Agent] Pre-compilación completada: 4/4 plataformas
2026-07-18T09:56:11: (node:1615728) [MONGOOSE] Warning: Duplicate schema index on {"domain":1} found. This is often due to declaring an index using both "index: true" and "schema.index()". Please remove the duplicate index definition.
(Use `node --trace-warnings ...` to show where the warning was created)
2026-07-18T09:56:12: [OK] MongoDB Atlas connected: cluster0-shard-00-01.rwmqt.mongodb.net
2026-07-18T09:56:15: [OK] Admin password synced
2026-07-18T09:56:16: [DATA-RETENTION] Starting data retention scheduler (interval: 1h)
2026-07-18T09:56:16: [REPORT-SCHEDULER] Starting report scheduler (interval: 1h)
2026-07-18T09:56:18: [Agent] Pre-compilando agentes para todas las plataformas...
2026-07-18T09:56:18:   [OK] win-x64 (15.7 MB)
2026-07-18T09:56:19:   [OK] linux-x64 (15.2 MB)
2026-07-18T09:56:19:   [OK] mac-x64 (15.5 MB)
2026-07-18T09:56:19:   [OK] mac-arm64 (14.8 MB)
2026-07-18T09:56:19: ╔══════════════════════════════════════╗
2026-07-18T09:56:19: ║     Compliance API                       ║
2026-07-18T09:56:19: ╚══════════════════════════════════════╝
2026-07-18T09:56:19: [Agent] Pre-compilación completada: 4/4 plataformas
2026-07-18T09:56:19: (node:1615866) [MONGOOSE] Warning: Duplicate schema index on {"domain":1} found. This is often due to declaring an index using both "index: true" and "schema.index()". Please remove the duplicate index definition.
(Use `node --trace-warnings ...` to show where the warning was created)
2026-07-18T09:56:21: [OK] MongoDB Atlas connected: cluster0-shard-00-02.rwmqt.mongodb.net
2026-07-18T09:56:24: [OK] Admin password synced
2026-07-18T09:56:25: [DATA-RETENTION] Starting data retention scheduler (interval: 1h)
2026-07-18T09:56:25: [REPORT-SCHEDULER] Starting report scheduler (interval: 1h)
2026-07-18T09:56:27: [Agent] Pre-compilando agentes para todas las plataformas...
2026-07-18T09:56:27:   [OK] win-x64 (15.7 MB)
2026-07-18T09:56:27:   [OK] linux-x64 (15.2 MB)
2026-07-18T09:56:28:   [OK] mac-x64 (15.5 MB)
2026-07-18T09:56:28:   [OK] mac-arm64 (14.8 MB)
2026-07-18T09:56:28: ╔══════════════════════════════════════╗
2026-07-18T09:56:28: ║     Compliance API                       ║
2026-07-18T09:56:28: ╚══════════════════════════════════════╝
2026-07-18T09:56:28: [Agent] Pre-compilación completada: 4/4 plataformas
2026-07-18T09:56:28: (node:1616010) [MONGOOSE] Warning: Duplicate schema index on {"domain":1} found. This is often due to declaring an index using both "index: true" and "schema.index()". Please remove the duplicate index definition.
(Use `node --trace-warnings ...` to show where the warning was created)
2026-07-18T09:56:30: [OK] MongoDB Atlas connected: cluster0-shard-00-01.rwmqt.mongodb.net
2026-07-18T09:56:33: [OK] Admin password synced
2026-07-18T09:56:34: [DATA-RETENTION] Starting data retention scheduler (interval: 1h)
2026-07-18T09:56:34: [REPORT-SCHEDULER] Starting report scheduler (interval: 1h)
2026-07-18T09:56:35: [Agent] Pre-compilando agentes para todas las plataformas...
2026-07-18T09:56:35:   [OK] win-x64 (15.7 MB)
2026-07-18T09:56:36:   [OK] linux-x64 (15.2 MB)
2026-07-18T09:56:36:   [OK] mac-x64 (15.5 MB)
2026-07-18T09:56:36:   [OK] mac-arm64 (14.8 MB)
2026-07-18T09:56:36: ╔══════════════════════════════════════╗
2026-07-18T09:56:36: ║     Compliance API                       ║
2026-07-18T09:56:36: ╚══════════════════════════════════════╝
2026-07-18T09:56:36: [Agent] Pre-compilación completada: 4/4 plataformas
2026-07-18T09:56:36: (node:1616157) [MONGOOSE] Warning: Duplicate schema index on {"domain":1} found. This is often due to declaring an index using both "index: true" and "schema.index()". Please remove the duplicate index definition.
(Use `node --trace-warnings ...` to show where the warning was created)
2026-07-18T09:56:38: [OK] MongoDB Atlas connected: cluster0-shard-00-02.rwmqt.mongodb.net
2026-07-18T09:56:41: [OK] Admin password synced
2026-07-18T09:56:42: [DATA-RETENTION] Starting data retention scheduler (interval: 1h)
2026-07-18T09:56:42: [REPORT-SCHEDULER] Starting report scheduler (interval: 1h)
2026-07-18T09:56:43: [Agent] Pre-compilando agentes para todas las plataformas...
2026-07-18T09:56:44:   [OK] win-x64 (15.7 MB)
2026-07-18T09:56:44:   [OK] linux-x64 (15.2 MB)
2026-07-18T09:56:44:   [OK] mac-x64 (15.5 MB)
2026-07-18T09:56:45:   [OK] mac-arm64 (14.8 MB)
2026-07-18T09:56:45: ╔══════════════════════════════════════╗
2026-07-18T09:56:45: ║     Compliance API                       ║
2026-07-18T09:56:45: ╚══════════════════════════════════════╝
2026-07-18T09:56:45: [Agent] Pre-compilación completada: 4/4 plataformas
2026-07-18T09:56:45: (node:1616297) [MONGOOSE] Warning: Duplicate schema index on {"domain":1} found. This is often due to declaring an index using both "index: true" and "schema.index()". Please remove the duplicate index definition.
(Use `node --trace-warnings ...` to show where the warning was created)
2026-07-18T09:56:46: [OK] MongoDB Atlas connected: cluster0-shard-00-02.rwmqt.mongodb.net
2026-07-18T09:56:50: [OK] Admin password synced
2026-07-18T09:56:51: [DATA-RETENTION] Starting data retention scheduler (interval: 1h)
2026-07-18T09:56:51: [REPORT-SCHEDULER] Starting report scheduler (interval: 1h)
2026-07-18T09:56:52: [Agent] Pre-compilando agentes para todas las plataformas...
2026-07-18T09:56:52:   [OK] win-x64 (15.7 MB)
2026-07-18T09:56:53:   [OK] linux-x64 (15.2 MB)
2026-07-18T09:56:53:   [OK] mac-x64 (15.5 MB)
2026-07-18T09:56:53:   [OK] mac-arm64 (14.8 MB)
2026-07-18T09:56:53: ╔══════════════════════════════════════╗
2026-07-18T09:56:53: ║     Compliance API                       ║
2026-07-18T09:56:53: ╚══════════════════════════════════════╝
2026-07-18T09:56:53: [Agent] Pre-compilación completada: 4/4 plataformas
2026-07-18T09:56:53: (node:1616448) [MONGOOSE] Warning: Duplicate schema index on {"domain":1} found. This is often due to declaring an index using both "index: true" and "schema.index()". Please remove the duplicate index definition.
(Use `node --trace-warnings ...` to show where the warning was created)
2026-07-18T09:56:55: [OK] MongoDB Atlas connected: cluster0-shard-00-02.rwmqt.mongodb.net
2026-07-18T09:56:58: [OK] Admin password synced
2026-07-18T09:56:59: [DATA-RETENTION] Starting data retention scheduler (interval: 1h)
2026-07-18T09:56:59: [REPORT-SCHEDULER] Starting report scheduler (interval: 1h)
Error: bind EADDRINUSE null:3838
    at listenOnPrimaryHandle (node:net:2022:18)
    at rr (node:internal/cluster/child:163:12)
    at Worker.<anonymous> (node:internal/cluster/child:113:7)
    at process.onInternalMessage (node:internal/cluster/utils:49:5)
    at process.emit (node:events:531:35)
    at emit (node:internal/child_process:949:14)
    at process.processTicksAndRejections (node:internal/process/task_queues:90:21)
2026-07-18T09:57:01: [Agent] Pre-compilando agentes para todas las plataformas...
2026-07-18T09:57:01:   [OK] win-x64 (15.7 MB)
2026-07-18T09:57:01:   [OK] linux-x64 (15.2 MB)
2026-07-18T09:57:02:   [OK] mac-x64 (15.5 MB)
2026-07-18T09:57:02:   [OK] mac-arm64 (14.8 MB)
2026-07-18T09:57:02: ╔══════════════════════════════════════╗
2026-07-18T09:57:02: ║     Compliance API                       ║
2026-07-18T09:57:02: ╚══════════════════════════════════════╝
2026-07-18T09:57:02: [Agent] Pre-compilación completada: 4/4 plataformas
2026-07-18T09:57:02: (node:1616590) [MONGOOSE] Warning: Duplicate schema index on {"domain":1} found. This is often due to declaring an index using both "index: true" and "schema.index()". Please remove the duplicate index definition.
(Use `node --trace-warnings ...` to show where the warning was created)
2026-07-18T09:57:04: [OK] MongoDB Atlas connected: cluster0-shard-00-01.rwmqt.mongodb.net
2026-07-18T09:57:07: [OK] Admin password synced
2026-07-18T09:57:08: [DATA-RETENTION] Starting data retention scheduler (interval: 1h)
2026-07-18T09:57:08: [REPORT-SCHEDULER] Starting report scheduler (interval: 1h)
2026-07-18T09:57:09: [Agent] Pre-compilando agentes para todas las plataformas...
2026-07-18T09:57:10:   [OK] win-x64 (15.7 MB)
2026-07-18T09:57:10:   [OK] linux-x64 (15.2 MB)
2026-07-18T09:57:10:   [OK] mac-x64 (15.5 MB)
2026-07-18T09:57:11:   [OK] mac-arm64 (14.8 MB)
2026-07-18T09:57:11: ╔══════════════════════════════════════╗
2026-07-18T09:57:11: ║     Compliance API                       ║
2026-07-18T09:57:11: ╚══════════════════════════════════════╝
2026-07-18T09:57:11: [Agent] Pre-compilación completada: 4/4 plataformas
2026-07-18T09:57:11: (node:1616731) [MONGOOSE] Warning: Duplicate schema index on {"domain":1} found. This is often due to declaring an index using both "index: true" and "schema.index()". Please remove the duplicate index definition.
(Use `node --trace-warnings ...` to show where the warning was created)
2026-07-18T09:57:12: [OK] MongoDB Atlas connected: cluster0-shard-00-01.rwmqt.mongodb.net
2026-07-18T09:57:16: [OK] Admin password synced
2026-07-18T09:57:16: [DATA-RETENTION] Starting data retention scheduler (interval: 1h)
2026-07-18T09:57:16: [REPORT-SCHEDULER] Starting report scheduler (interval: 1h)
2026-07-18T09:57:18: [Agent] Pre-compilando agentes para todas las plataformas...
2026-07-18T09:57:18:   [OK] win-x64 (15.7 MB)
2026-07-18T09:57:19:   [OK] linux-x64 (15.2 MB)
2026-07-18T09:57:19:   [OK] mac-x64 (15.5 MB)
2026-07-18T09:57:19:   [OK] mac-arm64 (14.8 MB)
2026-07-18T09:57:19: ╔══════════════════════════════════════╗
2026-07-18T09:57:19: ║     Compliance API                       ║
2026-07-18T09:57:19: ╚══════════════════════════════════════╝
2026-07-18T09:57:19: [Agent] Pre-compilación completada: 4/4 plataformas
2026-07-18T09:57:19: (node:1616896) [MONGOOSE] Warning: Duplicate schema index on {"domain":1} found. This is often due to declaring an index using both "index: true" and "schema.index()". Please remove the duplicate index definition.
(Use `node --trace-warnings ...` to show where the warning was created)
2026-07-18T09:57:21: [OK] MongoDB Atlas connected: cluster0-shard-00-00.rwmqt.mongodb.net
2026-07-18T09:57:24: [OK] Admin password synced
2026-07-18T09:57:26: [DATA-RETENTION] Starting data retention scheduler (interval: 1h)
2026-07-18T09:57:26: [REPORT-SCHEDULER] Starting report scheduler (interval: 1h)
2026-07-18T09:57:27: [Agent] Pre-compilando agentes para todas las plataformas...
2026-07-18T09:57:28:   [OK] win-x64 (15.7 MB)
2026-07-18T09:57:28:   [OK] linux-x64 (15.2 MB)
2026-07-18T09:57:29:   [OK] mac-x64 (15.5 MB)
2026-07-18T09:57:29:   [OK] mac-arm64 (14.8 MB)
2026-07-18T09:57:29: ╔══════════════════════════════════════╗
2026-07-18T09:57:29: ║     Compliance API                       ║
2026-07-18T09:57:29: ╚══════════════════════════════════════╝
2026-07-18T09:57:29: [Agent] Pre-compilación completada: 4/4 plataformas
2026-07-18T09:57:29: (node:1617055) [MONGOOSE] Warning: Duplicate schema index on {"domain":1} found. This is often due to declaring an index using both "index: true" and "schema.index()". Please remove the duplicate index definition.
(Use `node --trace-warnings ...` to show where the warning was created)
2026-07-18T09:57:31: [OK] MongoDB Atlas connected: cluster0-shard-00-02.rwmqt.mongodb.net
2026-07-18T09:57:34: [OK] Admin password synced
2026-07-18T09:57:35: [DATA-RETENTION] Starting data retention scheduler (interval: 1h)
2026-07-18T09:57:35: [REPORT-SCHEDULER] Starting report scheduler (interval: 1h)
2026-07-18T09:57:36: [Agent] Pre-compilando agentes para todas las plataformas...
2026-07-18T09:57:37:   [OK] win-x64 (15.7 MB)
2026-07-18T09:57:37:   [OK] linux-x64 (15.2 MB)
2026-07-18T09:57:38:   [OK] mac-x64 (15.5 MB)
2026-07-18T09:57:38:   [OK] mac-arm64 (14.8 MB)
2026-07-18T09:57:38: ╔══════════════════════════════════════╗
2026-07-18T09:57:38: ║     Compliance API                       ║
2026-07-18T09:57:38: ╚══════════════════════════════════════╝
2026-07-18T09:57:38: [Agent] Pre-compilación completada: 4/4 plataformas
2026-07-18T09:57:38: (node:1617219) [MONGOOSE] Warning: Duplicate schema index on {"domain":1} found. This is often due to declaring an index using both "index: true" and "schema.index()". Please remove the duplicate index definition.
(Use `node --trace-warnings ...` to show where the warning was created)
2026-07-18T09:57:40: [OK] MongoDB Atlas connected: cluster0-shard-00-01.rwmqt.mongodb.net
2026-07-18T09:57:43: [OK] Admin password synced
2026-07-18T09:57:44: [DATA-RETENTION] Starting data retention scheduler (interval: 1h)
2026-07-18T09:57:44: [REPORT-SCHEDULER] Starting report scheduler (interval: 1h)
2026-07-18T09:57:45: [Agent] Pre-compilando agentes para todas las plataformas...
2026-07-18T09:57:45:   [OK] win-x64 (15.7 MB)
2026-07-18T09:57:46:   [OK] linux-x64 (15.2 MB)
2026-07-18T09:57:46:   [OK] mac-x64 (15.5 MB)
2026-07-18T09:57:46:   [OK] mac-arm64 (14.8 MB)
2026-07-18T09:57:46: ╔══════════════════════════════════════╗
2026-07-18T09:57:46: ║     Compliance API                       ║
2026-07-18T09:57:46: ╚══════════════════════════════════════╝
2026-07-18T09:57:46: [Agent] Pre-compilación completada: 4/4 plataformas
2026-07-18T09:57:46: (node:1617394) [MONGOOSE] Warning: Duplicate schema index on {"domain":1} found. This is often due to declaring an index using both "index: true" and "schema.index()". Please remove the duplicate index definition.
(Use `node --trace-warnings ...` to show where the warning was created)
2026-07-18T09:57:48: [OK] MongoDB Atlas connected: cluster0-shard-00-02.rwmqt.mongodb.net
2026-07-18T09:57:51: [OK] Admin password synced
2026-07-18T09:57:52: [DATA-RETENTION] Starting data retention scheduler (interval: 1h)
2026-07-18T09:57:52: [REPORT-SCHEDULER] Starting report scheduler (interval: 1h)
2026-07-18T09:57:54: [Agent] Pre-compilando agentes para todas las plataformas...
2026-07-18T09:57:54:   [OK] win-x64 (15.7 MB)
2026-07-18T09:57:54:   [OK] linux-x64 (15.2 MB)
2026-07-18T09:57:55:   [OK] mac-x64 (15.5 MB)
2026-07-18T09:57:55:   [OK] mac-arm64 (14.8 MB)
2026-07-18T09:57:55: ╔══════════════════════════════════════╗
2026-07-18T09:57:55: ║     Compliance API                       ║
2026-07-18T09:57:55: ╚══════════════════════════════════════╝
2026-07-18T09:57:55: [Agent] Pre-compilación completada: 4/4 plataformas
2026-07-18T09:57:55: (node:1617551) [MONGOOSE] Warning: Duplicate schema index on {"domain":1} found. This is often due to declaring an index using both "index: true" and "schema.index()". Please remove the duplicate index definition.
(Use `node --trace-warnings ...` to show where the warning was created)
2026-07-18T09:57:57: [OK] MongoDB Atlas connected: cluster0-shard-00-00.rwmqt.mongodb.net
2026-07-18T09:58:00: [OK] Admin password synced
2026-07-18T09:58:02: [DATA-RETENTION] Starting data retention scheduler (interval: 1h)
2026-07-18T09:58:02: [REPORT-SCHEDULER] Starting report scheduler (interval: 1h)
2026-07-18T09:58:03: [Agent] Pre-compilando agentes para todas las plataformas...
2026-07-18T09:58:03:   [OK] win-x64 (15.7 MB)
2026-07-18T09:58:04:   [OK] linux-x64 (15.2 MB)
2026-07-18T09:58:04:   [OK] mac-x64 (15.5 MB)
2026-07-18T09:58:04:   [OK] mac-arm64 (14.8 MB)
2026-07-18T09:58:04: ╔══════════════════════════════════════╗
2026-07-18T09:58:04: ║     Compliance API                       ║
2026-07-18T09:58:04: ╚══════════════════════════════════════╝
2026-07-18T09:58:04: [Agent] Pre-compilación completada: 4/4 plataformas
2026-07-18T09:58:04: (node:1617696) [MONGOOSE] Warning: Duplicate schema index on {"domain":1} found. This is often due to declaring an index using both "index: true" and "schema.index()". Please remove the duplicate index definition.
(Use `node --trace-warnings ...` to show where the warning was created)
2026-07-18T09:58:06: [OK] MongoDB Atlas connected: cluster0-shard-00-00.rwmqt.mongodb.net
2026-07-18T09:58:09: [OK] Admin password synced
2026-07-18T09:58:10: [DATA-RETENTION] Starting data retention scheduler (interval: 1h)
2026-07-18T09:58:10: [REPORT-SCHEDULER] Starting report scheduler (interval: 1h)
2026-07-18T09:58:12: [Agent] Pre-compilando agentes para todas las plataformas...
2026-07-18T09:58:12:   [OK] win-x64 (15.7 MB)
2026-07-18T09:58:13:   [OK] linux-x64 (15.2 MB)
2026-07-18T09:58:13:   [OK] mac-x64 (15.5 MB)
2026-07-18T09:58:13:   [OK] mac-arm64 (14.8 MB)
2026-07-18T09:58:13: ╔══════════════════════════════════════╗
2026-07-18T09:58:13: ║     Compliance API                       ║
2026-07-18T09:58:13: ╚══════════════════════════════════════╝
2026-07-18T09:58:13: [Agent] Pre-compilación completada: 4/4 plataformas
2026-07-18T09:58:13: (node:1617842) [MONGOOSE] Warning: Duplicate schema index on {"domain":1} found. This is often due to declaring an index using both "index: true" and "schema.index()". Please remove the duplicate index definition.
(Use `node --trace-warnings ...` to show where the warning was created)
2026-07-18T09:58:15: [OK] MongoDB Atlas connected: cluster0-shard-00-02.rwmqt.mongodb.net
2026-07-18T09:58:18: [OK] Admin password synced
2026-07-18T09:58:20: [DATA-RETENTION] Starting data retention scheduler (interval: 1h)
2026-07-18T09:58:20: [REPORT-SCHEDULER] Starting report scheduler (interval: 1h)
2026-07-18T09:58:21: [Agent] Pre-compilando agentes para todas las plataformas...
2026-07-18T09:58:22:   [OK] win-x64 (15.7 MB)
2026-07-18T09:58:22:   [OK] linux-x64 (15.2 MB)
2026-07-18T09:58:22:   [OK] mac-x64 (15.5 MB)
2026-07-18T09:58:23:   [OK] mac-arm64 (14.8 MB)
2026-07-18T09:58:23: ╔══════════════════════════════════════╗
2026-07-18T09:58:23: ║     Compliance API                       ║
2026-07-18T09:58:23: ╚══════════════════════════════════════╝
2026-07-18T09:58:23: [Agent] Pre-compilación completada: 4/4 plataformas
2026-07-18T09:58:23: (node:1617989) [MONGOOSE] Warning: Duplicate schema index on {"domain":1} found. This is often due to declaring an index using both "index: true" and "schema.index()". Please remove the duplicate index definition.
(Use `node --trace-warnings ...` to show where the warning was created)
2026-07-18T09:58:24: [OK] MongoDB Atlas connected: cluster0-shard-00-00.rwmqt.mongodb.net
2026-07-18T09:58:27: [OK] Admin password synced
2026-07-18T09:58:29: [DATA-RETENTION] Starting data retention scheduler (interval: 1h)
2026-07-18T09:58:29: [REPORT-SCHEDULER] Starting report scheduler (interval: 1h)
2026-07-18T09:58:31: [Agent] Pre-compilando agentes para todas las plataformas...
2026-07-18T09:58:31:   [OK] win-x64 (15.7 MB)
2026-07-18T09:58:32:   [OK] linux-x64 (15.2 MB)
2026-07-18T09:58:32:   [OK] mac-x64 (15.5 MB)
2026-07-18T09:58:32:   [OK] mac-arm64 (14.8 MB)
2026-07-18T09:58:32: ╔══════════════════════════════════════╗
2026-07-18T09:58:32: ║     Compliance API                       ║
2026-07-18T09:58:32: ╚══════════════════════════════════════╝
2026-07-18T09:58:32: [Agent] Pre-compilación completada: 4/4 plataformas
2026-07-18T09:58:32: (node:1618163) [MONGOOSE] Warning: Duplicate schema index on {"domain":1} found. This is often due to declaring an index using both "index: true" and "schema.index()". Please remove the duplicate index definition.
(Use `node --trace-warnings ...` to show where the warning was created)
2026-07-18T09:58:34: [OK] MongoDB Atlas connected: cluster0-shard-00-02.rwmqt.mongodb.net
2026-07-18T09:58:37: [OK] Admin password synced
2026-07-18T09:58:38: [DATA-RETENTION] Starting data retention scheduler (interval: 1h)
2026-07-18T09:58:38: [REPORT-SCHEDULER] Starting report scheduler (interval: 1h)
2026-07-18T09:58:40: [Agent] Pre-compilando agentes para todas las plataformas...
2026-07-18T09:58:40:   [OK] win-x64 (15.7 MB)
2026-07-18T09:58:40:   [OK] linux-x64 (15.2 MB)
2026-07-18T09:58:41:   [OK] mac-x64 (15.5 MB)
2026-07-18T09:58:41:   [OK] mac-arm64 (14.8 MB)
2026-07-18T09:58:41: ╔══════════════════════════════════════╗
2026-07-18T09:58:41: ║     Compliance API                       ║
2026-07-18T09:58:41: ╚══════════════════════════════════════╝
2026-07-18T09:58:41: [Agent] Pre-compilación completada: 4/4 plataformas
2026-07-18T09:58:41: (node:1618348) [MONGOOSE] Warning: Duplicate schema index on {"domain":1} found. This is often due to declaring an index using both "index: true" and "schema.index()". Please remove the duplicate index definition.
(Use `node --trace-warnings ...` to show where the warning was created)
2026-07-18T09:58:43: [OK] MongoDB Atlas connected: cluster0-shard-00-02.rwmqt.mongodb.net
2026-07-18T09:58:46: [OK] Admin password synced
2026-07-18T09:58:47: [DATA-RETENTION] Starting data retention scheduler (interval: 1h)
2026-07-18T09:58:47: [REPORT-SCHEDULER] Starting report scheduler (interval: 1h)
2026-07-18T09:58:49: [Agent] Pre-compilando agentes para todas las plataformas...
2026-07-18T09:58:50:   [OK] win-x64 (15.7 MB)
2026-07-18T09:58:50:   [OK] linux-x64 (15.2 MB)
2026-07-18T09:58:50:   [OK] mac-x64 (15.5 MB)
2026-07-18T09:58:51:   [OK] mac-arm64 (14.8 MB)
2026-07-18T09:58:51: ╔══════════════════════════════════════╗
2026-07-18T09:58:51: ║     Compliance API                       ║
2026-07-18T09:58:51: ╚══════════════════════════════════════╝
2026-07-18T09:58:51: [Agent] Pre-compilación completada: 4/4 plataformas
2026-07-18T09:58:51: (node:1618548) [MONGOOSE] Warning: Duplicate schema index on {"domain":1} found. This is often due to declaring an index using both "index: true" and "schema.index()". Please remove the duplicate index definition.
(Use `node --trace-warnings ...` to show where the warning was created)
2026-07-18T09:58:52: [OK] MongoDB Atlas connected: cluster0-shard-00-00.rwmqt.mongodb.net
2026-07-18T09:58:56: [OK] Admin password synced
2026-07-18T09:58:57: [DATA-RETENTION] Starting data retention scheduler (interval: 1h)
2026-07-18T09:58:57: [REPORT-SCHEDULER] Starting report scheduler (interval: 1h)
2026-07-18T09:58:59: [Agent] Pre-compilando agentes para todas las plataformas...
2026-07-18T09:58:59:   [OK] win-x64 (15.7 MB)
2026-07-18T09:59:00:   [OK] linux-x64 (15.2 MB)
2026-07-18T09:59:00:   [OK] mac-x64 (15.5 MB)
2026-07-18T09:59:00:   [OK] mac-arm64 (14.8 MB)
2026-07-18T09:59:00: ╔══════════════════════════════════════╗
2026-07-18T09:59:00: ║     Compliance API                       ║
2026-07-18T09:59:00: ╚══════════════════════════════════════╝
2026-07-18T09:59:01: [Agent] Pre-compilación completada: 4/4 plataformas
2026-07-18T09:59:01: (node:1618759) [MONGOOSE] Warning: Duplicate schema index on {"domain":1} found. This is often due to declaring an index using both "index: true" and "schema.index()". Please remove the duplicate index definition.
(Use `node --trace-warnings ...` to show where the warning was created)
2026-07-18T09:59:02: [OK] MongoDB Atlas connected: cluster0-shard-00-01.rwmqt.mongodb.net
2026-07-18T09:59:06: [OK] Admin password synced
2026-07-18T09:59:07: [DATA-RETENTION] Starting data retention scheduler (interval: 1h)
2026-07-18T09:59:07: [REPORT-SCHEDULER] Starting report scheduler (interval: 1h)
2026-07-18T09:59:09: [Agent] Pre-compilando agentes para todas las plataformas...
2026-07-18T09:59:09:   [OK] win-x64 (15.7 MB)
2026-07-18T09:59:09:   [OK] linux-x64 (15.2 MB)
2026-07-18T09:59:10:   [OK] mac-x64 (15.5 MB)
2026-07-18T09:59:10:   [OK] mac-arm64 (14.8 MB)
2026-07-18T09:59:10: ╔══════════════════════════════════════╗
2026-07-18T09:59:10: ║     Compliance API                       ║
2026-07-18T09:59:10: ╚══════════════════════════════════════╝
2026-07-18T09:59:10: [Agent] Pre-compilación completada: 4/4 plataformas
2026-07-18T09:59:10: (node:1618907) [MONGOOSE] Warning: Duplicate schema index on {"domain":1} found. This is often due to declaring an index using both "index: true" and "schema.index()". Please remove the duplicate index definition.
(Use `node --trace-warnings ...` to show where the warning was created)
2026-07-18T09:59:12: [OK] MongoDB Atlas connected: cluster0-shard-00-02.rwmqt.mongodb.net
2026-07-18T09:59:15: [OK] Admin password synced
2026-07-18T09:59:16: [DATA-RETENTION] Starting data retention scheduler (interval: 1h)
2026-07-18T09:59:16: [REPORT-SCHEDULER] Starting report scheduler (interval: 1h)
2026-07-18T09:59:17: [Agent] Pre-compilando agentes para todas las plataformas...
2026-07-18T09:59:18:   [OK] win-x64 (15.7 MB)
2026-07-18T09:59:18:   [OK] linux-x64 (15.2 MB)
2026-07-18T09:59:18:   [OK] mac-x64 (15.5 MB)
2026-07-18T09:59:19:   [OK] mac-arm64 (14.8 MB)
2026-07-18T09:59:19: ╔══════════════════════════════════════╗
2026-07-18T09:59:19: ║     Compliance API                       ║
2026-07-18T09:59:19: ╚══════════════════════════════════════╝
2026-07-18T09:59:19: [Agent] Pre-compilación completada: 4/4 plataformas
2026-07-18T09:59:19: (node:1619054) [MONGOOSE] Warning: Duplicate schema index on {"domain":1} found. This is often due to declaring an index using both "index: true" and "schema.index()". Please remove the duplicate index definition.
(Use `node --trace-warnings ...` to show where the warning was created)
2026-07-18T09:59:20: [OK] MongoDB Atlas connected: cluster0-shard-00-00.rwmqt.mongodb.net
2026-07-18T09:59:23: [OK] Admin password synced
2026-07-18T09:59:25: [DATA-RETENTION] Starting data retention scheduler (interval: 1h)
2026-07-18T09:59:25: [REPORT-SCHEDULER] Starting report scheduler (interval: 1h)
2026-07-18T09:59:26: [Agent] Pre-compilando agentes para todas las plataformas...
2026-07-18T09:59:27:   [OK] win-x64 (15.7 MB)
2026-07-18T09:59:27:   [OK] linux-x64 (15.2 MB)
2026-07-18T09:59:28:   [OK] mac-x64 (15.5 MB)
2026-07-18T09:59:28:   [OK] mac-arm64 (14.8 MB)
2026-07-18T09:59:28: ╔══════════════════════════════════════╗
2026-07-18T09:59:28: ║     Compliance API                       ║
2026-07-18T09:59:28: ╚══════════════════════════════════════╝
2026-07-18T09:59:28: [Agent] Pre-compilación completada: 4/4 plataformas
2026-07-18T09:59:28: (node:1619197) [MONGOOSE] Warning: Duplicate schema index on {"domain":1} found. This is often due to declaring an index using both "index: true" and "schema.index()". Please remove the duplicate index definition.
(Use `node --trace-warnings ...` to show where the warning was created)
2026-07-18T09:59:29: [OK] MongoDB Atlas connected: cluster0-shard-00-02.rwmqt.mongodb.net
2026-07-18T09:59:33: [OK] Admin password synced
2026-07-18T09:59:35: [DATA-RETENTION] Starting data retention scheduler (interval: 1h)
2026-07-18T09:59:35: [REPORT-SCHEDULER] Starting report scheduler (interval: 1h)
2026-07-18T09:59:36: [Agent] Pre-compilando agentes para todas las plataformas...
2026-07-18T09:59:36:   [OK] win-x64 (15.7 MB)
2026-07-18T09:59:37:   [OK] linux-x64 (15.2 MB)
2026-07-18T09:59:37:   [OK] mac-x64 (15.5 MB)
2026-07-18T09:59:37:   [OK] mac-arm64 (14.8 MB)
2026-07-18T09:59:37: ╔══════════════════════════════════════╗
2026-07-18T09:59:37: ║     Compliance API                       ║
2026-07-18T09:59:37: ╚══════════════════════════════════════╝
2026-07-18T09:59:37: [Agent] Pre-compilación completada: 4/4 plataformas
2026-07-18T09:59:37: (node:1619340) [MONGOOSE] Warning: Duplicate schema index on {"domain":1} found. This is often due to declaring an index using both "index: true" and "schema.index()". Please remove the duplicate index definition.
(Use `node --trace-warnings ...` to show where the warning was created)
2026-07-18T09:59:39: [OK] MongoDB Atlas connected: cluster0-shard-00-02.rwmqt.mongodb.net
2026-07-18T09:59:42: [OK] Admin password synced
2026-07-18T09:59:43: [DATA-RETENTION] Starting data retention scheduler (interval: 1h)
2026-07-18T09:59:43: [REPORT-SCHEDULER] Starting report scheduler (interval: 1h)
2026-07-18T09:59:44: [Agent] Pre-compilando agentes para todas las plataformas...
2026-07-18T09:59:45:   [OK] win-x64 (15.7 MB)
2026-07-18T09:59:45:   [OK] linux-x64 (15.2 MB)
2026-07-18T09:59:45:   [OK] mac-x64 (15.5 MB)
2026-07-18T09:59:46:   [OK] mac-arm64 (14.8 MB)
2026-07-18T09:59:46: ╔══════════════════════════════════════╗
2026-07-18T09:59:46: ║     Compliance API                       ║
2026-07-18T09:59:46: ╚══════════════════════════════════════╝
2026-07-18T09:59:46: [Agent] Pre-compilación completada: 4/4 plataformas
2026-07-18T09:59:46: (node:1619484) [MONGOOSE] Warning: Duplicate schema index on {"domain":1} found. This is often due to declaring an index using both "index: true" and "schema.index()". Please remove the duplicate index definition.
(Use `node --trace-warnings ...` to show where the warning was created)
2026-07-18T09:59:47: [OK] MongoDB Atlas connected: cluster0-shard-00-00.rwmqt.mongodb.net
2026-07-18T09:59:51: [OK] Admin password synced
2026-07-18T09:59:52: [DATA-RETENTION] Starting data retention scheduler (interval: 1h)
2026-07-18T09:59:52: [REPORT-SCHEDULER] Starting report scheduler (interval: 1h)
2026-07-18T09:59:53: [Agent] Pre-compilando agentes para todas las plataformas...
2026-07-18T09:59:53:   [OK] win-x64 (15.7 MB)
2026-07-18T09:59:53:   [OK] linux-x64 (15.2 MB)
2026-07-18T09:59:54:   [OK] mac-x64 (15.5 MB)
2026-07-18T09:59:54:   [OK] mac-arm64 (14.8 MB)
2026-07-18T09:59:54: ╔══════════════════════════════════════╗
2026-07-18T09:59:54: ║     Compliance API                       ║
2026-07-18T09:59:54: ╚══════════════════════════════════════╝
2026-07-18T09:59:54: [Agent] Pre-compilación completada: 4/4 plataformas
2026-07-18T09:59:54: (node:1619629) [MONGOOSE] Warning: Duplicate schema index on {"domain":1} found. This is often due to declaring an index using both "index: true" and "schema.index()". Please remove the duplicate index definition.
(Use `node --trace-warnings ...` to show where the warning was created)
2026-07-18T09:59:56: [OK] MongoDB Atlas connected: cluster0-shard-00-02.rwmqt.mongodb.net
2026-07-18T09:59:59: [OK] Admin password synced
2026-07-18T10:00:01: [DATA-RETENTION] Starting data retention scheduler (interval: 1h)
2026-07-18T10:00:01: [REPORT-SCHEDULER] Starting report scheduler (interval: 1h)
2026-07-18T10:00:02: [Agent] Pre-compilando agentes para todas las plataformas...
2026-07-18T10:00:02:   [OK] win-x64 (15.7 MB)
2026-07-18T10:00:03:   [OK] linux-x64 (15.2 MB)
2026-07-18T10:00:03:   [OK] mac-x64 (15.5 MB)
2026-07-18T10:00:04:   [OK] mac-arm64 (14.8 MB)
2026-07-18T10:00:04: ╔══════════════════════════════════════╗
2026-07-18T10:00:04: ║     Compliance API                       ║
2026-07-18T10:00:04: ╚══════════════════════════════════════╝
2026-07-18T10:00:04: [Agent] Pre-compilación completada: 4/4 plataformas
2026-07-18T10:00:04: (node:1619783) [MONGOOSE] Warning: Duplicate schema index on {"domain":1} found. This is often due to declaring an index using both "index: true" and "schema.index()". Please remove the duplicate index definition.
(Use `node --trace-warnings ...` to show where the warning was created)
2026-07-18T10:00:05: [OK] MongoDB Atlas connected: cluster0-shard-00-02.rwmqt.mongodb.net
2026-07-18T10:00:08: [OK] Admin password synced
2026-07-18T10:00:09: [DATA-RETENTION] Starting data retention scheduler (interval: 1h)
2026-07-18T10:00:09: [REPORT-SCHEDULER] Starting report scheduler (interval: 1h)
2026-07-18T10:00:11: [Agent] Pre-compilando agentes para todas las plataformas...
2026-07-18T10:00:11:   [OK] win-x64 (15.7 MB)
2026-07-18T10:00:11:   [OK] linux-x64 (15.2 MB)
2026-07-18T10:00:12:   [OK] mac-x64 (15.5 MB)
2026-07-18T10:00:12:   [OK] mac-arm64 (14.8 MB)
2026-07-18T10:00:12: ╔══════════════════════════════════════╗
2026-07-18T10:00:12: ║     Compliance API                       ║
2026-07-18T10:00:12: ╚══════════════════════════════════════╝
2026-07-18T10:00:12: [Agent] Pre-compilación completada: 4/4 plataformas
2026-07-18T10:00:12: (node:1619928) [MONGOOSE] Warning: Duplicate schema index on {"domain":1} found. This is often due to declaring an index using both "index: true" and "schema.index()". Please remove the duplicate index definition.
(Use `node --trace-warnings ...` to show where the warning was created)
2026-07-18T10:00:14: [OK] MongoDB Atlas connected: cluster0-shard-00-02.rwmqt.mongodb.net
2026-07-18T10:00:17: [OK] Admin password synced
2026-07-18T10:00:18: [DATA-RETENTION] Starting data retention scheduler (interval: 1h)
2026-07-18T10:00:18: [REPORT-SCHEDULER] Starting report scheduler (interval: 1h)
2026-07-18T10:00:19: [Agent] Pre-compilando agentes para todas las plataformas...
2026-07-18T10:00:19:   [OK] win-x64 (15.7 MB)
2026-07-18T10:00:20:   [OK] linux-x64 (15.2 MB)
2026-07-18T10:00:20:   [OK] mac-x64 (15.5 MB)
2026-07-18T10:00:20:   [OK] mac-arm64 (14.8 MB)
2026-07-18T10:00:20: ╔══════════════════════════════════════╗
2026-07-18T10:00:20: ║     Compliance API                       ║
2026-07-18T10:00:20: ╚══════════════════════════════════════╝
2026-07-18T10:00:20: [Agent] Pre-compilación completada: 4/4 plataformas
2026-07-18T10:00:20: (node:1620073) [MONGOOSE] Warning: Duplicate schema index on {"domain":1} found. This is often due to declaring an index using both "index: true" and "schema.index()". Please remove the duplicate index definition.
(Use `node --trace-warnings ...` to show where the warning was created)
2026-07-18T10:00:22: [OK] MongoDB Atlas connected: cluster0-shard-00-01.rwmqt.mongodb.net
2026-07-18T10:00:25: [OK] Admin password synced
2026-07-18T10:00:26: [DATA-RETENTION] Starting data retention scheduler (interval: 1h)
2026-07-18T10:00:26: [REPORT-SCHEDULER] Starting report scheduler (interval: 1h)
2026-07-18T10:00:27: [Agent] Pre-compilando agentes para todas las plataformas...
2026-07-18T10:00:28:   [OK] win-x64 (15.7 MB)
2026-07-18T10:00:28:   [OK] linux-x64 (15.2 MB)
2026-07-18T10:00:29:   [OK] mac-x64 (15.5 MB)
2026-07-18T10:00:29:   [OK] mac-arm64 (14.8 MB)
2026-07-18T10:00:29: ╔══════════════════════════════════════╗
2026-07-18T10:00:29: ║     Compliance API                       ║
2026-07-18T10:00:29: ╚══════════════════════════════════════╝
2026-07-18T10:00:29: [Agent] Pre-compilación completada: 4/4 plataformas
2026-07-18T10:00:29: (node:1620218) [MONGOOSE] Warning: Duplicate schema index on {"domain":1} found. This is often due to declaring an index using both "index: true" and "schema.index()". Please remove the duplicate index definition.
(Use `node --trace-warnings ...` to show where the warning was created)
2026-07-18T10:00:31: [OK] MongoDB Atlas connected: cluster0-shard-00-01.rwmqt.mongodb.net
2026-07-18T10:00:34: [OK] Admin password synced
2026-07-18T10:00:35: [DATA-RETENTION] Starting data retention scheduler (interval: 1h)
2026-07-18T10:00:35: [REPORT-SCHEDULER] Starting report scheduler (interval: 1h)
2026-07-18T10:00:36: [Agent] Pre-compilando agentes para todas las plataformas...
2026-07-18T10:00:37:   [OK] win-x64 (15.7 MB)
2026-07-18T10:00:37:   [OK] linux-x64 (15.2 MB)
2026-07-18T10:00:37:   [OK] mac-x64 (15.5 MB)
2026-07-18T10:00:38:   [OK] mac-arm64 (14.8 MB)
2026-07-18T10:00:38: ╔══════════════════════════════════════╗
2026-07-18T10:00:38: ║     Compliance API                       ║
2026-07-18T10:00:38: ╚══════════════════════════════════════╝
2026-07-18T10:00:38: [Agent] Pre-compilación completada: 4/4 plataformas
2026-07-18T10:00:38: (node:1620358) [MONGOOSE] Warning: Duplicate schema index on {"domain":1} found. This is often due to declaring an index using both "index: true" and "schema.index()". Please remove the duplicate index definition.
(Use `node --trace-warnings ...` to show where the warning was created)
2026-07-18T10:00:39: [OK] MongoDB Atlas connected: cluster0-shard-00-01.rwmqt.mongodb.net
2026-07-18T10:00:43: [OK] Admin password synced
2026-07-18T10:00:44: [DATA-RETENTION] Starting data retention scheduler (interval: 1h)
2026-07-18T10:00:44: [REPORT-SCHEDULER] Starting report scheduler (interval: 1h)
2026-07-18T10:00:46: [Agent] Pre-compilando agentes para todas las plataformas...
2026-07-18T10:00:46:   [OK] win-x64 (15.7 MB)
2026-07-18T10:00:47:   [OK] linux-x64 (15.2 MB)
2026-07-18T10:00:47:   [OK] mac-x64 (15.5 MB)
2026-07-18T10:00:47:   [OK] mac-arm64 (14.8 MB)
2026-07-18T10:00:47: ╔══════════════════════════════════════╗
2026-07-18T10:00:47: ║     Compliance API                       ║
2026-07-18T10:00:47: ╚══════════════════════════════════════╝
2026-07-18T10:00:47: [Agent] Pre-compilación completada: 4/4 plataformas
2026-07-18T10:00:47: (node:1620510) [MONGOOSE] Warning: Duplicate schema index on {"domain":1} found. This is often due to declaring an index using both "index: true" and "schema.index()". Please remove the duplicate index definition.
(Use `node --trace-warnings ...` to show where the warning was created)
2026-07-18T10:00:49: [OK] MongoDB Atlas connected: cluster0-shard-00-00.rwmqt.mongodb.net
2026-07-18T10:00:52: [OK] Admin password synced
2026-07-18T10:00:53: [DATA-RETENTION] Starting data retention scheduler (interval: 1h)
2026-07-18T10:00:53: [REPORT-SCHEDULER] Starting report scheduler (interval: 1h)
2026-07-18T10:00:54: [Agent] Pre-compilando agentes para todas las plataformas...
2026-07-18T10:00:55:   [OK] win-x64 (15.7 MB)
2026-07-18T10:00:55:   [OK] linux-x64 (15.2 MB)
2026-07-18T10:00:55:   [OK] mac-x64 (15.5 MB)
2026-07-18T10:00:56:   [OK] mac-arm64 (14.8 MB)
2026-07-18T10:00:56: ╔══════════════════════════════════════╗
2026-07-18T10:00:56: ║     Compliance API                       ║
2026-07-18T10:00:56: ╚══════════════════════════════════════╝
2026-07-18T10:00:56: [Agent] Pre-compilación completada: 4/4 plataformas
2026-07-18T10:00:56: (node:1620653) [MONGOOSE] Warning: Duplicate schema index on {"domain":1} found. This is often due to declaring an index using both "index: true" and "schema.index()". Please remove the duplicate index definition.
(Use `node --trace-warnings ...` to show where the warning was created)
2026-07-18T10:00:57: [OK] MongoDB Atlas connected: cluster0-shard-00-01.rwmqt.mongodb.net
2026-07-18T10:01:00: [OK] Admin password synced
2026-07-18T10:01:02: [DATA-RETENTION] Starting data retention scheduler (interval: 1h)
2026-07-18T10:01:02: [REPORT-SCHEDULER] Starting report scheduler (interval: 1h)
2026-07-18T10:01:04: [Agent] Pre-compilando agentes para todas las plataformas...
2026-07-18T10:01:04:   [OK] win-x64 (15.7 MB)
2026-07-18T10:01:04:   [OK] linux-x64 (15.2 MB)
2026-07-18T10:01:05:   [OK] mac-x64 (15.5 MB)
2026-07-18T10:01:05:   [OK] mac-arm64 (14.8 MB)
2026-07-18T10:01:05: ╔══════════════════════════════════════╗
2026-07-18T10:01:05: ║     Compliance API                       ║
2026-07-18T10:01:05: ╚══════════════════════════════════════╝
2026-07-18T10:01:05: [Agent] Pre-compilación completada: 4/4 plataformas
2026-07-18T10:01:05: (node:1620802) [MONGOOSE] Warning: Duplicate schema index on {"domain":1} found. This is often due to declaring an index using both "index: true" and "schema.index()". Please remove the duplicate index definition.
(Use `node --trace-warnings ...` to show where the warning was created)
2026-07-18T10:01:06: [OK] MongoDB Atlas connected: cluster0-shard-00-01.rwmqt.mongodb.net
2026-07-18T10:01:10: [OK] Admin password synced
2026-07-18T10:01:12: [DATA-RETENTION] Starting data retention scheduler (interval: 1h)
2026-07-18T10:01:12: [REPORT-SCHEDULER] Starting report scheduler (interval: 1h)
2026-07-18T10:01:13: [Agent] Pre-compilando agentes para todas las plataformas...
2026-07-18T10:01:13:   [OK] win-x64 (15.7 MB)
2026-07-18T10:01:14:   [OK] linux-x64 (15.2 MB)
2026-07-18T10:01:14:   [OK] mac-x64 (15.5 MB)
2026-07-18T10:01:14:   [OK] mac-arm64 (14.8 MB)
2026-07-18T10:01:14: ╔══════════════════════════════════════╗
2026-07-18T10:01:14: ║     Compliance API                       ║
2026-07-18T10:01:14: ╚══════════════════════════════════════╝
2026-07-18T10:01:14: [Agent] Pre-compilación completada: 4/4 plataformas
2026-07-18T10:01:14: (node:1620954) [MONGOOSE] Warning: Duplicate schema index on {"domain":1} found. This is often due to declaring an index using both "index: true" and "schema.index()". Please remove the duplicate index definition.
(Use `node --trace-warnings ...` to show where the warning was created)
2026-07-18T10:01:16: [OK] MongoDB Atlas connected: cluster0-shard-00-00.rwmqt.mongodb.net
2026-07-18T10:01:19: [OK] Admin password synced
2026-07-18T10:01:21: [DATA-RETENTION] Starting data retention scheduler (interval: 1h)
2026-07-18T10:01:21: [REPORT-SCHEDULER] Starting report scheduler (interval: 1h)
2026-07-18T10:01:22: [Agent] Pre-compilando agentes para todas las plataformas...
2026-07-18T10:01:23:   [OK] win-x64 (15.7 MB)
2026-07-18T10:01:23:   [OK] linux-x64 (15.2 MB)
2026-07-18T10:01:24:   [OK] mac-x64 (15.5 MB)
2026-07-18T10:01:24:   [OK] mac-arm64 (14.8 MB)
2026-07-18T10:01:24: ╔══════════════════════════════════════╗
2026-07-18T10:01:24: ║     Compliance API                       ║
2026-07-18T10:01:24: ╚══════════════════════════════════════╝
2026-07-18T10:01:24: [Agent] Pre-compilación completada: 4/4 plataformas
2026-07-18T10:01:24: (node:1621098) [MONGOOSE] Warning: Duplicate schema index on {"domain":1} found. This is often due to declaring an index using both "index: true" and "schema.index()". Please remove the duplicate index definition.
(Use `node --trace-warnings ...` to show where the warning was created)
2026-07-18T10:01:25: [OK] MongoDB Atlas connected: cluster0-shard-00-00.rwmqt.mongodb.net
2026-07-18T10:01:29: [OK] Admin password synced
2026-07-18T10:01:30: [DATA-RETENTION] Starting data retention scheduler (interval: 1h)
2026-07-18T10:01:30: [REPORT-SCHEDULER] Starting report scheduler (interval: 1h)
2026-07-18T10:01:31: [Agent] Pre-compilando agentes para todas las plataformas...
2026-07-18T10:01:31:   [OK] win-x64 (15.7 MB)
2026-07-18T10:01:32:   [OK] linux-x64 (15.2 MB)
2026-07-18T10:01:32:   [OK] mac-x64 (15.5 MB)
2026-07-18T10:01:32:   [OK] mac-arm64 (14.8 MB)
2026-07-18T10:01:32: ╔══════════════════════════════════════╗
2026-07-18T10:01:32: ║     Compliance API                       ║
2026-07-18T10:01:32: ╚══════════════════════════════════════╝
2026-07-18T10:01:32: [Agent] Pre-compilación completada: 4/4 plataformas
2026-07-18T10:01:32: (node:1621242) [MONGOOSE] Warning: Duplicate schema index on {"domain":1} found. This is often due to declaring an index using both "index: true" and "schema.index()". Please remove the duplicate index definition.
(Use `node --trace-warnings ...` to show where the warning was created)
2026-07-18T10:01:34: [OK] MongoDB Atlas connected: cluster0-shard-00-00.rwmqt.mongodb.net
2026-07-18T10:01:37: [OK] Admin password synced
2026-07-18T10:01:38: [DATA-RETENTION] Starting data retention scheduler (interval: 1h)
2026-07-18T10:01:38: [REPORT-SCHEDULER] Starting report scheduler (interval: 1h)
2026-07-18T10:01:40: [Agent] Pre-compilando agentes para todas las plataformas...
2026-07-18T10:01:40:   [OK] win-x64 (15.7 MB)
2026-07-18T10:01:40:   [OK] linux-x64 (15.2 MB)
2026-07-18T10:01:41:   [OK] mac-x64 (15.5 MB)
2026-07-18T10:01:41:   [OK] mac-arm64 (14.8 MB)
2026-07-18T10:01:41: ╔══════════════════════════════════════╗
2026-07-18T10:01:41: ║     Compliance API                       ║
2026-07-18T10:01:41: ╚══════════════════════════════════════╝
2026-07-18T10:01:41: [Agent] Pre-compilación completada: 4/4 plataformas
2026-07-18T10:01:41: (node:1621389) [MONGOOSE] Warning: Duplicate schema index on {"domain":1} found. This is often due to declaring an index using both "index: true" and "schema.index()". Please remove the duplicate index definition.
(Use `node --trace-warnings ...` to show where the warning was created)
2026-07-18T10:01:43: [OK] MongoDB Atlas connected: cluster0-shard-00-01.rwmqt.mongodb.net
2026-07-18T10:01:46: [OK] Admin password synced
2026-07-18T10:01:48: [DATA-RETENTION] Starting data retention scheduler (interval: 1h)
2026-07-18T10:01:48: [REPORT-SCHEDULER] Starting report scheduler (interval: 1h)
2026-07-18T10:01:49: [Agent] Pre-compilando agentes para todas las plataformas...
2026-07-18T10:01:50:   [OK] win-x64 (15.7 MB)
2026-07-18T10:01:50:   [OK] linux-x64 (15.2 MB)
2026-07-18T10:01:50:   [OK] mac-x64 (15.5 MB)
2026-07-18T10:01:51:   [OK] mac-arm64 (14.8 MB)
2026-07-18T10:01:51: ╔══════════════════════════════════════╗
2026-07-18T10:01:51: ║     Compliance API                       ║
2026-07-18T10:01:51: ╚══════════════════════════════════════╝
2026-07-18T10:01:51: [Agent] Pre-compilación completada: 4/4 plataformas
2026-07-18T10:01:51: (node:1621556) [MONGOOSE] Warning: Duplicate schema index on {"domain":1} found. This is often due to declaring an index using both "index: true" and "schema.index()". Please remove the duplicate index definition.
(Use `node --trace-warnings ...` to show where the warning was created)
2026-07-18T10:01:52: [OK] MongoDB Atlas connected: cluster0-shard-00-02.rwmqt.mongodb.net
2026-07-18T10:01:57: [OK] Admin password synced
2026-07-18T10:01:58: [DATA-RETENTION] Starting data retention scheduler (interval: 1h)
2026-07-18T10:01:58: [REPORT-SCHEDULER] Starting report scheduler (interval: 1h)
2026-07-18T10:01:59: [Agent] Pre-compilando agentes para todas las plataformas...
2026-07-18T10:01:59:   [OK] win-x64 (15.7 MB)
2026-07-18T10:01:59:   [OK] linux-x64 (15.2 MB)
2026-07-18T10:02:00:   [OK] mac-x64 (15.5 MB)
2026-07-18T10:02:00:   [OK] mac-arm64 (14.8 MB)
2026-07-18T10:02:00: ╔══════════════════════════════════════╗
2026-07-18T10:02:00: ║     Compliance API                       ║
2026-07-18T10:02:00: ╚══════════════════════════════════════╝
2026-07-18T10:02:00: [Agent] Pre-compilación completada: 4/4 plataformas
2026-07-18T10:02:00: (node:1621715) [MONGOOSE] Warning: Duplicate schema index on {"domain":1} found. This is often due to declaring an index using both "index: true" and "schema.index()". Please remove the duplicate index definition.
(Use `node --trace-warnings ...` to show where the warning was created)
2026-07-18T10:02:02: [OK] MongoDB Atlas connected: cluster0-shard-00-02.rwmqt.mongodb.net
2026-07-18T10:02:05: [OK] Admin password synced
2026-07-18T10:02:06: [DATA-RETENTION] Starting data retention scheduler (interval: 1h)
2026-07-18T10:02:06: [REPORT-SCHEDULER] Starting report scheduler (interval: 1h)
2026-07-18T10:02:07: [Agent] Pre-compilando agentes para todas las plataformas...
2026-07-18T10:02:07:   [OK] win-x64 (15.7 MB)
2026-07-18T10:02:08:   [OK] linux-x64 (15.2 MB)
2026-07-18T10:02:08:   [OK] mac-x64 (15.5 MB)
2026-07-18T10:02:08:   [OK] mac-arm64 (14.8 MB)
2026-07-18T10:02:08: ╔══════════════════════════════════════╗
2026-07-18T10:02:08: ║     Compliance API                       ║
2026-07-18T10:02:08: ╚══════════════════════════════════════╝
2026-07-18T10:02:08: [Agent] Pre-compilación completada: 4/4 plataformas
2026-07-18T10:02:08: (node:1621860) [MONGOOSE] Warning: Duplicate schema index on {"domain":1} found. This is often due to declaring an index using both "index: true" and "schema.index()". Please remove the duplicate index definition.
(Use `node --trace-warnings ...` to show where the warning was created)
2026-07-18T10:02:10: [OK] MongoDB Atlas connected: cluster0-shard-00-02.rwmqt.mongodb.net
2026-07-18T10:02:13: [OK] Admin password synced
2026-07-18T10:02:14: [DATA-RETENTION] Starting data retention scheduler (interval: 1h)
2026-07-18T10:02:14: [REPORT-SCHEDULER] Starting report scheduler (interval: 1h)
2026-07-18T10:02:15: [Agent] Pre-compilando agentes para todas las plataformas...
2026-07-18T10:02:16:   [OK] win-x64 (15.7 MB)
2026-07-18T10:02:16:   [OK] linux-x64 (15.2 MB)
2026-07-18T10:02:16:   [OK] mac-x64 (15.5 MB)
2026-07-18T10:02:16:   [OK] mac-arm64 (14.8 MB)
2026-07-18T10:02:17: ╔══════════════════════════════════════╗
2026-07-18T10:02:17: ║     Compliance API                       ║
2026-07-18T10:02:17: ╚══════════════════════════════════════╝
2026-07-18T10:02:17: [Agent] Pre-compilación completada: 4/4 plataformas
2026-07-18T10:02:17: (node:1622000) [MONGOOSE] Warning: Duplicate schema index on {"domain":1} found. This is often due to declaring an index using both "index: true" and "schema.index()". Please remove the duplicate index definition.
(Use `node --trace-warnings ...` to show where the warning was created)
2026-07-18T10:02:18: [OK] MongoDB Atlas connected: cluster0-shard-00-01.rwmqt.mongodb.net
2026-07-18T10:02:21: [OK] Admin password synced
2026-07-18T10:02:22: [DATA-RETENTION] Starting data retention scheduler (interval: 1h)
2026-07-18T10:02:22: [REPORT-SCHEDULER] Starting report scheduler (interval: 1h)
Error: bind EADDRINUSE null:3838
    at listenOnPrimaryHandle (node:net:2022:18)
    at rr (node:internal/cluster/child:163:12)
    at Worker.<anonymous> (node:internal/cluster/child:113:7)
    at process.onInternalMessage (node:internal/cluster/utils:49:5)
    at process.emit (node:events:531:35)
    at emit (node:internal/child_process:949:14)
    at process.processTicksAndRejections (node:internal/process/task_queues:90:21)
2026-07-18T10:02:24: [Agent] Pre-compilando agentes para todas las plataformas...
2026-07-18T10:02:24:   [OK] win-x64 (15.7 MB)
2026-07-18T10:02:24:   [OK] linux-x64 (15.2 MB)
2026-07-18T10:02:25:   [OK] mac-x64 (15.5 MB)
2026-07-18T10:02:25:   [OK] mac-arm64 (14.8 MB)
2026-07-18T10:02:25: ╔══════════════════════════════════════╗
2026-07-18T10:02:25: ║     Compliance API                       ║
2026-07-18T10:02:25: ╚══════════════════════════════════════╝
2026-07-18T10:02:25: [Agent] Pre-compilación completada: 4/4 plataformas
2026-07-18T10:02:25: (node:1622166) [MONGOOSE] Warning: Duplicate schema index on {"domain":1} found. This is often due to declaring an index using both "index: true" and "schema.index()". Please remove the duplicate index definition.
(Use `node --trace-warnings ...` to show where the warning was created)
2026-07-18T10:02:27: [OK] MongoDB Atlas connected: cluster0-shard-00-00.rwmqt.mongodb.net
2026-07-18T10:02:30: [OK] Admin password synced
2026-07-18T10:02:32: [DATA-RETENTION] Starting data retention scheduler (interval: 1h)
2026-07-18T10:02:32: [REPORT-SCHEDULER] Starting report scheduler (interval: 1h)
2026-07-18T10:02:33: [Agent] Pre-compilando agentes para todas las plataformas...
2026-07-18T10:02:34:   [OK] win-x64 (15.7 MB)
2026-07-18T10:02:34:   [OK] linux-x64 (15.2 MB)
2026-07-18T10:02:35:   [OK] mac-x64 (15.5 MB)
2026-07-18T10:02:35:   [OK] mac-arm64 (14.8 MB)
2026-07-18T10:02:35: ╔══════════════════════════════════════╗
2026-07-18T10:02:35: ║     Compliance API                       ║
2026-07-18T10:02:35: ╚══════════════════════════════════════╝
2026-07-18T10:02:35: [Agent] Pre-compilación completada: 4/4 plataformas
2026-07-18T10:02:35: (node:1622384) [MONGOOSE] Warning: Duplicate schema index on {"domain":1} found. This is often due to declaring an index using both "index: true" and "schema.index()". Please remove the duplicate index definition.
(Use `node --trace-warnings ...` to show where the warning was created)
2026-07-18T10:02:37: [OK] MongoDB Atlas connected: cluster0-shard-00-00.rwmqt.mongodb.net
2026-07-18T10:02:40: [OK] Admin password synced
2026-07-18T10:02:42: [DATA-RETENTION] Starting data retention scheduler (interval: 1h)
2026-07-18T10:02:42: [REPORT-SCHEDULER] Starting report scheduler (interval: 1h)
2026-07-18T10:02:43: [Agent] Pre-compilando agentes para todas las plataformas...
2026-07-18T10:02:43:   [OK] win-x64 (15.7 MB)
2026-07-18T10:02:44:   [OK] linux-x64 (15.2 MB)
2026-07-18T10:02:44:   [OK] mac-x64 (15.5 MB)
2026-07-18T10:02:44:   [OK] mac-arm64 (14.8 MB)
2026-07-18T10:02:45: ╔══════════════════════════════════════╗
2026-07-18T10:02:45: ║     Compliance API                       ║
2026-07-18T10:02:45: ╚══════════════════════════════════════╝
2026-07-18T10:02:45: [Agent] Pre-compilación completada: 4/4 plataformas
2026-07-18T10:02:45: (node:1622597) [MONGOOSE] Warning: Duplicate schema index on {"domain":1} found. This is often due to declaring an index using both "index: true" and "schema.index()". Please remove the duplicate index definition.
(Use `node --trace-warnings ...` to show where the warning was created)
2026-07-18T10:02:46: [OK] MongoDB Atlas connected: cluster0-shard-00-01.rwmqt.mongodb.net
2026-07-18T10:02:49: [OK] Admin password synced
2026-07-18T10:02:51: [DATA-RETENTION] Starting data retention scheduler (interval: 1h)
2026-07-18T10:02:51: [REPORT-SCHEDULER] Starting report scheduler (interval: 1h)
2026-07-18T10:02:52: [Agent] Pre-compilando agentes para todas las plataformas...
2026-07-18T10:02:53:   [OK] win-x64 (15.7 MB)
2026-07-18T10:02:53:   [OK] linux-x64 (15.2 MB)
2026-07-18T10:02:54:   [OK] mac-x64 (15.5 MB)
2026-07-18T10:02:54:   [OK] mac-arm64 (14.8 MB)
2026-07-18T10:02:54: ╔══════════════════════════════════════╗
2026-07-18T10:02:54: ║     Compliance API                       ║
2026-07-18T10:02:54: ╚══════════════════════════════════════╝
2026-07-18T10:02:54: [Agent] Pre-compilación completada: 4/4 plataformas
2026-07-18T10:02:54: (node:1622760) [MONGOOSE] Warning: Duplicate schema index on {"domain":1} found. This is often due to declaring an index using both "index: true" and "schema.index()". Please remove the duplicate index definition.
(Use `node --trace-warnings ...` to show where the warning was created)
2026-07-18T10:02:56: [OK] MongoDB Atlas connected: cluster0-shard-00-02.rwmqt.mongodb.net
2026-07-18T10:02:59: [OK] Admin password synced
2026-07-18T10:03:00: [DATA-RETENTION] Starting data retention scheduler (interval: 1h)
2026-07-18T10:03:00: [REPORT-SCHEDULER] Starting report scheduler (interval: 1h)
2026-07-18T10:03:01: [Agent] Pre-compilando agentes para todas las plataformas...
2026-07-18T10:03:02:   [OK] win-x64 (15.7 MB)
2026-07-18T10:03:02:   [OK] linux-x64 (15.2 MB)
2026-07-18T10:03:02:   [OK] mac-x64 (15.5 MB)
2026-07-18T10:03:02:   [OK] mac-arm64 (14.8 MB)
2026-07-18T10:03:03: ╔══════════════════════════════════════╗
2026-07-18T10:03:03: ║     Compliance API                       ║
2026-07-18T10:03:03: ╚══════════════════════════════════════╝
2026-07-18T10:03:03: [Agent] Pre-compilación completada: 4/4 plataformas
2026-07-18T10:03:03: (node:1622908) [MONGOOSE] Warning: Duplicate schema index on {"domain":1} found. This is often due to declaring an index using both "index: true" and "schema.index()". Please remove the duplicate index definition.
(Use `node --trace-warnings ...` to show where the warning was created)
2026-07-18T10:03:04: [OK] MongoDB Atlas connected: cluster0-shard-00-01.rwmqt.mongodb.net
2026-07-18T10:03:08: [OK] Admin password synced
2026-07-18T10:03:09: [DATA-RETENTION] Starting data retention scheduler (interval: 1h)
2026-07-18T10:03:09: [REPORT-SCHEDULER] Starting report scheduler (interval: 1h)
2026-07-18T10:03:11: [Agent] Pre-compilando agentes para todas las plataformas...
2026-07-18T10:03:11:   [OK] win-x64 (15.7 MB)
2026-07-18T10:03:11:   [OK] linux-x64 (15.2 MB)
2026-07-18T10:03:12:   [OK] mac-x64 (15.5 MB)
2026-07-18T10:03:12:   [OK] mac-arm64 (14.8 MB)
2026-07-18T10:03:12: ╔══════════════════════════════════════╗
2026-07-18T10:03:12: ║     Compliance API                       ║
2026-07-18T10:03:12: ╚══════════════════════════════════════╝
2026-07-18T10:03:12: [Agent] Pre-compilación completada: 4/4 plataformas
2026-07-18T10:03:12: (node:1623054) [MONGOOSE] Warning: Duplicate schema index on {"domain":1} found. This is often due to declaring an index using both "index: true" and "schema.index()". Please remove the duplicate index definition.
(Use `node --trace-warnings ...` to show where the warning was created)
2026-07-18T10:03:13: [OK] MongoDB Atlas connected: cluster0-shard-00-00.rwmqt.mongodb.net
2026-07-18T10:03:17: [OK] Admin password synced
2026-07-18T10:03:18: [DATA-RETENTION] Starting data retention scheduler (interval: 1h)
2026-07-18T10:03:18: [REPORT-SCHEDULER] Starting report scheduler (interval: 1h)
2026-07-18T10:03:19: [Agent] Pre-compilando agentes para todas las plataformas...
2026-07-18T10:03:19:   [OK] win-x64 (15.7 MB)
2026-07-18T10:03:20:   [OK] linux-x64 (15.2 MB)
2026-07-18T10:03:20:   [OK] mac-x64 (15.5 MB)
2026-07-18T10:03:20:   [OK] mac-arm64 (14.8 MB)
2026-07-18T10:03:20: ╔══════════════════════════════════════╗
2026-07-18T10:03:20: ║     Compliance API                       ║
2026-07-18T10:03:20: ╚══════════════════════════════════════╝
2026-07-18T10:03:20: [Agent] Pre-compilación completada: 4/4 plataformas
2026-07-18T10:03:20: (node:1623201) [MONGOOSE] Warning: Duplicate schema index on {"domain":1} found. This is often due to declaring an index using both "index: true" and "schema.index()". Please remove the duplicate index definition.
(Use `node --trace-warnings ...` to show where the warning was created)
2026-07-18T10:03:22: [OK] MongoDB Atlas connected: cluster0-shard-00-00.rwmqt.mongodb.net
2026-07-18T10:03:25: [OK] Admin password synced
2026-07-18T10:03:26: [DATA-RETENTION] Starting data retention scheduler (interval: 1h)
2026-07-18T10:03:26: [REPORT-SCHEDULER] Starting report scheduler (interval: 1h)
2026-07-18T10:03:27: [Agent] Pre-compilando agentes para todas las plataformas...
2026-07-18T10:03:28:   [OK] win-x64 (15.7 MB)
2026-07-18T10:03:28:   [OK] linux-x64 (15.2 MB)
2026-07-18T10:03:28:   [OK] mac-x64 (15.5 MB)
2026-07-18T10:03:29:   [OK] mac-arm64 (14.8 MB)
2026-07-18T10:03:29: ╔══════════════════════════════════════╗
2026-07-18T10:03:29: ║     Compliance API                       ║
2026-07-18T10:03:29: ╚══════════════════════════════════════╝
2026-07-18T10:03:29: [Agent] Pre-compilación completada: 4/4 plataformas
2026-07-18T10:03:29: (node:1623344) [MONGOOSE] Warning: Duplicate schema index on {"domain":1} found. This is often due to declaring an index using both "index: true" and "schema.index()". Please remove the duplicate index definition.
(Use `node --trace-warnings ...` to show where the warning was created)
2026-07-18T10:03:30: [OK] MongoDB Atlas connected: cluster0-shard-00-01.rwmqt.mongodb.net
2026-07-18T10:03:34: [OK] Admin password synced
2026-07-18T10:03:35: [DATA-RETENTION] Starting data retention scheduler (interval: 1h)
2026-07-18T10:03:35: [REPORT-SCHEDULER] Starting report scheduler (interval: 1h)
2026-07-18T10:03:36: [Agent] Pre-compilando agentes para todas las plataformas...
2026-07-18T10:03:36:   [OK] win-x64 (15.7 MB)
2026-07-18T10:03:37:   [OK] linux-x64 (15.2 MB)
2026-07-18T10:03:37:   [OK] mac-x64 (15.5 MB)
2026-07-18T10:03:37:   [OK] mac-arm64 (14.8 MB)
2026-07-18T10:03:37: ╔══════════════════════════════════════╗
2026-07-18T10:03:37: ║     Compliance API                       ║
2026-07-18T10:03:37: ╚══════════════════════════════════════╝
2026-07-18T10:03:37: [Agent] Pre-compilación completada: 4/4 plataformas
2026-07-18T10:03:37: (node:1623483) [MONGOOSE] Warning: Duplicate schema index on {"domain":1} found. This is often due to declaring an index using both "index: true" and "schema.index()". Please remove the duplicate index definition.
(Use `node --trace-warnings ...` to show where the warning was created)
2026-07-18T10:03:39: [OK] MongoDB Atlas connected: cluster0-shard-00-02.rwmqt.mongodb.net
2026-07-18T10:03:42: [OK] Admin password synced
2026-07-18T10:03:43: [DATA-RETENTION] Starting data retention scheduler (interval: 1h)
2026-07-18T10:03:43: [REPORT-SCHEDULER] Starting report scheduler (interval: 1h)
2026-07-18T10:03:45: [Agent] Pre-compilando agentes para todas las plataformas...
2026-07-18T10:03:45:   [OK] win-x64 (15.7 MB)
2026-07-18T10:03:45:   [OK] linux-x64 (15.2 MB)
2026-07-18T10:03:46:   [OK] mac-x64 (15.5 MB)
2026-07-18T10:03:46:   [OK] mac-arm64 (14.8 MB)
2026-07-18T10:03:46: ╔══════════════════════════════════════╗
2026-07-18T10:03:46: ║     Compliance API                       ║
2026-07-18T10:03:46: ╚══════════════════════════════════════╝
2026-07-18T10:03:46: [Agent] Pre-compilación completada: 4/4 plataformas
2026-07-18T10:03:46: (node:1623626) [MONGOOSE] Warning: Duplicate schema index on {"domain":1} found. This is often due to declaring an index using both "index: true" and "schema.index()". Please remove the duplicate index definition.
(Use `node --trace-warnings ...` to show where the warning was created)
2026-07-18T10:03:48: [OK] MongoDB Atlas connected: cluster0-shard-00-01.rwmqt.mongodb.net
2026-07-18T10:03:51: [OK] Admin password synced
2026-07-18T10:03:52: [DATA-RETENTION] Starting data retention scheduler (interval: 1h)
2026-07-18T10:03:52: [REPORT-SCHEDULER] Starting report scheduler (interval: 1h)
2026-07-18T10:03:53: [Agent] Pre-compilando agentes para todas las plataformas...
2026-07-18T10:03:54:   [OK] win-x64 (15.7 MB)
2026-07-18T10:03:54:   [OK] linux-x64 (15.2 MB)
2026-07-18T10:03:54:   [OK] mac-x64 (15.5 MB)
2026-07-18T10:03:55:   [OK] mac-arm64 (14.8 MB)
2026-07-18T10:03:55: ╔══════════════════════════════════════╗
2026-07-18T10:03:55: ║     Compliance API                       ║
2026-07-18T10:03:55: ╚══════════════════════════════════════╝
2026-07-18T10:03:55: [Agent] Pre-compilación completada: 4/4 plataformas
2026-07-18T10:03:55: (node:1623768) [MONGOOSE] Warning: Duplicate schema index on {"domain":1} found. This is often due to declaring an index using both "index: true" and "schema.index()". Please remove the duplicate index definition.
(Use `node --trace-warnings ...` to show where the warning was created)
2026-07-18T10:03:56: [OK] MongoDB Atlas connected: cluster0-shard-00-00.rwmqt.mongodb.net
2026-07-18T10:04:00: [OK] Admin password synced
2026-07-18T10:04:00: [DATA-RETENTION] Starting data retention scheduler (interval: 1h)
2026-07-18T10:04:00: [REPORT-SCHEDULER] Starting report scheduler (interval: 1h)
2026-07-18T10:04:02: [Agent] Pre-compilando agentes para todas las plataformas...
2026-07-18T10:04:02:   [OK] win-x64 (15.7 MB)
2026-07-18T10:04:02:   [OK] linux-x64 (15.2 MB)
2026-07-18T10:04:03:   [OK] mac-x64 (15.5 MB)
2026-07-18T10:04:03:   [OK] mac-arm64 (14.8 MB)
2026-07-18T10:04:03: ╔══════════════════════════════════════╗
2026-07-18T10:04:03: ║     Compliance API                       ║
2026-07-18T10:04:03: ╚══════════════════════════════════════╝
2026-07-18T10:04:03: [Agent] Pre-compilación completada: 4/4 plataformas
2026-07-18T10:04:03: (node:1623915) [MONGOOSE] Warning: Duplicate schema index on {"domain":1} found. This is often due to declaring an index using both "index: true" and "schema.index()". Please remove the duplicate index definition.
(Use `node --trace-warnings ...` to show where the warning was created)
2026-07-18T10:04:05: [OK] MongoDB Atlas connected: cluster0-shard-00-02.rwmqt.mongodb.net
2026-07-18T10:04:08: [OK] Admin password synced
2026-07-18T10:04:10: [DATA-RETENTION] Starting data retention scheduler (interval: 1h)
2026-07-18T10:04:10: [REPORT-SCHEDULER] Starting report scheduler (interval: 1h)
2026-07-18T10:04:11: [Agent] Pre-compilando agentes para todas las plataformas...
2026-07-18T10:04:11:   [OK] win-x64 (15.7 MB)
2026-07-18T10:04:12:   [OK] linux-x64 (15.2 MB)
2026-07-18T10:04:12:   [OK] mac-x64 (15.5 MB)
2026-07-18T10:04:12:   [OK] mac-arm64 (14.8 MB)
2026-07-18T10:04:12: ╔══════════════════════════════════════╗
2026-07-18T10:04:12: ║     Compliance API                       ║
2026-07-18T10:04:12: ╚══════════════════════════════════════╝
2026-07-18T10:04:12: [Agent] Pre-compilación completada: 4/4 plataformas
2026-07-18T10:04:12: (node:1624060) [MONGOOSE] Warning: Duplicate schema index on {"domain":1} found. This is often due to declaring an index using both "index: true" and "schema.index()". Please remove the duplicate index definition.
(Use `node --trace-warnings ...` to show where the warning was created)
2026-07-18T10:04:14: [OK] MongoDB Atlas connected: cluster0-shard-00-02.rwmqt.mongodb.net
2026-07-18T10:04:17: [OK] Admin password synced
2026-07-18T10:04:18: [DATA-RETENTION] Starting data retention scheduler (interval: 1h)
2026-07-18T10:04:18: [REPORT-SCHEDULER] Starting report scheduler (interval: 1h)
2026-07-18T10:04:19: [Agent] Pre-compilando agentes para todas las plataformas...
2026-07-18T10:04:20:   [OK] win-x64 (15.7 MB)
2026-07-18T10:04:20:   [OK] linux-x64 (15.2 MB)
2026-07-18T10:04:20:   [OK] mac-x64 (15.5 MB)
2026-07-18T10:04:21:   [OK] mac-arm64 (14.8 MB)
2026-07-18T10:04:21: ╔══════════════════════════════════════╗
2026-07-18T10:04:21: ║     Compliance API                       ║
2026-07-18T10:04:21: ╚══════════════════════════════════════╝
2026-07-18T10:04:21: [Agent] Pre-compilación completada: 4/4 plataformas
2026-07-18T10:04:21: (node:1624201) [MONGOOSE] Warning: Duplicate schema index on {"domain":1} found. This is often due to declaring an index using both "index: true" and "schema.index()". Please remove the duplicate index definition.
(Use `node --trace-warnings ...` to show where the warning was created)
2026-07-18T10:04:22: [OK] MongoDB Atlas connected: cluster0-shard-00-01.rwmqt.mongodb.net
2026-07-18T10:04:25: [OK] Admin password synced
2026-07-18T10:04:26: [DATA-RETENTION] Starting data retention scheduler (interval: 1h)
2026-07-18T10:04:26: [REPORT-SCHEDULER] Starting report scheduler (interval: 1h)
2026-07-18T10:04:28: [Agent] Pre-compilando agentes para todas las plataformas...
2026-07-18T10:04:28:   [OK] win-x64 (15.7 MB)
2026-07-18T10:04:28:   [OK] linux-x64 (15.2 MB)
2026-07-18T10:04:29:   [OK] mac-x64 (15.5 MB)
2026-07-18T10:04:29:   [OK] mac-arm64 (14.8 MB)
2026-07-18T10:04:29: ╔══════════════════════════════════════╗
2026-07-18T10:04:29: ║     Compliance API                       ║
2026-07-18T10:04:29: ╚══════════════════════════════════════╝
2026-07-18T10:04:29: [Agent] Pre-compilación completada: 4/4 plataformas
2026-07-18T10:04:29: (node:1624344) [MONGOOSE] Warning: Duplicate schema index on {"domain":1} found. This is often due to declaring an index using both "index: true" and "schema.index()". Please remove the duplicate index definition.
(Use `node --trace-warnings ...` to show where the warning was created)
2026-07-18T10:04:31: [OK] MongoDB Atlas connected: cluster0-shard-00-02.rwmqt.mongodb.net
2026-07-18T10:04:34: [OK] Admin password synced
2026-07-18T10:04:36: [DATA-RETENTION] Starting data retention scheduler (interval: 1h)
2026-07-18T10:04:36: [REPORT-SCHEDULER] Starting report scheduler (interval: 1h)
2026-07-18T10:04:37: [Agent] Pre-compilando agentes para todas las plataformas...
2026-07-18T10:04:37:   [OK] win-x64 (15.7 MB)
2026-07-18T10:04:38:   [OK] linux-x64 (15.2 MB)
2026-07-18T10:04:38:   [OK] mac-x64 (15.5 MB)
2026-07-18T10:04:38:   [OK] mac-arm64 (14.8 MB)
2026-07-18T10:04:39: ╔══════════════════════════════════════╗
2026-07-18T10:04:39: ║     Compliance API                       ║
2026-07-18T10:04:39: ╚══════════════════════════════════════╝
2026-07-18T10:04:39: [Agent] Pre-compilación completada: 4/4 plataformas
2026-07-18T10:04:39: (node:1624486) [MONGOOSE] Warning: Duplicate schema index on {"domain":1} found. This is often due to declaring an index using both "index: true" and "schema.index()". Please remove the duplicate index definition.
(Use `node --trace-warnings ...` to show where the warning was created)
2026-07-18T10:04:40: [OK] MongoDB Atlas connected: cluster0-shard-00-02.rwmqt.mongodb.net
2026-07-18T10:04:43: [OK] Admin password synced
2026-07-18T10:04:44: [DATA-RETENTION] Starting data retention scheduler (interval: 1h)
2026-07-18T10:04:44: [REPORT-SCHEDULER] Starting report scheduler (interval: 1h)
2026-07-18T10:04:46: [Agent] Pre-compilando agentes para todas las plataformas...
2026-07-18T10:04:46:   [OK] win-x64 (15.7 MB)
2026-07-18T10:04:46:   [OK] linux-x64 (15.2 MB)
2026-07-18T10:04:47:   [OK] mac-x64 (15.5 MB)
2026-07-18T10:04:47:   [OK] mac-arm64 (14.8 MB)
2026-07-18T10:04:47: ╔══════════════════════════════════════╗
2026-07-18T10:04:47: ║     Compliance API                       ║
2026-07-18T10:04:47: ╚══════════════════════════════════════╝
2026-07-18T10:04:47: [Agent] Pre-compilación completada: 4/4 plataformas
2026-07-18T10:04:47: (node:1624629) [MONGOOSE] Warning: Duplicate schema index on {"domain":1} found. This is often due to declaring an index using both "index: true" and "schema.index()". Please remove the duplicate index definition.
(Use `node --trace-warnings ...` to show where the warning was created)
2026-07-18T10:04:48: [OK] MongoDB Atlas connected: cluster0-shard-00-02.rwmqt.mongodb.net
2026-07-18T10:04:52: [OK] Admin password synced
2026-07-18T10:04:53: [DATA-RETENTION] Starting data retention scheduler (interval: 1h)
2026-07-18T10:04:53: [REPORT-SCHEDULER] Starting report scheduler (interval: 1h)
2026-07-18T10:04:54: [Agent] Pre-compilando agentes para todas las plataformas...
2026-07-18T10:04:54:   [OK] win-x64 (15.7 MB)
2026-07-18T10:04:54:   [OK] linux-x64 (15.2 MB)
2026-07-18T10:04:55:   [OK] mac-x64 (15.5 MB)
2026-07-18T10:04:55:   [OK] mac-arm64 (14.8 MB)
2026-07-18T10:04:55: ╔══════════════════════════════════════╗
2026-07-18T10:04:55: ║     Compliance API                       ║
2026-07-18T10:04:55: ╚══════════════════════════════════════╝
2026-07-18T10:04:55: [Agent] Pre-compilación completada: 4/4 plataformas
2026-07-18T10:04:55: (node:1624775) [MONGOOSE] Warning: Duplicate schema index on {"domain":1} found. This is often due to declaring an index using both "index: true" and "schema.index()". Please remove the duplicate index definition.
(Use `node --trace-warnings ...` to show where the warning was created)
2026-07-18T10:04:57: [OK] MongoDB Atlas connected: cluster0-shard-00-02.rwmqt.mongodb.net
2026-07-18T10:05:00: [OK] Admin password synced
2026-07-18T10:05:02: [DATA-RETENTION] Starting data retention scheduler (interval: 1h)
2026-07-18T10:05:02: [REPORT-SCHEDULER] Starting report scheduler (interval: 1h)
2026-07-18T10:05:03: [Agent] Pre-compilando agentes para todas las plataformas...
2026-07-18T10:05:04:   [OK] win-x64 (15.7 MB)
2026-07-18T10:05:04:   [OK] linux-x64 (15.2 MB)
2026-07-18T10:05:04:   [OK] mac-x64 (15.5 MB)
2026-07-18T10:05:05:   [OK] mac-arm64 (14.8 MB)
2026-07-18T10:05:05: ╔══════════════════════════════════════╗
2026-07-18T10:05:05: ║     Compliance API                       ║
2026-07-18T10:05:05: ╚══════════════════════════════════════╝
2026-07-18T10:05:05: [Agent] Pre-compilación completada: 4/4 plataformas
2026-07-18T10:05:05: (node:1624925) [MONGOOSE] Warning: Duplicate schema index on {"domain":1} found. This is often due to declaring an index using both "index: true" and "schema.index()". Please remove the duplicate index definition.
(Use `node --trace-warnings ...` to show where the warning was created)
2026-07-18T10:05:06: [OK] MongoDB Atlas connected: cluster0-shard-00-00.rwmqt.mongodb.net
2026-07-18T10:05:10: [OK] Admin password synced
2026-07-18T10:05:10: [DATA-RETENTION] Starting data retention scheduler (interval: 1h)
2026-07-18T10:05:10: [REPORT-SCHEDULER] Starting report scheduler (interval: 1h)
2026-07-18T10:05:12: [Agent] Pre-compilando agentes para todas las plataformas...
2026-07-18T10:05:12:   [OK] win-x64 (15.7 MB)
2026-07-18T10:05:13:   [OK] linux-x64 (15.2 MB)
2026-07-18T10:05:13:   [OK] mac-x64 (15.5 MB)
2026-07-18T10:05:13:   [OK] mac-arm64 (14.8 MB)
2026-07-18T10:05:13: ╔══════════════════════════════════════╗
2026-07-18T10:05:13: ║     Compliance API                       ║
2026-07-18T10:05:13: ╚══════════════════════════════════════╝
2026-07-18T10:05:13: [Agent] Pre-compilación completada: 4/4 plataformas
2026-07-18T10:05:13: (node:1625067) [MONGOOSE] Warning: Duplicate schema index on {"domain":1} found. This is often due to declaring an index using both "index: true" and "schema.index()". Please remove the duplicate index definition.
(Use `node --trace-warnings ...` to show where the warning was created)
2026-07-18T10:05:15: [OK] MongoDB Atlas connected: cluster0-shard-00-01.rwmqt.mongodb.net
2026-07-18T10:05:18: [OK] Admin password synced
2026-07-18T10:05:19: [DATA-RETENTION] Starting data retention scheduler (interval: 1h)
2026-07-18T10:05:19: [REPORT-SCHEDULER] Starting report scheduler (interval: 1h)
2026-07-18T10:05:20: [Agent] Pre-compilando agentes para todas las plataformas...
2026-07-18T10:05:21:   [OK] win-x64 (15.7 MB)
2026-07-18T10:05:21:   [OK] linux-x64 (15.2 MB)
2026-07-18T10:05:21:   [OK] mac-x64 (15.5 MB)
2026-07-18T10:05:22:   [OK] mac-arm64 (14.8 MB)
2026-07-18T10:05:22: ╔══════════════════════════════════════╗
2026-07-18T10:05:22: ║     Compliance API                       ║
2026-07-18T10:05:22: ╚══════════════════════════════════════╝
2026-07-18T10:05:22: [Agent] Pre-compilación completada: 4/4 plataformas
2026-07-18T10:05:22: (node:1625218) [MONGOOSE] Warning: Duplicate schema index on {"domain":1} found. This is often due to declaring an index using both "index: true" and "schema.index()". Please remove the duplicate index definition.
(Use `node --trace-warnings ...` to show where the warning was created)
2026-07-18T10:05:23: [OK] MongoDB Atlas connected: cluster0-shard-00-02.rwmqt.mongodb.net
2026-07-18T10:05:27: [OK] Admin password synced
2026-07-18T10:05:28: [DATA-RETENTION] Starting data retention scheduler (interval: 1h)
2026-07-18T10:05:28: [REPORT-SCHEDULER] Starting report scheduler (interval: 1h)
2026-07-18T10:05:30: [Agent] Pre-compilando agentes para todas las plataformas...
2026-07-18T10:05:30:   [OK] win-x64 (15.7 MB)
2026-07-18T10:05:31:   [OK] linux-x64 (15.2 MB)
2026-07-18T10:05:31:   [OK] mac-x64 (15.5 MB)
2026-07-18T10:05:31:   [OK] mac-arm64 (14.8 MB)
2026-07-18T10:05:31: ╔══════════════════════════════════════╗
2026-07-18T10:05:31: ║     Compliance API                       ║
2026-07-18T10:05:31: ╚══════════════════════════════════════╝
2026-07-18T10:05:31: [Agent] Pre-compilación completada: 4/4 plataformas
2026-07-18T10:05:31: (node:1625365) [MONGOOSE] Warning: Duplicate schema index on {"domain":1} found. This is often due to declaring an index using both "index: true" and "schema.index()". Please remove the duplicate index definition.
(Use `node --trace-warnings ...` to show where the warning was created)
2026-07-18T10:05:33: [OK] MongoDB Atlas connected: cluster0-shard-00-01.rwmqt.mongodb.net
2026-07-18T10:05:36: [OK] Admin password synced
2026-07-18T10:05:38: [DATA-RETENTION] Starting data retention scheduler (interval: 1h)
2026-07-18T10:05:38: [REPORT-SCHEDULER] Starting report scheduler (interval: 1h)
2026-07-18T10:05:39: [Agent] Pre-compilando agentes para todas las plataformas...
2026-07-18T10:05:40:   [OK] win-x64 (15.7 MB)
2026-07-18T10:05:40:   [OK] linux-x64 (15.2 MB)
2026-07-18T10:05:40:   [OK] mac-x64 (15.5 MB)
2026-07-18T10:05:41:   [OK] mac-arm64 (14.8 MB)
2026-07-18T10:05:41: ╔══════════════════════════════════════╗
2026-07-18T10:05:41: ║     Compliance API                       ║
2026-07-18T10:05:41: ╚══════════════════════════════════════╝
2026-07-18T10:05:41: [Agent] Pre-compilación completada: 4/4 plataformas
2026-07-18T10:05:41: (node:1625509) [MONGOOSE] Warning: Duplicate schema index on {"domain":1} found. This is often due to declaring an index using both "index: true" and "schema.index()". Please remove the duplicate index definition.
(Use `node --trace-warnings ...` to show where the warning was created)
2026-07-18T10:05:42: [OK] MongoDB Atlas connected: cluster0-shard-00-00.rwmqt.mongodb.net
2026-07-18T10:05:46: [OK] Admin password synced
2026-07-18T10:05:47: [DATA-RETENTION] Starting data retention scheduler (interval: 1h)
2026-07-18T10:05:47: [REPORT-SCHEDULER] Starting report scheduler (interval: 1h)
2026-07-18T10:05:48: [Agent] Pre-compilando agentes para todas las plataformas...
2026-07-18T10:05:48:   [OK] win-x64 (15.7 MB)
2026-07-18T10:05:49:   [OK] linux-x64 (15.2 MB)
2026-07-18T10:05:49:   [OK] mac-x64 (15.5 MB)
2026-07-18T10:05:49:   [OK] mac-arm64 (14.8 MB)
2026-07-18T10:05:49: ╔══════════════════════════════════════╗
2026-07-18T10:05:49: ║     Compliance API                       ║
2026-07-18T10:05:49: ╚══════════════════════════════════════╝
2026-07-18T10:05:49: [Agent] Pre-compilación completada: 4/4 plataformas
2026-07-18T10:05:49: (node:1625662) [MONGOOSE] Warning: Duplicate schema index on {"domain":1} found. This is often due to declaring an index using both "index: true" and "schema.index()". Please remove the duplicate index definition.
(Use `node --trace-warnings ...` to show where the warning was created)
2026-07-18T10:05:51: [OK] MongoDB Atlas connected: cluster0-shard-00-02.rwmqt.mongodb.net
2026-07-18T10:05:54: [OK] Admin password synced
2026-07-18T10:05:55: [DATA-RETENTION] Starting data retention scheduler (interval: 1h)
2026-07-18T10:05:55: [REPORT-SCHEDULER] Starting report scheduler (interval: 1h)
2026-07-18T10:05:57: [Agent] Pre-compilando agentes para todas las plataformas...
2026-07-18T10:05:57:   [OK] win-x64 (15.7 MB)
2026-07-18T10:05:57:   [OK] linux-x64 (15.2 MB)
2026-07-18T10:05:58:   [OK] mac-x64 (15.5 MB)
2026-07-18T10:05:58:   [OK] mac-arm64 (14.8 MB)
2026-07-18T10:05:58: ╔══════════════════════════════════════╗
2026-07-18T10:05:58: ║     Compliance API                       ║
2026-07-18T10:05:58: ╚══════════════════════════════════════╝
2026-07-18T10:05:58: [Agent] Pre-compilación completada: 4/4 plataformas
2026-07-18T10:05:58: (node:1625804) [MONGOOSE] Warning: Duplicate schema index on {"domain":1} found. This is often due to declaring an index using both "index: true" and "schema.index()". Please remove the duplicate index definition.
(Use `node --trace-warnings ...` to show where the warning was created)
2026-07-18T10:06:01: [OK] MongoDB Atlas connected: cluster0-shard-00-00.rwmqt.mongodb.net
2026-07-18T10:06:05: [OK] Admin password synced
2026-07-18T10:06:06: [DATA-RETENTION] Starting data retention scheduler (interval: 1h)
2026-07-18T10:06:06: [REPORT-SCHEDULER] Starting report scheduler (interval: 1h)
2026-07-18T10:06:08: [Agent] Pre-compilando agentes para todas las plataformas...
2026-07-18T10:06:08:   [OK] win-x64 (15.7 MB)
2026-07-18T10:06:09:   [OK] linux-x64 (15.2 MB)
2026-07-18T10:06:10:   [OK] mac-x64 (15.5 MB)
2026-07-18T10:06:10:   [OK] mac-arm64 (14.8 MB)
2026-07-18T10:06:10: ╔══════════════════════════════════════╗
2026-07-18T10:06:10: ║     Compliance API                       ║
2026-07-18T10:06:10: ╚══════════════════════════════════════╝
2026-07-18T10:06:10: [Agent] Pre-compilación completada: 4/4 plataformas
2026-07-18T10:06:10: (node:1626020) [MONGOOSE] Warning: Duplicate schema index on {"domain":1} found. This is often due to declaring an index using both "index: true" and "schema.index()". Please remove the duplicate index definition.
(Use `node --trace-warnings ...` to show where the warning was created)
2026-07-18T10:06:12: [OK] MongoDB Atlas connected: cluster0-shard-00-02.rwmqt.mongodb.net
2026-07-18T10:06:15: [OK] Admin password synced
2026-07-18T10:06:17: [DATA-RETENTION] Starting data retention scheduler (interval: 1h)
2026-07-18T10:06:17: [REPORT-SCHEDULER] Starting report scheduler (interval: 1h)
2026-07-18T10:06:18: [Agent] Pre-compilando agentes para todas las plataformas...
2026-07-18T10:06:19:   [OK] win-x64 (15.7 MB)
2026-07-18T10:06:19:   [OK] linux-x64 (15.2 MB)
2026-07-18T10:06:19:   [OK] mac-x64 (15.5 MB)
2026-07-18T10:06:20:   [OK] mac-arm64 (14.8 MB)
2026-07-18T10:06:20: ╔══════════════════════════════════════╗
2026-07-18T10:06:20: ║     Compliance API                       ║
2026-07-18T10:06:20: ╚══════════════════════════════════════╝
2026-07-18T10:06:20: [Agent] Pre-compilación completada: 4/4 plataformas
2026-07-18T10:06:20: (node:1626246) [MONGOOSE] Warning: Duplicate schema index on {"domain":1} found. This is often due to declaring an index using both "index: true" and "schema.index()". Please remove the duplicate index definition.
(Use `node --trace-warnings ...` to show where the warning was created)
2026-07-18T10:06:21: [OK] MongoDB Atlas connected: cluster0-shard-00-01.rwmqt.mongodb.net
2026-07-18T10:06:25: [OK] Admin password synced
2026-07-18T10:06:27: [DATA-RETENTION] Starting data retention scheduler (interval: 1h)
2026-07-18T10:06:27: [REPORT-SCHEDULER] Starting report scheduler (interval: 1h)
2026-07-18T10:06:28: [Agent] Pre-compilando agentes para todas las plataformas...
2026-07-18T10:06:28:   [OK] win-x64 (15.7 MB)
2026-07-18T10:06:29:   [OK] linux-x64 (15.2 MB)
2026-07-18T10:06:29:   [OK] mac-x64 (15.5 MB)
2026-07-18T10:06:29:   [OK] mac-arm64 (14.8 MB)
2026-07-18T10:06:29: ╔══════════════════════════════════════╗
2026-07-18T10:06:29: ║     Compliance API                       ║
2026-07-18T10:06:29: ╚══════════════════════════════════════╝
2026-07-18T10:06:29: [Agent] Pre-compilación completada: 4/4 plataformas
2026-07-18T10:06:29: (node:1626398) [MONGOOSE] Warning: Duplicate schema index on {"domain":1} found. This is often due to declaring an index using both "index: true" and "schema.index()". Please remove the duplicate index definition.
(Use `node --trace-warnings ...` to show where the warning was created)
2026-07-18T10:06:31: [OK] MongoDB Atlas connected: cluster0-shard-00-00.rwmqt.mongodb.net
2026-07-18T10:06:34: [OK] Admin password synced
2026-07-18T10:06:35: [DATA-RETENTION] Starting data retention scheduler (interval: 1h)
2026-07-18T10:06:35: [REPORT-SCHEDULER] Starting report scheduler (interval: 1h)
2026-07-18T10:06:36: [Agent] Pre-compilando agentes para todas las plataformas...
2026-07-18T10:06:37:   [OK] win-x64 (15.7 MB)
2026-07-18T10:06:37:   [OK] linux-x64 (15.2 MB)
2026-07-18T10:06:37:   [OK] mac-x64 (15.5 MB)
2026-07-18T10:06:38:   [OK] mac-arm64 (14.8 MB)
2026-07-18T10:06:38: ╔══════════════════════════════════════╗
2026-07-18T10:06:38: ║     Compliance API                       ║
2026-07-18T10:06:38: ╚══════════════════════════════════════╝
2026-07-18T10:06:38: [Agent] Pre-compilación completada: 4/4 plataformas
2026-07-18T10:06:38: (node:1626544) [MONGOOSE] Warning: Duplicate schema index on {"domain":1} found. This is often due to declaring an index using both "index: true" and "schema.index()". Please remove the duplicate index definition.
(Use `node --trace-warnings ...` to show where the warning was created)
2026-07-18T10:06:39: [OK] MongoDB Atlas connected: cluster0-shard-00-00.rwmqt.mongodb.net
2026-07-18T10:06:43: [OK] Admin password synced
2026-07-18T10:06:44: [DATA-RETENTION] Starting data retention scheduler (interval: 1h)
2026-07-18T10:06:44: [REPORT-SCHEDULER] Starting report scheduler (interval: 1h)
2026-07-18T10:06:46: [Agent] Pre-compilando agentes para todas las plataformas...
2026-07-18T10:06:46:   [OK] win-x64 (15.7 MB)
2026-07-18T10:06:46:   [OK] linux-x64 (15.2 MB)
2026-07-18T10:06:47:   [OK] mac-x64 (15.5 MB)
2026-07-18T10:06:47:   [OK] mac-arm64 (14.8 MB)
2026-07-18T10:06:47: ╔══════════════════════════════════════╗
2026-07-18T10:06:47: ║     Compliance API                       ║
2026-07-18T10:06:47: ╚══════════════════════════════════════╝
2026-07-18T10:06:47: [Agent] Pre-compilación completada: 4/4 plataformas
2026-07-18T10:06:47: (node:1626684) [MONGOOSE] Warning: Duplicate schema index on {"domain":1} found. This is often due to declaring an index using both "index: true" and "schema.index()". Please remove the duplicate index definition.
(Use `node --trace-warnings ...` to show where the warning was created)
2026-07-18T10:06:48: [OK] MongoDB Atlas connected: cluster0-shard-00-01.rwmqt.mongodb.net
2026-07-18T10:06:52: [OK] Admin password synced
2026-07-18T10:06:53: [DATA-RETENTION] Starting data retention scheduler (interval: 1h)
2026-07-18T10:06:53: [REPORT-SCHEDULER] Starting report scheduler (interval: 1h)
2026-07-18T10:06:54: [Agent] Pre-compilando agentes para todas las plataformas...
2026-07-18T10:06:54:   [OK] win-x64 (15.7 MB)
2026-07-18T10:06:55:   [OK] linux-x64 (15.2 MB)
2026-07-18T10:06:55:   [OK] mac-x64 (15.5 MB)
2026-07-18T10:06:55:   [OK] mac-arm64 (14.8 MB)
2026-07-18T10:06:55: ╔══════════════════════════════════════╗
2026-07-18T10:06:55: ║     Compliance API                       ║
2026-07-18T10:06:55: ╚══════════════════════════════════════╝
2026-07-18T10:06:55: [Agent] Pre-compilación completada: 4/4 plataformas
2026-07-18T10:06:55: (node:1626826) [MONGOOSE] Warning: Duplicate schema index on {"domain":1} found. This is often due to declaring an index using both "index: true" and "schema.index()". Please remove the duplicate index definition.
(Use `node --trace-warnings ...` to show where the warning was created)
2026-07-18T10:06:57: [OK] MongoDB Atlas connected: cluster0-shard-00-01.rwmqt.mongodb.net
2026-07-18T10:07:00: [OK] Admin password synced
2026-07-18T10:07:01: [DATA-RETENTION] Starting data retention scheduler (interval: 1h)
2026-07-18T10:07:01: [REPORT-SCHEDULER] Starting report scheduler (interval: 1h)
2026-07-18T10:07:03: [Agent] Pre-compilando agentes para todas las plataformas...
2026-07-18T10:07:03:   [OK] win-x64 (15.7 MB)
2026-07-18T10:07:03:   [OK] linux-x64 (15.2 MB)
2026-07-18T10:07:04:   [OK] mac-x64 (15.5 MB)
2026-07-18T10:07:04:   [OK] mac-arm64 (14.8 MB)
2026-07-18T10:07:04: ╔══════════════════════════════════════╗
2026-07-18T10:07:04: ║     Compliance API                       ║
2026-07-18T10:07:04: ╚══════════════════════════════════════╝
2026-07-18T10:07:04: [Agent] Pre-compilación completada: 4/4 plataformas
2026-07-18T10:07:04: (node:1626975) [MONGOOSE] Warning: Duplicate schema index on {"domain":1} found. This is often due to declaring an index using both "index: true" and "schema.index()". Please remove the duplicate index definition.
(Use `node --trace-warnings ...` to show where the warning was created)
2026-07-18T10:07:06: [OK] MongoDB Atlas connected: cluster0-shard-00-01.rwmqt.mongodb.net
2026-07-18T10:07:09: [OK] Admin password synced
2026-07-18T10:07:10: [DATA-RETENTION] Starting data retention scheduler (interval: 1h)
2026-07-18T10:07:10: [REPORT-SCHEDULER] Starting report scheduler (interval: 1h)
2026-07-18T10:07:11: [Agent] Pre-compilando agentes para todas las plataformas...
2026-07-18T10:07:12:   [OK] win-x64 (15.7 MB)
2026-07-18T10:07:12:   [OK] linux-x64 (15.2 MB)
2026-07-18T10:07:12:   [OK] mac-x64 (15.5 MB)
2026-07-18T10:07:13:   [OK] mac-arm64 (14.8 MB)
2026-07-18T10:07:13: ╔══════════════════════════════════════╗
2026-07-18T10:07:13: ║     Compliance API                       ║
2026-07-18T10:07:13: ╚══════════════════════════════════════╝
2026-07-18T10:07:13: [Agent] Pre-compilación completada: 4/4 plataformas
2026-07-18T10:07:13: (node:1627114) [MONGOOSE] Warning: Duplicate schema index on {"domain":1} found. This is often due to declaring an index using both "index: true" and "schema.index()". Please remove the duplicate index definition.
(Use `node --trace-warnings ...` to show where the warning was created)
2026-07-18T10:07:14: [OK] MongoDB Atlas connected: cluster0-shard-00-01.rwmqt.mongodb.net
2026-07-18T10:07:18: [OK] Admin password synced
2026-07-18T10:07:19: [DATA-RETENTION] Starting data retention scheduler (interval: 1h)
2026-07-18T10:07:19: [REPORT-SCHEDULER] Starting report scheduler (interval: 1h)
2026-07-18T10:07:20: [Agent] Pre-compilando agentes para todas las plataformas...
2026-07-18T10:07:20:   [OK] win-x64 (15.7 MB)
2026-07-18T10:07:21:   [OK] linux-x64 (15.2 MB)
2026-07-18T10:07:21:   [OK] mac-x64 (15.5 MB)
2026-07-18T10:07:21:   [OK] mac-arm64 (14.8 MB)
2026-07-18T10:07:21: ╔══════════════════════════════════════╗
2026-07-18T10:07:21: ║     Compliance API                       ║
2026-07-18T10:07:21: ╚══════════════════════════════════════╝
2026-07-18T10:07:21: [Agent] Pre-compilación completada: 4/4 plataformas
2026-07-18T10:07:21: (node:1627260) [MONGOOSE] Warning: Duplicate schema index on {"domain":1} found. This is often due to declaring an index using both "index: true" and "schema.index()". Please remove the duplicate index definition.
(Use `node --trace-warnings ...` to show where the warning was created)
2026-07-18T10:07:23: [OK] MongoDB Atlas connected: cluster0-shard-00-00.rwmqt.mongodb.net
2026-07-18T10:07:26: [OK] Admin password synced
2026-07-18T10:07:28: [DATA-RETENTION] Starting data retention scheduler (interval: 1h)
2026-07-18T10:07:28: [REPORT-SCHEDULER] Starting report scheduler (interval: 1h)
2026-07-18T10:07:29: [Agent] Pre-compilando agentes para todas las plataformas...
2026-07-18T10:07:30:   [OK] win-x64 (15.7 MB)
2026-07-18T10:07:30:   [OK] linux-x64 (15.2 MB)
2026-07-18T10:07:30:   [OK] mac-x64 (15.5 MB)
2026-07-18T10:07:31:   [OK] mac-arm64 (14.8 MB)
2026-07-18T10:07:31: ╔══════════════════════════════════════╗
2026-07-18T10:07:31: ║     Compliance API                       ║
2026-07-18T10:07:31: ╚══════════════════════════════════════╝
2026-07-18T10:07:31: [Agent] Pre-compilación completada: 4/4 plataformas
2026-07-18T10:07:31: (node:1627406) [MONGOOSE] Warning: Duplicate schema index on {"domain":1} found. This is often due to declaring an index using both "index: true" and "schema.index()". Please remove the duplicate index definition.
(Use `node --trace-warnings ...` to show where the warning was created)
2026-07-18T10:07:32: [OK] MongoDB Atlas connected: cluster0-shard-00-02.rwmqt.mongodb.net
2026-07-18T10:07:35: [OK] Admin password synced
2026-07-18T10:07:36: [DATA-RETENTION] Starting data retention scheduler (interval: 1h)
2026-07-18T10:07:36: [REPORT-SCHEDULER] Starting report scheduler (interval: 1h)
2026-07-18T10:07:38: [Agent] Pre-compilando agentes para todas las plataformas...
2026-07-18T10:07:38:   [OK] win-x64 (15.7 MB)
2026-07-18T10:07:38:   [OK] linux-x64 (15.2 MB)
2026-07-18T10:07:39:   [OK] mac-x64 (15.5 MB)
2026-07-18T10:07:39:   [OK] mac-arm64 (14.8 MB)
2026-07-18T10:07:39: ╔══════════════════════════════════════╗
2026-07-18T10:07:39: ║     Compliance API                       ║
2026-07-18T10:07:39: ╚══════════════════════════════════════╝
2026-07-18T10:07:39: [Agent] Pre-compilación completada: 4/4 plataformas
2026-07-18T10:07:39: (node:1627549) [MONGOOSE] Warning: Duplicate schema index on {"domain":1} found. This is often due to declaring an index using both "index: true" and "schema.index()". Please remove the duplicate index definition.
(Use `node --trace-warnings ...` to show where the warning was created)
2026-07-18T10:07:40: [OK] MongoDB Atlas connected: cluster0-shard-00-02.rwmqt.mongodb.net
2026-07-18T10:07:44: [OK] Admin password synced
2026-07-18T10:07:46: [DATA-RETENTION] Starting data retention scheduler (interval: 1h)
2026-07-18T10:07:46: [REPORT-SCHEDULER] Starting report scheduler (interval: 1h)
2026-07-18T10:07:47: [Agent] Pre-compilando agentes para todas las plataformas...
2026-07-18T10:07:47:   [OK] win-x64 (15.7 MB)
2026-07-18T10:07:47:   [OK] linux-x64 (15.2 MB)
2026-07-18T10:07:48:   [OK] mac-x64 (15.5 MB)
2026-07-18T10:07:48:   [OK] mac-arm64 (14.8 MB)
2026-07-18T10:07:48: ╔══════════════════════════════════════╗
2026-07-18T10:07:48: ║     Compliance API                       ║
2026-07-18T10:07:48: ╚══════════════════════════════════════╝
2026-07-18T10:07:48: [Agent] Pre-compilación completada: 4/4 plataformas
2026-07-18T10:07:48: (node:1627694) [MONGOOSE] Warning: Duplicate schema index on {"domain":1} found. This is often due to declaring an index using both "index: true" and "schema.index()". Please remove the duplicate index definition.
(Use `node --trace-warnings ...` to show where the warning was created)
2026-07-18T10:07:50: [OK] MongoDB Atlas connected: cluster0-shard-00-01.rwmqt.mongodb.net
2026-07-18T10:07:53: [OK] Admin password synced
2026-07-18T10:07:55: [DATA-RETENTION] Starting data retention scheduler (interval: 1h)
2026-07-18T10:07:55: [REPORT-SCHEDULER] Starting report scheduler (interval: 1h)
2026-07-18T10:07:56: [Agent] Pre-compilando agentes para todas las plataformas...
2026-07-18T10:07:56:   [OK] win-x64 (15.7 MB)
2026-07-18T10:07:57:   [OK] linux-x64 (15.2 MB)
2026-07-18T10:07:57:   [OK] mac-x64 (15.5 MB)
2026-07-18T10:07:57:   [OK] mac-arm64 (14.8 MB)
2026-07-18T10:07:58: ╔══════════════════════════════════════╗
2026-07-18T10:07:58: ║     Compliance API                       ║
2026-07-18T10:07:58: ╚══════════════════════════════════════╝
2026-07-18T10:07:58: [Agent] Pre-compilación completada: 4/4 plataformas
2026-07-18T10:07:58: (node:1627842) [MONGOOSE] Warning: Duplicate schema index on {"domain":1} found. This is often due to declaring an index using both "index: true" and "schema.index()". Please remove the duplicate index definition.
(Use `node --trace-warnings ...` to show where the warning was created)
2026-07-18T10:07:59: [OK] MongoDB Atlas connected: cluster0-shard-00-01.rwmqt.mongodb.net
2026-07-18T10:08:02: [OK] Admin password synced
2026-07-18T10:08:04: [DATA-RETENTION] Starting data retention scheduler (interval: 1h)
2026-07-18T10:08:04: [REPORT-SCHEDULER] Starting report scheduler (interval: 1h)
2026-07-18T10:08:06: [Agent] Pre-compilando agentes para todas las plataformas...
2026-07-18T10:08:06:   [OK] win-x64 (15.7 MB)
2026-07-18T10:08:06:   [OK] linux-x64 (15.2 MB)
2026-07-18T10:08:07:   [OK] mac-x64 (15.5 MB)
2026-07-18T10:08:07:   [OK] mac-arm64 (14.8 MB)
2026-07-18T10:08:07: ╔══════════════════════════════════════╗
2026-07-18T10:08:07: ║     Compliance API                       ║
2026-07-18T10:08:07: ╚══════════════════════════════════════╝
2026-07-18T10:08:07: [Agent] Pre-compilación completada: 4/4 plataformas
2026-07-18T10:08:07: (node:1627992) [MONGOOSE] Warning: Duplicate schema index on {"domain":1} found. This is often due to declaring an index using both "index: true" and "schema.index()". Please remove the duplicate index definition.
(Use `node --trace-warnings ...` to show where the warning was created)
2026-07-18T10:08:09: [OK] MongoDB Atlas connected: cluster0-shard-00-02.rwmqt.mongodb.net
2026-07-18T10:08:12: [OK] Admin password synced
2026-07-18T10:08:13: [DATA-RETENTION] Starting data retention scheduler (interval: 1h)
2026-07-18T10:08:13: [REPORT-SCHEDULER] Starting report scheduler (interval: 1h)
2026-07-18T10:08:14: [Agent] Pre-compilando agentes para todas las plataformas...
2026-07-18T10:08:14:   [OK] win-x64 (15.7 MB)
2026-07-18T10:08:15:   [OK] linux-x64 (15.2 MB)
2026-07-18T10:08:15:   [OK] mac-x64 (15.5 MB)
2026-07-18T10:08:15:   [OK] mac-arm64 (14.8 MB)
2026-07-18T10:08:15: ╔══════════════════════════════════════╗
2026-07-18T10:08:15: ║     Compliance API                       ║
2026-07-18T10:08:15: ╚══════════════════════════════════════╝
2026-07-18T10:08:15: [Agent] Pre-compilación completada: 4/4 plataformas
2026-07-18T10:08:15: (node:1628161) [MONGOOSE] Warning: Duplicate schema index on {"domain":1} found. This is often due to declaring an index using both "index: true" and "schema.index()". Please remove the duplicate index definition.
(Use `node --trace-warnings ...` to show where the warning was created)
2026-07-18T10:08:17: [OK] MongoDB Atlas connected: cluster0-shard-00-02.rwmqt.mongodb.net
2026-07-18T10:08:20: [OK] Admin password synced
2026-07-18T10:08:21: [DATA-RETENTION] Starting data retention scheduler (interval: 1h)
2026-07-18T10:08:21: [REPORT-SCHEDULER] Starting report scheduler (interval: 1h)
2026-07-18T10:08:22: [Agent] Pre-compilando agentes para todas las plataformas...
2026-07-18T10:08:23:   [OK] win-x64 (15.7 MB)
2026-07-18T10:08:23:   [OK] linux-x64 (15.2 MB)
2026-07-18T10:08:24:   [OK] mac-x64 (15.5 MB)
2026-07-18T10:08:24:   [OK] mac-arm64 (14.8 MB)
2026-07-18T10:08:25: ╔══════════════════════════════════════╗
2026-07-18T10:08:25: ║     Compliance API                       ║
2026-07-18T10:08:25: ╚══════════════════════════════════════╝
2026-07-18T10:08:25: [Agent] Pre-compilación completada: 4/4 plataformas
2026-07-18T10:08:25: (node:1628368) [MONGOOSE] Warning: Duplicate schema index on {"domain":1} found. This is often due to declaring an index using both "index: true" and "schema.index()". Please remove the duplicate index definition.
(Use `node --trace-warnings ...` to show where the warning was created)
2026-07-18T10:08:26: [OK] MongoDB Atlas connected: cluster0-shard-00-02.rwmqt.mongodb.net
2026-07-18T10:08:29: [OK] Admin password synced
2026-07-18T10:08:30: [DATA-RETENTION] Starting data retention scheduler (interval: 1h)
2026-07-18T10:08:30: [REPORT-SCHEDULER] Starting report scheduler (interval: 1h)
2026-07-18T10:08:32: [Agent] Pre-compilando agentes para todas las plataformas...
2026-07-18T10:08:32:   [OK] win-x64 (15.7 MB)
2026-07-18T10:08:33:   [OK] linux-x64 (15.2 MB)
2026-07-18T10:08:33:   [OK] mac-x64 (15.5 MB)
2026-07-18T10:08:33:   [OK] mac-arm64 (14.8 MB)
2026-07-18T10:08:33: ╔══════════════════════════════════════╗
2026-07-18T10:08:33: ║     Compliance API                       ║
2026-07-18T10:08:33: ╚══════════════════════════════════════╝
2026-07-18T10:08:33: [Agent] Pre-compilación completada: 4/4 plataformas
2026-07-18T10:08:33: (node:1628563) [MONGOOSE] Warning: Duplicate schema index on {"domain":1} found. This is often due to declaring an index using both "index: true" and "schema.index()". Please remove the duplicate index definition.
(Use `node --trace-warnings ...` to show where the warning was created)
2026-07-18T10:08:35: [OK] MongoDB Atlas connected: cluster0-shard-00-01.rwmqt.mongodb.net
2026-07-18T10:08:38: [OK] Admin password synced
2026-07-18T10:08:40: [DATA-RETENTION] Starting data retention scheduler (interval: 1h)
2026-07-18T10:08:40: [REPORT-SCHEDULER] Starting report scheduler (interval: 1h)
2026-07-18T10:08:41: [Agent] Pre-compilando agentes para todas las plataformas...
2026-07-18T10:08:42:   [OK] win-x64 (15.7 MB)
2026-07-18T10:08:42:   [OK] linux-x64 (15.2 MB)
2026-07-18T10:08:43:   [OK] mac-x64 (15.5 MB)
2026-07-18T10:08:43:   [OK] mac-arm64 (14.8 MB)
2026-07-18T10:08:43: ╔══════════════════════════════════════╗
2026-07-18T10:08:43: ║     Compliance API                       ║
2026-07-18T10:08:43: ╚══════════════════════════════════════╝
2026-07-18T10:08:43: [Agent] Pre-compilación completada: 4/4 plataformas
2026-07-18T10:08:43: (node:1628741) [MONGOOSE] Warning: Duplicate schema index on {"domain":1} found. This is often due to declaring an index using both "index: true" and "schema.index()". Please remove the duplicate index definition.
(Use `node --trace-warnings ...` to show where the warning was created)
2026-07-18T10:08:44: [OK] MongoDB Atlas connected: cluster0-shard-00-01.rwmqt.mongodb.net
2026-07-18T10:08:48: [OK] Admin password synced
2026-07-18T10:08:49: [DATA-RETENTION] Starting data retention scheduler (interval: 1h)
2026-07-18T10:08:49: [REPORT-SCHEDULER] Starting report scheduler (interval: 1h)
2026-07-18T10:08:50: [Agent] Pre-compilando agentes para todas las plataformas...
2026-07-18T10:08:50:   [OK] win-x64 (15.7 MB)
2026-07-18T10:08:51:   [OK] linux-x64 (15.2 MB)
2026-07-18T10:08:51:   [OK] mac-x64 (15.5 MB)
2026-07-18T10:08:51:   [OK] mac-arm64 (14.8 MB)
2026-07-18T10:08:51: ╔══════════════════════════════════════╗
2026-07-18T10:08:51: ║     Compliance API                       ║
2026-07-18T10:08:51: ╚══════════════════════════════════════╝
2026-07-18T10:08:51: [Agent] Pre-compilación completada: 4/4 plataformas
2026-07-18T10:08:51: (node:1628885) [MONGOOSE] Warning: Duplicate schema index on {"domain":1} found. This is often due to declaring an index using both "index: true" and "schema.index()". Please remove the duplicate index definition.
(Use `node --trace-warnings ...` to show where the warning was created)
2026-07-18T10:08:53: [OK] MongoDB Atlas connected: cluster0-shard-00-00.rwmqt.mongodb.net
2026-07-18T10:08:56: [OK] Admin password synced
2026-07-18T10:08:58: [DATA-RETENTION] Starting data retention scheduler (interval: 1h)
2026-07-18T10:08:58: [REPORT-SCHEDULER] Starting report scheduler (interval: 1h)
2026-07-18T10:08:59: [Agent] Pre-compilando agentes para todas las plataformas...
2026-07-18T10:09:00:   [OK] win-x64 (15.7 MB)
2026-07-18T10:09:00:   [OK] linux-x64 (15.2 MB)
2026-07-18T10:09:00:   [OK] mac-x64 (15.5 MB)
2026-07-18T10:09:00:   [OK] mac-arm64 (14.8 MB)
2026-07-18T10:09:00: ╔══════════════════════════════════════╗
2026-07-18T10:09:00: ║     Compliance API                       ║
2026-07-18T10:09:00: ╚══════════════════════════════════════╝
2026-07-18T10:09:00: [Agent] Pre-compilación completada: 4/4 plataformas
2026-07-18T10:09:00: (node:1629035) [MONGOOSE] Warning: Duplicate schema index on {"domain":1} found. This is often due to declaring an index using both "index: true" and "schema.index()". Please remove the duplicate index definition.
(Use `node --trace-warnings ...` to show where the warning was created)
2026-07-18T10:09:02: [OK] MongoDB Atlas connected: cluster0-shard-00-00.rwmqt.mongodb.net
2026-07-18T10:09:05: [OK] Admin password synced
2026-07-18T10:09:06: [DATA-RETENTION] Starting data retention scheduler (interval: 1h)
2026-07-18T10:09:06: [REPORT-SCHEDULER] Starting report scheduler (interval: 1h)
2026-07-18T10:09:08: [Agent] Pre-compilando agentes para todas las plataformas...
2026-07-18T10:09:08:   [OK] win-x64 (15.7 MB)
2026-07-18T10:09:08:   [OK] linux-x64 (15.2 MB)
2026-07-18T10:09:09:   [OK] mac-x64 (15.5 MB)
2026-07-18T10:09:09:   [OK] mac-arm64 (14.8 MB)
2026-07-18T10:09:09: ╔══════════════════════════════════════╗
2026-07-18T10:09:09: ║     Compliance API                       ║
2026-07-18T10:09:09: ╚══════════════════════════════════════╝
2026-07-18T10:09:09: [Agent] Pre-compilación completada: 4/4 plataformas
2026-07-18T10:09:09: (node:1629175) [MONGOOSE] Warning: Duplicate schema index on {"domain":1} found. This is often due to declaring an index using both "index: true" and "schema.index()". Please remove the duplicate index definition.
(Use `node --trace-warnings ...` to show where the warning was created)
2026-07-18T10:09:11: [OK] MongoDB Atlas connected: cluster0-shard-00-01.rwmqt.mongodb.net
2026-07-18T10:09:14: [OK] Admin password synced
2026-07-18T10:09:15: [DATA-RETENTION] Starting data retention scheduler (interval: 1h)
2026-07-18T10:09:15: [REPORT-SCHEDULER] Starting report scheduler (interval: 1h)
2026-07-18T10:09:16: [Agent] Pre-compilando agentes para todas las plataformas...
2026-07-18T10:09:17:   [OK] win-x64 (15.7 MB)
2026-07-18T10:09:17:   [OK] linux-x64 (15.2 MB)
2026-07-18T10:09:17:   [OK] mac-x64 (15.5 MB)
2026-07-18T10:09:18:   [OK] mac-arm64 (14.8 MB)
2026-07-18T10:09:18: ╔══════════════════════════════════════╗
2026-07-18T10:09:18: ║     Compliance API                       ║
2026-07-18T10:09:18: ╚══════════════════════════════════════╝
2026-07-18T10:09:18: [Agent] Pre-compilación completada: 4/4 plataformas
2026-07-18T10:09:18: (node:1629319) [MONGOOSE] Warning: Duplicate schema index on {"domain":1} found. This is often due to declaring an index using both "index: true" and "schema.index()". Please remove the duplicate index definition.
(Use `node --trace-warnings ...` to show where the warning was created)
2026-07-18T10:09:19: [OK] MongoDB Atlas connected: cluster0-shard-00-02.rwmqt.mongodb.net
2026-07-18T10:09:22: [OK] Admin password synced
2026-07-18T10:09:23: [DATA-RETENTION] Starting data retention scheduler (interval: 1h)
2026-07-18T10:09:23: [REPORT-SCHEDULER] Starting report scheduler (interval: 1h)
2026-07-18T10:09:25: [Agent] Pre-compilando agentes para todas las plataformas...
2026-07-18T10:09:25:   [OK] win-x64 (15.7 MB)
2026-07-18T10:09:25:   [OK] linux-x64 (15.2 MB)
2026-07-18T10:09:26:   [OK] mac-x64 (15.5 MB)
2026-07-18T10:09:26:   [OK] mac-arm64 (14.8 MB)
2026-07-18T10:09:26: ╔══════════════════════════════════════╗
2026-07-18T10:09:26: ║     Compliance API                       ║
2026-07-18T10:09:26: ╚══════════════════════════════════════╝
2026-07-18T10:09:26: [Agent] Pre-compilación completada: 4/4 plataformas
2026-07-18T10:09:26: (node:1629486) [MONGOOSE] Warning: Duplicate schema index on {"domain":1} found. This is often due to declaring an index using both "index: true" and "schema.index()". Please remove the duplicate index definition.
(Use `node --trace-warnings ...` to show where the warning was created)
2026-07-18T10:09:28: [OK] MongoDB Atlas connected: cluster0-shard-00-01.rwmqt.mongodb.net
2026-07-18T10:09:31: [OK] Admin password synced
2026-07-18T10:09:32: [DATA-RETENTION] Starting data retention scheduler (interval: 1h)
2026-07-18T10:09:32: [REPORT-SCHEDULER] Starting report scheduler (interval: 1h)
2026-07-18T10:09:33: [Agent] Pre-compilando agentes para todas las plataformas...
2026-07-18T10:09:34:   [OK] win-x64 (15.7 MB)
2026-07-18T10:09:34:   [OK] linux-x64 (15.2 MB)
2026-07-18T10:09:34:   [OK] mac-x64 (15.5 MB)
2026-07-18T10:09:35:   [OK] mac-arm64 (14.8 MB)
2026-07-18T10:09:35: ╔══════════════════════════════════════╗
2026-07-18T10:09:35: ║     Compliance API                       ║
2026-07-18T10:09:35: ╚══════════════════════════════════════╝
2026-07-18T10:09:35: [Agent] Pre-compilación completada: 4/4 plataformas
2026-07-18T10:09:35: (node:1629665) [MONGOOSE] Warning: Duplicate schema index on {"domain":1} found. This is often due to declaring an index using both "index: true" and "schema.index()". Please remove the duplicate index definition.
(Use `node --trace-warnings ...` to show where the warning was created)
2026-07-18T10:09:36: [OK] MongoDB Atlas connected: cluster0-shard-00-01.rwmqt.mongodb.net
2026-07-18T10:09:40: [OK] Admin password synced
2026-07-18T10:09:40: [DATA-RETENTION] Starting data retention scheduler (interval: 1h)
2026-07-18T10:09:40: [REPORT-SCHEDULER] Starting report scheduler (interval: 1h)
2026-07-18T10:09:42: [Agent] Pre-compilando agentes para todas las plataformas...
2026-07-18T10:09:42:   [OK] win-x64 (15.7 MB)
2026-07-18T10:09:43:   [OK] linux-x64 (15.2 MB)
2026-07-18T10:09:43:   [OK] mac-x64 (15.5 MB)
2026-07-18T10:09:43:   [OK] mac-arm64 (14.8 MB)
2026-07-18T10:09:43: ╔══════════════════════════════════════╗
2026-07-18T10:09:43: ║     Compliance API                       ║
2026-07-18T10:09:43: ╚══════════════════════════════════════╝
2026-07-18T10:09:43: [Agent] Pre-compilación completada: 4/4 plataformas
2026-07-18T10:09:43: (node:1629828) [MONGOOSE] Warning: Duplicate schema index on {"domain":1} found. This is often due to declaring an index using both "index: true" and "schema.index()". Please remove the duplicate index definition.
(Use `node --trace-warnings ...` to show where the warning was created)
2026-07-18T10:09:45: [OK] MongoDB Atlas connected: cluster0-shard-00-00.rwmqt.mongodb.net
2026-07-18T10:09:48: [OK] Admin password synced
2026-07-18T10:09:49: [DATA-RETENTION] Starting data retention scheduler (interval: 1h)
2026-07-18T10:09:49: [REPORT-SCHEDULER] Starting report scheduler (interval: 1h)
2026-07-18T10:09:50: [Agent] Pre-compilando agentes para todas las plataformas...
2026-07-18T10:09:51:   [OK] win-x64 (15.7 MB)
2026-07-18T10:09:51:   [OK] linux-x64 (15.2 MB)
2026-07-18T10:09:51:   [OK] mac-x64 (15.5 MB)
2026-07-18T10:09:52:   [OK] mac-arm64 (14.8 MB)
2026-07-18T10:09:52: ╔══════════════════════════════════════╗
2026-07-18T10:09:52: ║     Compliance API                       ║
2026-07-18T10:09:52: ╚══════════════════════════════════════╝
2026-07-18T10:09:52: [Agent] Pre-compilación completada: 4/4 plataformas
2026-07-18T10:09:52: (node:1630012) [MONGOOSE] Warning: Duplicate schema index on {"domain":1} found. This is often due to declaring an index using both "index: true" and "schema.index()". Please remove the duplicate index definition.
(Use `node --trace-warnings ...` to show where the warning was created)
2026-07-18T10:09:53: [OK] MongoDB Atlas connected: cluster0-shard-00-01.rwmqt.mongodb.net
2026-07-18T10:09:57: [OK] Admin password synced
2026-07-18T10:09:58: [DATA-RETENTION] Starting data retention scheduler (interval: 1h)
2026-07-18T10:09:58: [REPORT-SCHEDULER] Starting report scheduler (interval: 1h)
2026-07-18T10:09:59: [Agent] Pre-compilando agentes para todas las plataformas...
2026-07-18T10:09:59:   [OK] win-x64 (15.7 MB)
2026-07-18T10:10:00:   [OK] linux-x64 (15.2 MB)
2026-07-18T10:10:00:   [OK] mac-x64 (15.5 MB)
2026-07-18T10:10:01:   [OK] mac-arm64 (14.8 MB)
2026-07-18T10:10:01: ╔══════════════════════════════════════╗
2026-07-18T10:10:01: ║     Compliance API                       ║
2026-07-18T10:10:01: ╚══════════════════════════════════════╝
2026-07-18T10:10:01: [Agent] Pre-compilación completada: 4/4 plataformas
2026-07-18T10:10:01: (node:1630177) [MONGOOSE] Warning: Duplicate schema index on {"domain":1} found. This is often due to declaring an index using both "index: true" and "schema.index()". Please remove the duplicate index definition.
(Use `node --trace-warnings ...` to show where the warning was created)
2026-07-18T10:10:02: [OK] MongoDB Atlas connected: cluster0-shard-00-02.rwmqt.mongodb.net
2026-07-18T10:10:06: [OK] Admin password synced
2026-07-18T10:10:07: [DATA-RETENTION] Starting data retention scheduler (interval: 1h)
2026-07-18T10:10:07: [REPORT-SCHEDULER] Starting report scheduler (interval: 1h)
2026-07-18T10:10:09: [Agent] Pre-compilando agentes para todas las plataformas...
2026-07-18T10:10:09:   [OK] win-x64 (15.7 MB)
2026-07-18T10:10:10:   [OK] linux-x64 (15.2 MB)
2026-07-18T10:10:10:   [OK] mac-x64 (15.5 MB)
2026-07-18T10:10:10:   [OK] mac-arm64 (14.8 MB)
2026-07-18T10:10:10: ╔══════════════════════════════════════╗
2026-07-18T10:10:10: ║     Compliance API                       ║
2026-07-18T10:10:10: ╚══════════════════════════════════════╝
2026-07-18T10:10:10: [Agent] Pre-compilación completada: 4/4 plataformas
2026-07-18T10:10:10: (node:1630347) [MONGOOSE] Warning: Duplicate schema index on {"domain":1} found. This is often due to declaring an index using both "index: true" and "schema.index()". Please remove the duplicate index definition.
(Use `node --trace-warnings ...` to show where the warning was created)
2026-07-18T10:10:12: [OK] MongoDB Atlas connected: cluster0-shard-00-00.rwmqt.mongodb.net
2026-07-18T10:10:15: [OK] Admin password synced
2026-07-18T10:10:17: [DATA-RETENTION] Starting data retention scheduler (interval: 1h)
2026-07-18T10:10:17: [REPORT-SCHEDULER] Starting report scheduler (interval: 1h)
2026-07-18T10:10:19: [Agent] Pre-compilando agentes para todas las plataformas...
2026-07-18T10:10:19:   [OK] win-x64 (15.7 MB)
2026-07-18T10:10:19:   [OK] linux-x64 (15.2 MB)
2026-07-18T10:10:20:   [OK] mac-x64 (15.5 MB)
2026-07-18T10:10:20:   [OK] mac-arm64 (14.8 MB)
2026-07-18T10:10:20: ╔══════════════════════════════════════╗
2026-07-18T10:10:20: ║     Compliance API                       ║
2026-07-18T10:10:20: ╚══════════════════════════════════════╝
2026-07-18T10:10:20: [Agent] Pre-compilación completada: 4/4 plataformas
2026-07-18T10:10:20: (node:1630527) [MONGOOSE] Warning: Duplicate schema index on {"domain":1} found. This is often due to declaring an index using both "index: true" and "schema.index()". Please remove the duplicate index definition.
(Use `node --trace-warnings ...` to show where the warning was created)
2026-07-18T10:10:22: [OK] MongoDB Atlas connected: cluster0-shard-00-01.rwmqt.mongodb.net
2026-07-18T10:10:25: [OK] Admin password synced
2026-07-18T10:10:26: [DATA-RETENTION] Starting data retention scheduler (interval: 1h)
2026-07-18T10:10:26: [REPORT-SCHEDULER] Starting report scheduler (interval: 1h)
2026-07-18T10:10:27: [Agent] Pre-compilando agentes para todas las plataformas...
2026-07-18T10:10:28:   [OK] win-x64 (15.7 MB)
2026-07-18T10:10:28:   [OK] linux-x64 (15.2 MB)
2026-07-18T10:10:28:   [OK] mac-x64 (15.5 MB)
2026-07-18T10:10:29:   [OK] mac-arm64 (14.8 MB)
2026-07-18T10:10:29: ╔══════════════════════════════════════╗
2026-07-18T10:10:29: ║     Compliance API                       ║
2026-07-18T10:10:29: ╚══════════════════════════════════════╝
2026-07-18T10:10:29: [Agent] Pre-compilación completada: 4/4 plataformas
2026-07-18T10:10:29: (node:1630683) [MONGOOSE] Warning: Duplicate schema index on {"domain":1} found. This is often due to declaring an index using both "index: true" and "schema.index()". Please remove the duplicate index definition.
(Use `node --trace-warnings ...` to show where the warning was created)
2026-07-18T10:10:30: [OK] MongoDB Atlas connected: cluster0-shard-00-01.rwmqt.mongodb.net
2026-07-18T10:10:34: [OK] Admin password synced
2026-07-18T10:10:35: [DATA-RETENTION] Starting data retention scheduler (interval: 1h)
2026-07-18T10:10:35: [REPORT-SCHEDULER] Starting report scheduler (interval: 1h)
2026-07-18T10:10:37: [Agent] Pre-compilando agentes para todas las plataformas...
2026-07-18T10:10:37:   [OK] win-x64 (15.7 MB)
2026-07-18T10:10:37:   [OK] linux-x64 (15.2 MB)
2026-07-18T10:10:38:   [OK] mac-x64 (15.5 MB)
2026-07-18T10:10:38:   [OK] mac-arm64 (14.8 MB)
2026-07-18T10:10:38: ╔══════════════════════════════════════╗
2026-07-18T10:10:38: ║     Compliance API                       ║
2026-07-18T10:10:38: ╚══════════════════════════════════════╝
2026-07-18T10:10:38: [Agent] Pre-compilación completada: 4/4 plataformas
2026-07-18T10:10:38: (node:1630843) [MONGOOSE] Warning: Duplicate schema index on {"domain":1} found. This is often due to declaring an index using both "index: true" and "schema.index()". Please remove the duplicate index definition.
(Use `node --trace-warnings ...` to show where the warning was created)
2026-07-18T10:10:40: [OK] MongoDB Atlas connected: cluster0-shard-00-01.rwmqt.mongodb.net
2026-07-18T10:10:43: [OK] Admin password synced
2026-07-18T10:10:44: [DATA-RETENTION] Starting data retention scheduler (interval: 1h)
2026-07-18T10:10:44: [REPORT-SCHEDULER] Starting report scheduler (interval: 1h)
2026-07-18T10:10:45: [Agent] Pre-compilando agentes para todas las plataformas...
2026-07-18T10:10:46:   [OK] win-x64 (15.7 MB)
2026-07-18T10:10:46:   [OK] linux-x64 (15.2 MB)
2026-07-18T10:10:46:   [OK] mac-x64 (15.5 MB)
2026-07-18T10:10:47:   [OK] mac-arm64 (14.8 MB)
2026-07-18T10:10:47: ╔══════════════════════════════════════╗
2026-07-18T10:10:47: ║     Compliance API                       ║
2026-07-18T10:10:47: ╚══════════════════════════════════════╝
2026-07-18T10:10:47: [Agent] Pre-compilación completada: 4/4 plataformas
2026-07-18T10:10:47: (node:1630982) [MONGOOSE] Warning: Duplicate schema index on {"domain":1} found. This is often due to declaring an index using both "index: true" and "schema.index()". Please remove the duplicate index definition.
(Use `node --trace-warnings ...` to show where the warning was created)
2026-07-18T10:10:48: [OK] MongoDB Atlas connected: cluster0-shard-00-02.rwmqt.mongodb.net
2026-07-18T10:10:52: [OK] Admin password synced
2026-07-18T10:10:53: [DATA-RETENTION] Starting data retention scheduler (interval: 1h)
2026-07-18T10:10:53: [REPORT-SCHEDULER] Starting report scheduler (interval: 1h)
2026-07-18T10:10:54: [Agent] Pre-compilando agentes para todas las plataformas...
2026-07-18T10:10:54:   [OK] win-x64 (15.7 MB)
2026-07-18T10:10:55:   [OK] linux-x64 (15.2 MB)
2026-07-18T10:10:55:   [OK] mac-x64 (15.5 MB)
2026-07-18T10:10:56:   [OK] mac-arm64 (14.8 MB)
2026-07-18T10:10:56: ╔══════════════════════════════════════╗
2026-07-18T10:10:56: ║     Compliance API                       ║
2026-07-18T10:10:56: ╚══════════════════════════════════════╝
2026-07-18T10:10:56: [Agent] Pre-compilación completada: 4/4 plataformas
2026-07-18T10:10:56: (node:1631127) [MONGOOSE] Warning: Duplicate schema index on {"domain":1} found. This is often due to declaring an index using both "index: true" and "schema.index()". Please remove the duplicate index definition.
(Use `node --trace-warnings ...` to show where the warning was created)
2026-07-18T10:10:57: [OK] MongoDB Atlas connected: cluster0-shard-00-01.rwmqt.mongodb.net
2026-07-18T10:11:00: [OK] Admin password synced
2026-07-18T10:11:01: [DATA-RETENTION] Starting data retention scheduler (interval: 1h)
2026-07-18T10:11:01: [REPORT-SCHEDULER] Starting report scheduler (interval: 1h)
2026-07-18T10:11:03: [Agent] Pre-compilando agentes para todas las plataformas...
2026-07-18T10:11:03:   [OK] win-x64 (15.7 MB)
2026-07-18T10:11:03:   [OK] linux-x64 (15.2 MB)
2026-07-18T10:11:04:   [OK] mac-x64 (15.5 MB)
2026-07-18T10:11:04:   [OK] mac-arm64 (14.8 MB)
2026-07-18T10:11:04: ╔══════════════════════════════════════╗
2026-07-18T10:11:04: ║     Compliance API                       ║
2026-07-18T10:11:04: ╚══════════════════════════════════════╝
2026-07-18T10:11:04: [Agent] Pre-compilación completada: 4/4 plataformas
2026-07-18T10:11:04: (node:1631292) [MONGOOSE] Warning: Duplicate schema index on {"domain":1} found. This is often due to declaring an index using both "index: true" and "schema.index()". Please remove the duplicate index definition.
(Use `node --trace-warnings ...` to show where the warning was created)
2026-07-18T10:11:06: [OK] MongoDB Atlas connected: cluster0-shard-00-02.rwmqt.mongodb.net
2026-07-18T10:11:09: [OK] Admin password synced
2026-07-18T10:11:10: [DATA-RETENTION] Starting data retention scheduler (interval: 1h)
2026-07-18T10:11:10: [REPORT-SCHEDULER] Starting report scheduler (interval: 1h)
2026-07-18T10:11:11: [Agent] Pre-compilando agentes para todas las plataformas...
2026-07-18T10:11:11:   [OK] win-x64 (15.7 MB)
2026-07-18T10:11:12:   [OK] linux-x64 (15.2 MB)
2026-07-18T10:11:12:   [OK] mac-x64 (15.5 MB)
2026-07-18T10:11:12:   [OK] mac-arm64 (14.8 MB)
2026-07-18T10:11:13: ╔══════════════════════════════════════╗
2026-07-18T10:11:13: ║     Compliance API                       ║
2026-07-18T10:11:13: ╚══════════════════════════════════════╝
2026-07-18T10:11:13: [Agent] Pre-compilación completada: 4/4 plataformas
2026-07-18T10:11:13: (node:1631453) [MONGOOSE] Warning: Duplicate schema index on {"domain":1} found. This is often due to declaring an index using both "index: true" and "schema.index()". Please remove the duplicate index definition.
(Use `node --trace-warnings ...` to show where the warning was created)
2026-07-18T10:11:14: [OK] MongoDB Atlas connected: cluster0-shard-00-02.rwmqt.mongodb.net
2026-07-18T10:11:17: [OK] Admin password synced
2026-07-18T10:11:18: [DATA-RETENTION] Starting data retention scheduler (interval: 1h)
2026-07-18T10:11:18: [REPORT-SCHEDULER] Starting report scheduler (interval: 1h)
2026-07-18T10:11:19: [Agent] Pre-compilando agentes para todas las plataformas...
2026-07-18T10:11:20:   [OK] win-x64 (15.7 MB)
2026-07-18T10:11:20:   [OK] linux-x64 (15.2 MB)
2026-07-18T10:11:21:   [OK] mac-x64 (15.5 MB)
2026-07-18T10:11:21:   [OK] mac-arm64 (14.8 MB)
2026-07-18T10:11:21: ╔══════════════════════════════════════╗
2026-07-18T10:11:21: ║     Compliance API                       ║
2026-07-18T10:11:21: ╚══════════════════════════════════════╝
2026-07-18T10:11:21: [Agent] Pre-compilación completada: 4/4 plataformas
2026-07-18T10:11:21: (node:1631626) [MONGOOSE] Warning: Duplicate schema index on {"domain":1} found. This is often due to declaring an index using both "index: true" and "schema.index()". Please remove the duplicate index definition.
(Use `node --trace-warnings ...` to show where the warning was created)
2026-07-18T10:11:23: [OK] MongoDB Atlas connected: cluster0-shard-00-02.rwmqt.mongodb.net
2026-07-18T10:11:26: [OK] Admin password synced
2026-07-18T10:11:27: [DATA-RETENTION] Starting data retention scheduler (interval: 1h)
2026-07-18T10:11:27: [REPORT-SCHEDULER] Starting report scheduler (interval: 1h)
2026-07-18T10:11:28: [Agent] Pre-compilando agentes para todas las plataformas...
2026-07-18T10:11:29:   [OK] win-x64 (15.7 MB)
2026-07-18T10:11:29:   [OK] linux-x64 (15.2 MB)
2026-07-18T10:11:30:   [OK] mac-x64 (15.5 MB)
2026-07-18T10:11:31:   [OK] mac-arm64 (14.8 MB)
2026-07-18T10:11:31: ╔══════════════════════════════════════╗
2026-07-18T10:11:31: ║     Compliance API                       ║
2026-07-18T10:11:31: ╚══════════════════════════════════════╝
2026-07-18T10:11:31: [Agent] Pre-compilación completada: 4/4 plataformas
2026-07-18T10:11:31: (node:1631844) [MONGOOSE] Warning: Duplicate schema index on {"domain":1} found. This is often due to declaring an index using both "index: true" and "schema.index()". Please remove the duplicate index definition.
(Use `node --trace-warnings ...` to show where the warning was created)
2026-07-18T10:11:33: [Agent] Pre-compilando agentes para todas las plataformas...
2026-07-18T10:11:33:   [OK] win-x64 (15.7 MB)
2026-07-18T10:11:34:   [OK] linux-x64 (15.2 MB)
2026-07-18T10:11:34:   [OK] mac-x64 (15.5 MB)
2026-07-18T10:11:34:   [OK] mac-arm64 (14.8 MB)
2026-07-18T10:11:34: ╔══════════════════════════════════════╗
2026-07-18T10:11:34: ║     Compliance API                       ║
2026-07-18T10:11:34: ╚══════════════════════════════════════╝
2026-07-18T10:11:34: [Agent] Pre-compilación completada: 4/4 plataformas
2026-07-18T10:11:34: (node:1631997) [MONGOOSE] Warning: Duplicate schema index on {"domain":1} found. This is often due to declaring an index using both "index: true" and "schema.index()". Please remove the duplicate index definition.
(Use `node --trace-warnings ...` to show where the warning was created)
2026-07-18T10:11:36: [OK] MongoDB Atlas connected: cluster0-shard-00-02.rwmqt.mongodb.net
2026-07-18T10:11:39: [OK] Admin password synced
2026-07-18T10:11:42: [DATA-RETENTION] Starting data retention scheduler (interval: 1h)
2026-07-18T10:11:42: [REPORT-SCHEDULER] Starting report scheduler (interval: 1h)
2026-07-18T10:11:44: [Agent] Pre-compilando agentes para todas las plataformas...
2026-07-18T10:11:44:   [OK] win-x64 (15.7 MB)
2026-07-18T10:11:44:   [OK] linux-x64 (15.2 MB)
2026-07-18T10:11:45:   [OK] mac-x64 (15.5 MB)
2026-07-18T10:11:45:   [OK] mac-arm64 (14.8 MB)
2026-07-18T10:11:45: ╔══════════════════════════════════════╗
2026-07-18T10:11:45: ║     Compliance API                       ║
2026-07-18T10:11:45: ╚══════════════════════════════════════╝
2026-07-18T10:11:45: [Agent] Pre-compilación completada: 4/4 plataformas
2026-07-18T10:11:45: (node:1632203) [MONGOOSE] Warning: Duplicate schema index on {"domain":1} found. This is often due to declaring an index using both "index: true" and "schema.index()". Please remove the duplicate index definition.
(Use `node --trace-warnings ...` to show where the warning was created)
2026-07-18T10:11:47: [OK] MongoDB Atlas connected: cluster0-shard-00-02.rwmqt.mongodb.net
2026-07-18T10:11:50: [OK] Admin password synced
2026-07-18T10:11:51: [DATA-RETENTION] Starting data retention scheduler (interval: 1h)
2026-07-18T10:11:51: [REPORT-SCHEDULER] Starting report scheduler (interval: 1h)
2026-07-18T10:11:52: [Agent] Pre-compilando agentes para todas las plataformas...
2026-07-18T10:11:53:   [OK] win-x64 (15.7 MB)
2026-07-18T10:11:53:   [OK] linux-x64 (15.2 MB)
2026-07-18T10:11:54:   [OK] mac-x64 (15.5 MB)
2026-07-18T10:11:54:   [OK] mac-arm64 (14.8 MB)
2026-07-18T10:11:54: ╔══════════════════════════════════════╗
2026-07-18T10:11:54: ║     Compliance API                       ║
2026-07-18T10:11:54: ╚══════════════════════════════════════╝
2026-07-18T10:11:54: [Agent] Pre-compilación completada: 4/4 plataformas
2026-07-18T10:11:54: (node:1632349) [MONGOOSE] Warning: Duplicate schema index on {"domain":1} found. This is often due to declaring an index using both "index: true" and "schema.index()". Please remove the duplicate index definition.
(Use `node --trace-warnings ...` to show where the warning was created)
2026-07-18T10:11:55: [OK] MongoDB Atlas connected: cluster0-shard-00-02.rwmqt.mongodb.net
2026-07-18T10:11:59: [OK] Admin password synced
2026-07-18T10:12:00: [DATA-RETENTION] Starting data retention scheduler (interval: 1h)
2026-07-18T10:12:00: [REPORT-SCHEDULER] Starting report scheduler (interval: 1h)
2026-07-18T10:12:01: [Agent] Pre-compilando agentes para todas las plataformas...
2026-07-18T10:12:01:   [OK] win-x64 (15.7 MB)
2026-07-18T10:12:02:   [OK] linux-x64 (15.2 MB)
2026-07-18T10:12:02:   [OK] mac-x64 (15.5 MB)
2026-07-18T10:12:02:   [OK] mac-arm64 (14.8 MB)
2026-07-18T10:12:02: ╔══════════════════════════════════════╗
2026-07-18T10:12:02: ║     Compliance API                       ║
2026-07-18T10:12:02: ╚══════════════════════════════════════╝
2026-07-18T10:12:02: [Agent] Pre-compilación completada: 4/4 plataformas
2026-07-18T10:12:02: (node:1632497) [MONGOOSE] Warning: Duplicate schema index on {"domain":1} found. This is often due to declaring an index using both "index: true" and "schema.index()". Please remove the duplicate index definition.
(Use `node --trace-warnings ...` to show where the warning was created)
2026-07-18T10:12:04: [OK] MongoDB Atlas connected: cluster0-shard-00-00.rwmqt.mongodb.net
2026-07-18T10:12:07: [OK] Admin password synced
2026-07-18T10:12:09: [DATA-RETENTION] Starting data retention scheduler (interval: 1h)
2026-07-18T10:12:09: [REPORT-SCHEDULER] Starting report scheduler (interval: 1h)
2026-07-18T10:12:10: [Agent] Pre-compilando agentes para todas las plataformas...
2026-07-18T10:12:11:   [OK] win-x64 (15.7 MB)
2026-07-18T10:12:11:   [OK] linux-x64 (15.2 MB)
2026-07-18T10:12:11:   [OK] mac-x64 (15.5 MB)
2026-07-18T10:12:12:   [OK] mac-arm64 (14.8 MB)
2026-07-18T10:12:12: ╔══════════════════════════════════════╗
2026-07-18T10:12:12: ║     Compliance API                       ║
2026-07-18T10:12:12: ╚══════════════════════════════════════╝
2026-07-18T10:12:12: [Agent] Pre-compilación completada: 4/4 plataformas
2026-07-18T10:12:12: (node:1632640) [MONGOOSE] Warning: Duplicate schema index on {"domain":1} found. This is often due to declaring an index using both "index: true" and "schema.index()". Please remove the duplicate index definition.
(Use `node --trace-warnings ...` to show where the warning was created)
2026-07-18T10:12:13: [OK] MongoDB Atlas connected: cluster0-shard-00-02.rwmqt.mongodb.net
2026-07-18T10:12:16: [OK] Admin password synced
2026-07-18T10:12:17: [DATA-RETENTION] Starting data retention scheduler (interval: 1h)
2026-07-18T10:12:17: [REPORT-SCHEDULER] Starting report scheduler (interval: 1h)
2026-07-18T10:12:19: [Agent] Pre-compilando agentes para todas las plataformas...
2026-07-18T10:12:19:   [OK] win-x64 (15.7 MB)
2026-07-18T10:12:20:   [OK] linux-x64 (15.2 MB)
2026-07-18T10:12:20:   [OK] mac-x64 (15.5 MB)
2026-07-18T10:12:20:   [OK] mac-arm64 (14.8 MB)
2026-07-18T10:12:20: ╔══════════════════════════════════════╗
2026-07-18T10:12:20: ║     Compliance API                       ║
2026-07-18T10:12:20: ╚══════════════════════════════════════╝
2026-07-18T10:12:20: [Agent] Pre-compilación completada: 4/4 plataformas
2026-07-18T10:12:20: (node:1632778) [MONGOOSE] Warning: Duplicate schema index on {"domain":1} found. This is often due to declaring an index using both "index: true" and "schema.index()". Please remove the duplicate index definition.
(Use `node --trace-warnings ...` to show where the warning was created)
2026-07-18T10:12:22: [OK] MongoDB Atlas connected: cluster0-shard-00-00.rwmqt.mongodb.net
2026-07-18T10:12:25: [OK] Admin password synced
2026-07-18T10:12:27: [DATA-RETENTION] Starting data retention scheduler (interval: 1h)
2026-07-18T10:12:27: [REPORT-SCHEDULER] Starting report scheduler (interval: 1h)
2026-07-18T10:12:28: [Agent] Pre-compilando agentes para todas las plataformas...
2026-07-18T10:12:29:   [OK] win-x64 (15.7 MB)
2026-07-18T10:12:29:   [OK] linux-x64 (15.2 MB)
2026-07-18T10:12:29:   [OK] mac-x64 (15.5 MB)
2026-07-18T10:12:30:   [OK] mac-arm64 (14.8 MB)
2026-07-18T10:12:30: ╔══════════════════════════════════════╗
2026-07-18T10:12:30: ║     Compliance API                       ║
2026-07-18T10:12:30: ╚══════════════════════════════════════╝
2026-07-18T10:12:30: [Agent] Pre-compilación completada: 4/4 plataformas
2026-07-18T10:12:30: (node:1632959) [MONGOOSE] Warning: Duplicate schema index on {"domain":1} found. This is often due to declaring an index using both "index: true" and "schema.index()". Please remove the duplicate index definition.
(Use `node --trace-warnings ...` to show where the warning was created)
2026-07-18T10:12:31: [OK] MongoDB Atlas connected: cluster0-shard-00-02.rwmqt.mongodb.net
2026-07-18T10:12:35: [OK] Admin password synced
2026-07-18T10:12:36: [DATA-RETENTION] Starting data retention scheduler (interval: 1h)
2026-07-18T10:12:36: [REPORT-SCHEDULER] Starting report scheduler (interval: 1h)
2026-07-18T10:12:37: [Agent] Pre-compilando agentes para todas las plataformas...
2026-07-18T10:12:37:   [OK] win-x64 (15.7 MB)
2026-07-18T10:12:38:   [OK] linux-x64 (15.2 MB)
2026-07-18T10:12:38:   [OK] mac-x64 (15.5 MB)
2026-07-18T10:12:39:   [OK] mac-arm64 (14.8 MB)
2026-07-18T10:12:39: ╔══════════════════════════════════════╗
2026-07-18T10:12:39: ║     Compliance API                       ║
2026-07-18T10:12:39: ╚══════════════════════════════════════╝
2026-07-18T10:12:39: [Agent] Pre-compilación completada: 4/4 plataformas
2026-07-18T10:12:39: (node:1633106) [MONGOOSE] Warning: Duplicate schema index on {"domain":1} found. This is often due to declaring an index using both "index: true" and "schema.index()". Please remove the duplicate index definition.
(Use `node --trace-warnings ...` to show where the warning was created)
2026-07-18T10:12:40: [OK] MongoDB Atlas connected: cluster0-shard-00-00.rwmqt.mongodb.net
2026-07-18T10:12:43: [OK] Admin password synced
2026-07-18T10:12:44: [DATA-RETENTION] Starting data retention scheduler (interval: 1h)
2026-07-18T10:12:44: [REPORT-SCHEDULER] Starting report scheduler (interval: 1h)
2026-07-18T10:12:46: [Agent] Pre-compilando agentes para todas las plataformas...
2026-07-18T10:12:46:   [OK] win-x64 (15.7 MB)
2026-07-18T10:12:46:   [OK] linux-x64 (15.2 MB)
2026-07-18T10:12:47:   [OK] mac-x64 (15.5 MB)
2026-07-18T10:12:47:   [OK] mac-arm64 (14.8 MB)
2026-07-18T10:12:47: ╔══════════════════════════════════════╗
2026-07-18T10:12:47: ║     Compliance API                       ║
2026-07-18T10:12:47: ╚══════════════════════════════════════╝
2026-07-18T10:12:47: [Agent] Pre-compilación completada: 4/4 plataformas
2026-07-18T10:12:47: (node:1633248) [MONGOOSE] Warning: Duplicate schema index on {"domain":1} found. This is often due to declaring an index using both "index: true" and "schema.index()". Please remove the duplicate index definition.
(Use `node --trace-warnings ...` to show where the warning was created)
2026-07-18T10:12:49: [OK] MongoDB Atlas connected: cluster0-shard-00-02.rwmqt.mongodb.net
2026-07-18T10:12:52: [OK] Admin password synced
2026-07-18T10:12:53: [DATA-RETENTION] Starting data retention scheduler (interval: 1h)
2026-07-18T10:12:53: [REPORT-SCHEDULER] Starting report scheduler (interval: 1h)
2026-07-18T10:12:54: [Agent] Pre-compilando agentes para todas las plataformas...
2026-07-18T10:12:55:   [OK] win-x64 (15.7 MB)
2026-07-18T10:12:55:   [OK] linux-x64 (15.2 MB)
2026-07-18T10:12:55:   [OK] mac-x64 (15.5 MB)
2026-07-18T10:12:56:   [OK] mac-arm64 (14.8 MB)
2026-07-18T10:12:56: ╔══════════════════════════════════════╗
2026-07-18T10:12:56: ║     Compliance API                       ║
2026-07-18T10:12:56: ╚══════════════════════════════════════╝
2026-07-18T10:12:56: [Agent] Pre-compilación completada: 4/4 plataformas
2026-07-18T10:12:56: (node:1633386) [MONGOOSE] Warning: Duplicate schema index on {"domain":1} found. This is often due to declaring an index using both "index: true" and "schema.index()". Please remove the duplicate index definition.
(Use `node --trace-warnings ...` to show where the warning was created)
2026-07-18T10:12:57: [OK] MongoDB Atlas connected: cluster0-shard-00-01.rwmqt.mongodb.net
2026-07-18T10:13:01: [OK] Admin password synced
2026-07-18T10:13:02: [DATA-RETENTION] Starting data retention scheduler (interval: 1h)
2026-07-18T10:13:02: [REPORT-SCHEDULER] Starting report scheduler (interval: 1h)
2026-07-18T10:13:03: [Agent] Pre-compilando agentes para todas las plataformas...
2026-07-18T10:13:03:   [OK] win-x64 (15.7 MB)
2026-07-18T10:13:04:   [OK] linux-x64 (15.2 MB)
2026-07-18T10:13:04:   [OK] mac-x64 (15.5 MB)
2026-07-18T10:13:04:   [OK] mac-arm64 (14.8 MB)
2026-07-18T10:13:04: ╔══════════════════════════════════════╗
2026-07-18T10:13:04: ║     Compliance API                       ║
2026-07-18T10:13:04: ╚══════════════════════════════════════╝
2026-07-18T10:13:04: [Agent] Pre-compilación completada: 4/4 plataformas
2026-07-18T10:13:04: (node:1633533) [MONGOOSE] Warning: Duplicate schema index on {"domain":1} found. This is often due to declaring an index using both "index: true" and "schema.index()". Please remove the duplicate index definition.
(Use `node --trace-warnings ...` to show where the warning was created)
2026-07-18T10:13:06: [OK] MongoDB Atlas connected: cluster0-shard-00-02.rwmqt.mongodb.net
2026-07-18T10:13:09: [OK] Admin password synced
2026-07-18T10:13:11: [DATA-RETENTION] Starting data retention scheduler (interval: 1h)
2026-07-18T10:13:11: [REPORT-SCHEDULER] Starting report scheduler (interval: 1h)
2026-07-18T10:13:13: [Agent] Pre-compilando agentes para todas las plataformas...
2026-07-18T10:13:13:   [OK] win-x64 (15.7 MB)
2026-07-18T10:13:13:   [OK] linux-x64 (15.2 MB)
2026-07-18T10:13:14:   [OK] mac-x64 (15.5 MB)
2026-07-18T10:13:14:   [OK] mac-arm64 (14.8 MB)
2026-07-18T10:13:14: ╔══════════════════════════════════════╗
2026-07-18T10:13:14: ║     Compliance API                       ║
2026-07-18T10:13:14: ╚══════════════════════════════════════╝
2026-07-18T10:13:14: [Agent] Pre-compilación completada: 4/4 plataformas
2026-07-18T10:13:14: (node:1633680) [MONGOOSE] Warning: Duplicate schema index on {"domain":1} found. This is often due to declaring an index using both "index: true" and "schema.index()". Please remove the duplicate index definition.
(Use `node --trace-warnings ...` to show where the warning was created)
2026-07-18T10:13:15: [OK] MongoDB Atlas connected: cluster0-shard-00-01.rwmqt.mongodb.net
2026-07-18T10:13:19: [OK] Admin password synced
2026-07-18T10:13:21: [DATA-RETENTION] Starting data retention scheduler (interval: 1h)
2026-07-18T10:13:21: [REPORT-SCHEDULER] Starting report scheduler (interval: 1h)
2026-07-18T10:13:22: [Agent] Pre-compilando agentes para todas las plataformas...
2026-07-18T10:13:22:   [OK] win-x64 (15.7 MB)
2026-07-18T10:13:23:   [OK] linux-x64 (15.2 MB)
2026-07-18T10:13:23:   [OK] mac-x64 (15.5 MB)
2026-07-18T10:13:23:   [OK] mac-arm64 (14.8 MB)
2026-07-18T10:13:23: ╔══════════════════════════════════════╗
2026-07-18T10:13:23: ║     Compliance API                       ║
2026-07-18T10:13:23: ╚══════════════════════════════════════╝
2026-07-18T10:13:23: [Agent] Pre-compilación completada: 4/4 plataformas
2026-07-18T10:13:23: (node:1633828) [MONGOOSE] Warning: Duplicate schema index on {"domain":1} found. This is often due to declaring an index using both "index: true" and "schema.index()". Please remove the duplicate index definition.
(Use `node --trace-warnings ...` to show where the warning was created)
2026-07-18T10:13:25: [OK] MongoDB Atlas connected: cluster0-shard-00-01.rwmqt.mongodb.net
2026-07-18T10:13:28: [OK] Admin password synced
2026-07-18T10:13:29: [DATA-RETENTION] Starting data retention scheduler (interval: 1h)
2026-07-18T10:13:29: [REPORT-SCHEDULER] Starting report scheduler (interval: 1h)
2026-07-18T10:13:30: [Agent] Pre-compilando agentes para todas las plataformas...
2026-07-18T10:13:31:   [OK] win-x64 (15.7 MB)
2026-07-18T10:13:31:   [OK] linux-x64 (15.2 MB)
2026-07-18T10:13:31:   [OK] mac-x64 (15.5 MB)
2026-07-18T10:13:32:   [OK] mac-arm64 (14.8 MB)
2026-07-18T10:13:32: ╔══════════════════════════════════════╗
2026-07-18T10:13:32: ║     Compliance API                       ║
2026-07-18T10:13:32: ╚══════════════════════════════════════╝
2026-07-18T10:13:32: [Agent] Pre-compilación completada: 4/4 plataformas
2026-07-18T10:13:32: (node:1633973) [MONGOOSE] Warning: Duplicate schema index on {"domain":1} found. This is often due to declaring an index using both "index: true" and "schema.index()". Please remove the duplicate index definition.
(Use `node --trace-warnings ...` to show where the warning was created)
2026-07-18T10:13:33: [OK] MongoDB Atlas connected: cluster0-shard-00-02.rwmqt.mongodb.net
2026-07-18T10:13:37: [OK] Admin password synced
2026-07-18T10:13:39: [DATA-RETENTION] Starting data retention scheduler (interval: 1h)
2026-07-18T10:13:39: [REPORT-SCHEDULER] Starting report scheduler (interval: 1h)
2026-07-18T10:13:40: [Agent] Pre-compilando agentes para todas las plataformas...
2026-07-18T10:13:40:   [OK] win-x64 (15.7 MB)
2026-07-18T10:13:41:   [OK] linux-x64 (15.2 MB)
2026-07-18T10:13:41:   [OK] mac-x64 (15.5 MB)
2026-07-18T10:13:41:   [OK] mac-arm64 (14.8 MB)
2026-07-18T10:13:41: ╔══════════════════════════════════════╗
2026-07-18T10:13:41: ║     Compliance API                       ║
2026-07-18T10:13:41: ╚══════════════════════════════════════╝
2026-07-18T10:13:41: [Agent] Pre-compilación completada: 4/4 plataformas
2026-07-18T10:13:41: (node:1634119) [MONGOOSE] Warning: Duplicate schema index on {"domain":1} found. This is often due to declaring an index using both "index: true" and "schema.index()". Please remove the duplicate index definition.
(Use `node --trace-warnings ...` to show where the warning was created)
2026-07-18T10:13:43: [OK] MongoDB Atlas connected: cluster0-shard-00-02.rwmqt.mongodb.net
2026-07-18T10:13:46: [OK] Admin password synced
2026-07-18T10:13:47: [DATA-RETENTION] Starting data retention scheduler (interval: 1h)
2026-07-18T10:13:47: [REPORT-SCHEDULER] Starting report scheduler (interval: 1h)
2026-07-18T10:13:47: [SERVER] Running on http://localhost:3838
2026-07-18T10:18:47: [DATA-RETENTION] Running retention check...
2026-07-18T10:18:49: [DATA-RETENTION] Check complete. 0 consent(s) revoked across 6 user(s)
2026-07-18T10:42:10: [Agent] Pre-compilando agentes para todas las plataformas...
2026-07-18T10:42:11:   [OK] win-x64 (15.7 MB)
2026-07-18T10:42:11:   [OK] linux-x64 (15.2 MB)
2026-07-18T10:42:11:   [OK] mac-x64 (15.5 MB)
2026-07-18T10:42:12:   [OK] mac-arm64 (14.8 MB)
2026-07-18T10:42:12: ╔══════════════════════════════════════╗
2026-07-18T10:42:12: ║     Compliance API                       ║
2026-07-18T10:42:12: ╚══════════════════════════════════════╝
2026-07-18T10:42:12: [Agent] Pre-compilación completada: 4/4 plataformas
2026-07-18T10:42:12: (node:1638723) [MONGOOSE] Warning: Duplicate schema index on {"domain":1} found. This is often due to declaring an index using both "index: true" and "schema.index()". Please remove the duplicate index definition.
(Use `node --trace-warnings ...` to show where the warning was created)
2026-07-18T10:42:14: [OK] MongoDB Atlas connected: cluster0-shard-00-02.rwmqt.mongodb.net
2026-07-18T10:42:17: [OK] Admin password synced
2026-07-18T10:42:19: [SERVER] Marked 2 agent(s) as offline (server restart)
2026-07-18T10:42:19: [DATA-RETENTION] Starting data retention scheduler (interval: 1h)
2026-07-18T10:42:19: [REPORT-SCHEDULER] Starting report scheduler (interval: 1h)
2026-07-18T10:42:19: [SERVER] Running on http://localhost:3838
2026-07-18T10:43:52: [Agent] Pre-compilando agentes para todas las plataformas...
2026-07-18T10:43:52:   [OK] win-x64 (15.7 MB)
2026-07-18T10:43:52:   [OK] linux-x64 (15.2 MB)
2026-07-18T10:43:53:   [OK] mac-x64 (15.5 MB)
2026-07-18T10:43:53:   [OK] mac-arm64 (14.8 MB)
2026-07-18T10:43:53: ╔══════════════════════════════════════╗
2026-07-18T10:43:53: ║     Compliance API                       ║
2026-07-18T10:43:53: ╚══════════════════════════════════════╝
2026-07-18T10:43:53: [Agent] Pre-compilación completada: 4/4 plataformas
2026-07-18T10:43:53: (node:1639271) [MONGOOSE] Warning: Duplicate schema index on {"domain":1} found. This is often due to declaring an index using both "index: true" and "schema.index()". Please remove the duplicate index definition.
(Use `node --trace-warnings ...` to show where the warning was created)
2026-07-18T10:43:55: [OK] MongoDB Atlas connected: cluster0-shard-00-01.rwmqt.mongodb.net
2026-07-18T10:43:58: [OK] Admin password synced
2026-07-18T10:43:59: [SERVER] Marked 2 agent(s) as offline (server restart)
2026-07-18T10:43:59: [DATA-RETENTION] Starting data retention scheduler (interval: 1h)
2026-07-18T10:43:59: [REPORT-SCHEDULER] Starting report scheduler (interval: 1h)
2026-07-18T10:43:59: [SERVER] Running on http://localhost:3838
2026-07-18T10:48:59: [DATA-RETENTION] Running retention check...
2026-07-18T10:49:01: [DATA-RETENTION] Check complete. 0 consent(s) revoked across 6 user(s)
2026-07-18T10:49:43: [Agent] Pre-compilando agentes para todas las plataformas...
2026-07-18T10:49:43:   [OK] win-x64 (15.7 MB)
2026-07-18T10:49:43:   [OK] linux-x64 (15.2 MB)
2026-07-18T10:49:44:   [OK] mac-x64 (15.5 MB)
2026-07-18T10:49:44:   [OK] mac-arm64 (14.8 MB)
2026-07-18T10:49:44: ╔══════════════════════════════════════╗
2026-07-18T10:49:44: ║     Compliance API                       ║
2026-07-18T10:49:44: ╚══════════════════════════════════════╝
2026-07-18T10:49:44: [Agent] Pre-compilación completada: 4/4 plataformas
2026-07-18T10:49:44: (node:1640643) [MONGOOSE] Warning: Duplicate schema index on {"domain":1} found. This is often due to declaring an index using both "index: true" and "schema.index()". Please remove the duplicate index definition.
(Use `node --trace-warnings ...` to show where the warning was created)
2026-07-18T10:49:46: [OK] MongoDB Atlas connected: cluster0-shard-00-02.rwmqt.mongodb.net
2026-07-18T10:49:49: [OK] Admin password synced
2026-07-18T10:49:49: [SERVER] Marked 2 agent(s) as offline (server restart)
2026-07-18T10:49:50: [DATA-RETENTION] Starting data retention scheduler (interval: 1h)
2026-07-18T10:49:50: [REPORT-SCHEDULER] Starting report scheduler (interval: 1h)
2026-07-18T10:49:50: [SERVER] Running on http://localhost:3838
2026-07-18T10:54:27: [Agent] Pre-compilando agentes para todas las plataformas...
2026-07-18T10:54:28:   [OK] win-x64 (15.7 MB)
2026-07-18T10:54:28:   [OK] linux-x64 (15.2 MB)
2026-07-18T10:54:28:   [OK] mac-x64 (15.5 MB)
2026-07-18T10:54:29:   [OK] mac-arm64 (14.8 MB)
2026-07-18T10:54:29: ╔══════════════════════════════════════╗
2026-07-18T10:54:29: ║     Compliance API                       ║
2026-07-18T10:54:29: ╚══════════════════════════════════════╝
2026-07-18T10:54:29: [Agent] Pre-compilación completada: 4/4 plataformas
2026-07-18T10:54:29: (node:1641895) [MONGOOSE] Warning: Duplicate schema index on {"domain":1} found. This is often due to declaring an index using both "index: true" and "schema.index()". Please remove the duplicate index definition.
(Use `node --trace-warnings ...` to show where the warning was created)
2026-07-18T10:54:30: [OK] MongoDB Atlas connected: cluster0-shard-00-02.rwmqt.mongodb.net
2026-07-18T10:54:34: [OK] Admin password synced
2026-07-18T10:54:34: [SERVER] Marked 2 agent(s) as offline (server restart)
2026-07-18T10:54:35: [DATA-RETENTION] Starting data retention scheduler (interval: 1h)
2026-07-18T10:54:35: [REPORT-SCHEDULER] Starting report scheduler (interval: 1h)
2026-07-18T10:54:35: [SERVER] Running on http://localhost:3838
2026-07-18T10:59:35: [DATA-RETENTION] Running retention check...
2026-07-18T10:59:36: [DATA-RETENTION] Check complete. 0 consent(s) revoked across 6 user(s)
2026-07-18T11:54:35: [DATA-RETENTION] Running retention check...
2026-07-18T11:54:36: [DATA-RETENTION] Check complete. 0 consent(s) revoked across 6 user(s)
2026-07-18T12:54:35: [DATA-RETENTION] Running retention check...
2026-07-18T12:54:36: [DATA-RETENTION] Check complete. 0 consent(s) revoked across 6 user(s)
2026-07-18T13:54:35: [DATA-RETENTION] Running retention check...
2026-07-18T13:54:36: [DATA-RETENTION] Check complete. 0 consent(s) revoked across 6 user(s)
2026-07-18T14:54:35: [DATA-RETENTION] Running retention check...
2026-07-18T14:54:36: [DATA-RETENTION] Check complete. 0 consent(s) revoked across 6 user(s)
2026-07-18T15:54:35: [DATA-RETENTION] Running retention check...
2026-07-18T15:54:36: [DATA-RETENTION] Check complete. 0 consent(s) revoked across 6 user(s)
2026-07-18T16:54:35: [DATA-RETENTION] Running retention check...
2026-07-18T16:54:36: [DATA-RETENTION] Check complete. 0 consent(s) revoked across 6 user(s)
2026-07-18T17:54:35: [DATA-RETENTION] Running retention check...
2026-07-18T17:54:36: [DATA-RETENTION] Check complete. 0 consent(s) revoked across 6 user(s)
2026-07-18T18:54:35: [DATA-RETENTION] Running retention check...
2026-07-18T18:54:36: [DATA-RETENTION] Check complete. 0 consent(s) revoked across 6 user(s)
